cards,scenario,variant,cost,seconds,seeds,dps,dpsMin,dpsMax,kills,controlFraction,healing,selfDamage,xp,casts,applications,meanCooldown,firstDamage,maxEntities
,single,,0,60,3,0,0,0,0,0,0,0,0,0,0,0,,0
self,single,,1,60,3,0,0,0,0,0,0,0,0,0,0,0,,0
enemies,single,,6,60,3,0,0,0,0,0,0,0,0,0,0,0,,0
ahead,single,,1,60,3,0,0,0,0,0,0,0,0,0,0,0,,0
behind,single,,1,60,3,0,0,0,0,0,0,0,0,0,0,0,,0
randomPoint,single,,1,60,3,0,0,0,0,0,0,0,0,0,0,0,,0
fallen,single,,2,60,3,0,0,0,0,0,0,0,0,0,0,0,,0
objects,single,,3,60,3,1.7666666666666666,1.7666666666666666,1.7666666666666666,1,0,0,0,0,0,0,0,0.2333333333333333,2
allies,single,,3,60,3,3.1333333333333333,3.1333333333333333,3.1333333333333333,2,0,0,0,0,0,0,0,0.2333333333333333,3
zones,single,,3,60,3,0.8000000000000002,0.8,0.8,0,0,0,0,0,0,0,0,0.03333333333333333,1
shots,single,,3,60,3,0,0,0,0,0,0,0,0,0,0,0,,1
gems,single,,2,60,3,0,0,0,0,0,0,0,0,0,0,0,,1
prey,single,,2,60,3,0,0,0,0,0,0,0,0,0,0,0,,0
lastHit,single,,1,60,3,0,0,0,0,0,0,0,0,0,0,0,,0
all,single,,5,60,3,5.566666666666666,5.566666666666666,5.566666666666666,4,0,0,0,0,0,0,0,0.03333333333333333,8.333333333333334
nearestEnemy,single,,1,60,3,0,0,0,0,0,0,0,0,0,0,0,,0
woundedEnemies,single,,3,60,3,0,0,0,0,0,0,0,0,0,0,0,,0
pickups,single,,2,60,3,0,0,0,0,0,0,0,0,0,0,0,,1
self > bolt,single,,2,60,3,20.722222222222225,18.666666666666668,24.833333333333332,17.666666666666668,0,0,0,0,65,65,0.7000000000000005,0.39999999999999997,19.666666666666668
self > slash,single,,3,60,3,0,0,0,0,0,0,1152,0,48,48,1.0499999999999992,,0
self > explode,single,,3,60,3,0,0,0,0,0,0,1118,0,43,43,1.0499999999999994,,0
self > frost,single,,3,60,3,0,0,0,0,0,0,100,0,25,25,1.0500000000000005,,0
self > poison,single,,4,60,3,0,0,0,0,0,0,486,0,35,35,1.3999999999999992,,3
self > vortex,single,,3,60,3,0,0,0,0,0,0,0,0,43,43,1.0499999999999994,,2
self > shockwave,single,,2,60,3,0,0,0,0,0,0,708,0,58,58,0.7000000000000003,,0
self > summon,single,,4,60,3,88.5,88.5,88.5,75,0,0,0,0,33,33,1.3999999999999992,0.811111111111111,82.33333333333333
self > heal,single,,4,60,3,0,0,0,0,0,50,0,0,35,35,1.3999999999999992,,0
self > mend,single,,4,60,3,0,0,0,0,0,50,0,0,35,35,1.3999999999999992,,0
self > shield,single,,3,60,3,0,0,0,0,0,0,0,0,43,43,1.0499999999999994,,0
self > haste,single,,3,60,3,0,0,0,0,0,0,0,0,46,46,1.0499999999999994,,0
self > scatter,single,,3,60,3,0,0,0,0,0,0,230,0,46,46,1.0499999999999994,,0
self > lance,single,,3,60,3,0,0,0,0,0,0,752,0,46,46,1.0499999999999994,,0
self > amplify,single,,3,60,3,0,0,0,0,0,0,0,0,46,46,1.0499999999999994,,0
self > regen,single,,3,60,3,0,0,0,0,0,50,0,0,46,46,1.0499999999999994,,0
self > armor,single,,3,60,3,0,0,0,0,0,0,0,0,46,46,1.0499999999999994,,0
self > orb,single,,3,60,3,0,0,0,0,0,0,0,0,46,46,1.0499999999999994,,7
self > mine,single,,3,60,3,0,0,0,0,0,0,0,0,46,46,1.0499999999999994,,12
self > turret,single,,4,60,3,82.83333333333333,82.83333333333333,82.83333333333333,71,0,0,0,0,34,34,1.3999999999999992,0.5333333333333333,84.66666666666667
self > decoy,single,,4,60,3,0,0,0,0,0,0,0,0,35,35,1.3999999999999992,,4
self > boomerang,single,,3,60,3,0,0,0,0,0,0,752,0,46,46,1.0499999999999994,,0
self > homing,single,,3,60,3,0,0,0,0,0,0,230,0,46,46,1.0499999999999994,,0
self > laser,single,,3,60,3,0,0,0,0,0,0,688,0,43,43,1.0499999999999994,,0
self > chain,single,,3,60,3,0,0,0,0,0,0,0,0,43,43,1.0499999999999994,,0
self > meteor,single,,3,60,3,0,0,0,0,0,0,2064,0,43,43,1.0499999999999994,,1
self > blades,single,,4,60,3,0,0,0,0,0,0,896,0,35,35,1.3999999999999992,,3
self > root,single,,3,60,3,0,0,0,0,0,0,0,0,46,46,1.0499999999999994,,0
self > mark,single,,2,60,3,0,0,0,0,0,0,0,0,70,70,0.7000000000000007,,0
self > burn,single,,3,60,3,0,0,0,0,0,0,113,0,46,46,1.0499999999999994,,0
self > fear,single,,3,60,3,0,0,0,0,0,0,0,0,46,46,1.0499999999999994,,0
self > execute,single,,3,60,3,0,0,0,0,0,0,0,0,46,46,1.0499999999999994,,0
self > drain,single,,3,60,3,0,0,0,0,0,0,230,0,46,46,1.0499999999999994,,0
self > blink,single,,3,60,3,0,0,0,0,0,0,0,0,44,44,1.0499999999999994,,0
self > dash,single,,3,60,3,0,0,0,0,0,0,0,0,44,44,1.0499999999999994,,0
self > archer,single,,4,60,3,81.16666666666667,81.16666666666667,81.16666666666667,69,0,0,0,0,33,33,1.3999999999999992,0.5111111111111111,80
self > rally,single,,3,60,3,0,0,0,0,0,0,0,0,46,46,1.0499999999999994,,0
self > ward,single,,5,60,3,0,0,0,0,0,0,0,0,28,28,1.75,,2
self > spread,single,,2,60,3,0,0,0,0,0,0,0,0,62,62,0.7000000000000005,,0
self > snipe,single,,4,60,3,0,0,0,0,0,0,0,0,35,35,1.3999999999999992,,0
self > split,single,,2,60,3,0,0,0,0,0,0,0,0,58,58,0.7000000000000003,,6
enemies > bolt,single,,7,60,3,8.833333333333334,8.833333333333334,8.833333333333334,7,0,0,0,0,23,23,2.450000000000001,0.36666666666666664,8
enemies > slash,single,,8,60,3,7.8,7.8,7.8,6,0,0,0,0,20,20,2.799999999999999,0.06666666666666667,6
enemies > explode,single,,8,60,3,7.866666666666666,7.866666666666666,7.866666666666666,6,0,0,0,0,20,20,2.799999999999999,0.06666666666666667,6
enemies > frost,single,,8,60,3,1.3,1.3,1.3,1,0.32722222222222447,0,0,0,20,20,2.799999999999999,0.06666666666666667,1
enemies > poison,single,,9,60,3,10.233333333333333,10.233333333333333,10.233333333333333,8,0,0,0,0,18,18,3.149999999999999,0.06666666666666667,10
enemies > vortex,single,,8,60,3,0,0,0,0,0,0,0,0,20,20,2.799999999999999,,1
enemies > shockwave,single,,7,60,3,4.3,4.3,4.3,3,0,0,0,0,22,22,2.450000000000001,0.06666666666666667,3
enemies > summon,single,,9,60,3,45.333333333333336,45.333333333333336,45.333333333333336,38,0,0,0,0,21,16,2.519047619047618,0.26666666666666666,41.666666666666664
enemies > heal,single,,9,60,3,0,0,0,0,0,0,0,0,18,18,3.149999999999999,,0
enemies > mend,single,,9,60,3,0,0,0,0,0,0,0,0,18,18,3.149999999999999,,0
enemies > shield,single,,8,60,3,0,0,0,0,0,0,0,0,20,20,2.799999999999999,,0
enemies > haste,single,,8,60,3,0,0,0,0,0,0,0,0,20,20,2.799999999999999,,0
enemies > rage,single,,8,60,3,0,0,0,0,0,0,0,0,20,20,2.799999999999999,,0
enemies > scatter,single,,8,60,3,11.666666666666666,11.666666666666666,11.666666666666666,10,0,0,0,0,20,20,2.799999999999999,0.06666666666666667,10
enemies > lance,single,,8,60,3,4.666666666666667,4.666666666666667,4.666666666666667,4,0,0,0,0,20,20,2.799999999999999,0.06666666666666667,4
enemies > focus,single,,8,60,3,0,0,0,0,0,0,0,0,20,20,2.799999999999999,,0
enemies > amplify,single,,8,60,3,0,0,0,0,0,0,0,0,20,20,2.799999999999999,,0
enemies > prolong,single,,7,60,3,0,0,0,0,0,0,0,0,78,0,0.5,,0
enemies > regen,single,,8,60,3,0,0,0,0,0,0,0,0,20,20,2.799999999999999,,0
enemies > armor,single,,8,60,3,0,0,0,0,0,0,0,0,20,20,2.799999999999999,,0
enemies > pull,single,,7,60,3,0,0,0,0,0,0,0,0,23,23,2.450000000000001,,0
enemies > harvest,single,,8,60,3,0,0,0,0,0,0,0,0,20,20,2.799999999999999,,0
enemies > orb,single,,8,60,3,32.86666666666667,32.86666666666667,32.86666666666667,28,0,0,0,0,20,20,2.799999999999999,0.26666666666666666,31
enemies > mine,single,,8,60,3,11.666666666666666,11.666666666666666,11.666666666666666,10,0,0,0,0,20,20,2.799999999999999,0.5666666666666667,10
enemies > turret,single,,9,60,3,42.75,42.75,42.75,36,0,0,0,0,17,17,3.149999999999999,0.26666666666666666,40.666666666666664
enemies > decoy,single,,9,60,3,0,0,0,0,0,0,0,0,18,18,3.149999999999999,,2
enemies > detonate,single,,7,60,3,26.833333333333332,26.833333333333332,26.833333333333332,23,0,0,0,0,23,23,2.450000000000001,0.06666666666666667,23.333333333333332
enemies > launch,single,,7,60,3,26.833333333333332,26.833333333333332,26.833333333333332,23,0,0,0,0,23,23,2.450000000000001,0.06666666666666667,24.333333333333332
enemies > boomerang,single,,8,60,3,4.666666666666667,4.666666666666667,4.666666666666667,4,0,0,0,0,20,20,2.799999999999999,0.06666666666666667,4
enemies > homing,single,,8,60,3,11.666666666666666,11.666666666666666,11.666666666666666,10,0,0,0,0,20,20,2.799999999999999,0.06666666666666667,10
enemies > laser,single,,8,60,3,4.666666666666667,4.666666666666667,4.666666666666667,4,0,0,0,0,20,20,2.799999999999999,0.06666666666666667,4
enemies > chain,single,,8,60,3,3.9,3.9,3.9,3,0,0,0,0,20,20,2.799999999999999,0.06666666666666667,3
enemies > meteor,single,,8,60,3,11.300000000000002,11.3,11.3,9,0,0,0,0,20,20,2.799999999999999,0.8666666666666666,10
enemies > blades,single,,9,60,3,20.233333333333334,20.233333333333334,20.233333333333334,17,0,0,0,0,18,18,3.149999999999999,0.06666666666666667,18
enemies > root,single,,8,60,3,0,0,0,0,0.6000000000000086,0,0,0,20,20,2.799999999999999,,0
enemies > mark,single,,7,60,3,0,0,0,0,0,0,0,0,24,24,2.450000000000001,,0
enemies > burn,single,,8,60,3,23.316666666666666,23.316666666666666,23.316666666666666,19,0,0,0,0,20,20,2.799999999999999,0.10000000000000002,19.333333333333332
enemies > fear,single,,8,60,3,0,0,0,0,0.0666666666666666,0,0,0,73,2,0.5630136986301371,,0
enemies > execute,single,,8,60,3,11.666666666666666,11.666666666666666,11.666666666666666,10,0,0,0,0,20,20,2.799999999999999,0.06666666666666667,10
enemies > drain,single,,8,60,3,11.666666666666666,11.666666666666666,11.666666666666666,10,0,50,0,0,20,20,2.799999999999999,0.06666666666666667,10
enemies > blink,single,,8,60,3,0,0,0,0,0,0,0,0,64,3,0.6078125,,0
enemies > dash,single,,8,60,3,0,0,0,0,0,0,0,0,64,3,0.6078125,,0
enemies > archer,single,,9,60,3,40.666666666666664,40.666666666666664,40.666666666666664,34,0,0,0,0,19,17,2.8710526315789466,0.26666666666666666,38
enemies > sacrifice,single,,7,60,3,26.833333333333332,26.833333333333332,26.833333333333332,23,0,0,0,0,23,23,2.450000000000001,0.06666666666666667,23.333333333333332
enemies > rally,single,,8,60,3,0,0,0,0,0,0,0,0,20,20,2.799999999999999,,0
enemies > ward,single,,10,60,3,0,0,0,0,0,0,0,0,59,1,0.5508474576271186,,1
enemies > spread,single,,7,60,3,0,0,0,0,0,0,0,0,23,23,2.450000000000001,,0
enemies > snipe,single,,9,60,3,21,21,21,18,0,0,0,0,18,18,3.149999999999999,0.06666666666666667,18
enemies > refresh,single,,7,60,3,0,0,0,0,0,0,0,0,82,0,0.5,,0
enemies > split,single,,7,60,3,0,0,0,0,0,0,0,0,8,255,10.16875,,0
enemies > absorb,single,,7,60,3,26.833333333333332,26.833333333333332,26.833333333333332,23,0,50,0,0,23,23,2.450000000000001,0.06666666666666667,23.333333333333332
enemies > swap,single,,7,60,3,0,0,0,0,0,0,0,0,22,22,2.450000000000001,,0
ahead > bolt,single,,2,60,3,20.722222222222225,18.666666666666668,24.833333333333332,17.666666666666668,0,0,0,0,65,65,0.7000000000000005,0.39999999999999997,19.666666666666668
ahead > poison,single,,4,60,3,26.566666666666666,26.566666666666666,26.566666666666666,22,0,0,0,0,35,35,1.3999999999999992,0.06666666666666667,25.333333333333332
ahead > vortex,single,,3,60,3,0,0,0,0,0,0,0,0,43,43,1.0499999999999994,,2
ahead > summon,single,,4,60,3,94.90000000000002,94.9,94.9,81,0,0,0,0,33,33,1.3999999999999992,0.26666666666666666,90.66666666666667
ahead > orb,single,,3,60,3,75.26666666666667,75.26666666666667,75.26666666666667,64,0,0,0,0,46,46,1.0499999999999994,0.26666666666666666,72.66666666666667
ahead > mine,single,,3,60,3,26.833333333333332,26.833333333333332,26.833333333333332,23,0,0,0,0,46,46,1.0499999999999994,0.5666666666666667,24
ahead > turret,single,,4,60,3,83.13333333333334,83.13333333333334,83.13333333333334,71,0,0,0,0,34,34,1.3999999999999992,0.26666666666666666,81
ahead > decoy,single,,4,60,3,0,0,0,0,0,0,0,0,35,35,1.3999999999999992,,4
ahead > chain,single,,3,60,3,8.366666666666667,8.366666666666667,8.366666666666667,7,0,0,0,0,43,43,1.0499999999999994,0.06666666666666667,7
ahead > meteor,single,,3,60,3,25.3,25.3,25.3,21,0,0,0,0,43,43,1.0499999999999994,0.8666666666666666,22
ahead > blades,single,,4,60,3,57.38888888888889,56.266666666666666,58.733333333333334,49,0,0,0,0,35,35,1.3999999999999992,0.19999999999999998,53.666666666666664
ahead > archer,single,,4,60,3,81.33333333333333,81.33333333333333,81.33333333333333,69,0,0,0,0,33,33,1.3999999999999992,0.26666666666666666,77
ahead > rally,single,,3,60,3,0,0,0,0,0,0,0,0,46,46,1.0499999999999994,,0
ahead > ward,single,,5,60,3,0,0,0,0,0,0,0,0,28,28,1.75,,2
ahead > swap,single,,2,60,3,0,0,0,0,0,0,0,0,58,58,0.7000000000000003,,0
behind > bolt,single,,2,60,3,0,0,0,0,0,0,0,0,65,65,0.7000000000000005,,2
behind > poison,single,,4,60,3,0,0,0,0,0,0,0,0,35,35,1.3999999999999992,,3
behind > vortex,single,,3,60,3,0,0,0,0,0,0,0,0,43,43,1.0499999999999994,,2
behind > summon,single,,4,60,3,81.93333333333334,81.86666666666666,82.06666666666666,70,0,0,0,0,33,33,1.3999999999999992,1.6111111111111127,76.33333333333333
behind > orb,single,,3,60,3,0,0,0,0,0,0,0,0,46,46,1.0499999999999994,,7
behind > mine,single,,3,60,3,0,0,0,0,0,0,0,0,46,46,1.0499999999999994,,12
behind > turret,single,,4,60,3,82.41666666666667,82.41666666666667,82.41666666666667,70,0,0,0,0,34,34,1.3999999999999992,0.7999999999999999,87.33333333333333
behind > decoy,single,,4,60,3,0,0,0,0,0,0,0,0,35,35,1.3999999999999992,,4
behind > chain,single,,3,60,3,0,0,0,0,0,0,0,0,43,43,1.0499999999999994,,0
behind > meteor,single,,3,60,3,0,0,0,0,0,0,0,0,43,43,1.0499999999999994,,1
behind > blades,single,,4,60,3,0,0,0,0,0,0,0,0,35,35,1.3999999999999992,,3
behind > archer,single,,4,60,3,81,81,81,69,0,0,0,0,33,33,1.3999999999999992,0.6777777777777777,81
behind > rally,single,,3,60,3,0,0,0,0,0,0,0,0,46,46,1.0499999999999994,,0
behind > ward,single,,5,60,3,0,0,0,0,0,0,0,0,28,28,1.75,,2
behind > swap,single,,2,60,3,0,0,0,0,0,0,0,0,58,58,0.7000000000000003,,0
randomPoint > bolt,single,,2,60,3,1.1111111111111112,0.6666666666666666,1.5,0.6666666666666666,0,0,0,0,65,65,0.7000000000000005,15.622222222222334,2.6666666666666665
randomPoint > poison,single,,4,60,3,2.866666666666667,0.8,5.466666666666667,2,0,0,0,0,35,35,1.3999999999999992,5.8444444444444335,5
randomPoint > vortex,single,,3,60,3,0,0,0,0,0,0,0,0,43,43,1.0499999999999994,,2
randomPoint > summon,single,,4,60,3,85.17777777777776,84.6,85.56666666666666,72.66666666666667,0,0,0,0,33,33,1.3999999999999992,1.333333333333334,78.33333333333333
randomPoint > orb,single,,3,60,3,2.3444444444444446,1.7666666666666666,3.5,1.6666666666666667,0,0,0,0,46,46,1.0499999999999994,10.666666666666638,8.666666666666666
randomPoint > mine,single,,3,60,3,2.1666666666666665,1.1666666666666667,3.5,1.6666666666666667,0,0,0,0,46,46,1.0499999999999994,10.533333333333307,13.666666666666666
randomPoint > turret,single,,4,60,3,82.70555555555556,82.56666666666666,82.83333333333333,70.33333333333333,0,0,0,0,34,34,1.3999999999999992,0.6888888888888888,84.66666666666667
randomPoint > decoy,single,,4,60,3,0,0,0,0,0,0,0,0,35,35,1.3999999999999992,,4
randomPoint > chain,single,,3,60,3,2.422222222222222,2.1666666666666665,2.933333333333333,1.3333333333333333,0,0,0,0,43,43,1.0499999999999994,3.333333333333329,1.3333333333333333
randomPoint > meteor,single,,3,60,3,5.055555555555555,3.5,5.833333333333333,4.333333333333333,0,0,0,0,43,43,1.0499999999999994,5.5333333333333234,5
randomPoint > blades,single,,4,60,3,6.544444444444444,1.5666666666666667,10.4,5,0,0,0,0,35,35,1.3999999999999992,11.822222222222345,8
randomPoint > archer,single,,4,60,3,80.94444444444444,80.83333333333333,81.16666666666667,69,0,0,0,0,33,33,1.3999999999999992,0.5888888888888889,80.33333333333333
randomPoint > rally,single,,3,60,3,0,0,0,0,0,0,0,0,46,46,1.0499999999999994,,0
randomPoint > ward,single,,5,60,3,0,0,0,0,0,0,0,0,28,28,1.75,,2
randomPoint > swap,single,,2,60,3,0,0,0,0,0,0,0,0,58,58,0.7000000000000003,,0
fallen > bolt,single,,3,60,3,0,0,0,0,0,0,0,0,81,2,0.5135802469135803,,2
fallen > poison,single,,5,60,3,0.8000000000000002,0.8,0.8,0,0,0,0,0,68,1,0.5183823529411765,0.06666666666666667,1
fallen > vortex,single,,4,60,3,0,0,0,0,0,0,0,0,68,1,0.513235294117647,,1
fallen > summon,single,,5,60,3,96.26666666666667,96.26666666666667,96.26666666666667,82,0,0,0,0,25,43,1.969999999999999,0.26666666666666666,90
fallen > orb,single,,4,60,3,85.56666666666666,85.56666666666666,85.56666666666666,73,0,0,0,0,39,54,1.3333333333333341,0.26666666666666666,83
fallen > mine,single,,4,60,3,0.6666666666666666,0.6666666666666666,0.6666666666666666,0,0,0,0,0,77,1,0.5116883116883116,0.5666666666666667,1
fallen > turret,single,,5,60,3,94.23333333333333,94.23333333333333,94.23333333333333,80,0,0,0,0,27,45,1.8166666666666675,0.26666666666666666,96.33333333333333
fallen > decoy,single,,5,60,3,0,0,0,0,0,0,0,0,68,1,0.5183823529411765,,1
fallen > chain,single,,4,60,3,0.20000000000000004,0.2,0.2,0,0,0,0,0,68,1,0.513235294117647,0.06666666666666667,0
fallen > meteor,single,,4,60,3,0.8000000000000002,0.8,0.8,0,0,0,0,0,68,1,0.513235294117647,0.8666666666666666,1
fallen > blades,single,,5,60,3,2.1444444444444444,2.1,2.2333333333333334,1,0,0,0,0,66,2,0.5378787878787878,0.13333333333333333,3
fallen > archer,single,,5,60,3,78.66666666666667,78,79.83333333333333,67,0,0,0,0,26,40.333333333333336,1.9051282051282046,0.26666666666666666,74.66666666666667
fallen > rally,single,,4,60,3,0,0,0,0,0,0,0,0,77,1,0.5116883116883116,,0
fallen > ward,single,,6,60,3,0,0,0,0,0,0,0,0,60,1,0.5266666666666667,,1
fallen > swap,single,,3,60,3,0,0,0,0,0,0,0,0,71,2,0.5154929577464789,,0
objects > bolt,single,,4,60,3,1.7666666666666666,1.7666666666666666,1.7666666666666666,1,0,0,0,0,76,5,0.5592105263157895,0.2333333333333333,3
objects > slash,single,,5,60,3,0.9,0.9,0.9,0,0,0,0,0,77,3,0.5487012987012987,0.2333333333333333,1
objects > explode,single,,5,60,3,0.5,0.5,0.5,0,0,0,0,0,66,2,0.5378787878787878,0.2333333333333333,1
objects > frost,single,,5,60,3,1.7666666666666666,1.7666666666666666,1.7666666666666666,1,0,0,0,0,66,4,0.5757575757575758,0.2333333333333333,2
objects > poison,single,,6,60,3,0.6999999999999998,0.7,0.7,0,0,0,0,0,66,2,0.5484848484848486,0.2333333333333333,3
objects > vortex,single,,5,60,3,0,0,0,0,0,0,0,0,64,4,0.578125,,2
objects > shockwave,single,,4,60,3,1.5666666666666667,1.5666666666666667,1.5666666666666667,1,0,0,0,0,67,5,0.5671641791044776,0.2333333333333333,2
objects > summon,single,,6,60,3,13.833333333333334,13.833333333333334,13.833333333333334,11,0,0,0,0,56,4,0.6142857142857142,0.2333333333333333,13
objects > heal,single,,6,60,3,1.7666666666666666,1.7666666666666666,1.7666666666666666,1,0,0,0,0,62,4,0.6032258064516128,0.2333333333333333,2
objects > mend,single,,6,60,3,1.7666666666666666,1.7666666666666666,1.7666666666666666,1,0,0,0,0,62,4,0.6032258064516128,0.2333333333333333,2
objects > shield,single,,5,60,3,1.7666666666666666,1.7666666666666666,1.7666666666666666,1,0,0,0,0,64,4,0.578125,0.2333333333333333,2
objects > rage,single,,5,60,3,2.6333333333333333,2.6333333333333333,2.6333333333333333,2,0,0,0,0,72,4,0.5694444444444444,0.2333333333333333,3.3333333333333335
objects > scatter,single,,5,60,3,0,0,0,0,0,0,0,0,77,1,0.5162337662337663,,1
objects > lance,single,,5,60,3,1.3666666666666665,1.3666666666666667,1.3666666666666667,1,0,0,0,0,72,4,0.5694444444444444,0.2333333333333333,2
objects > focus,single,,5,60,3,2.933333333333333,2.933333333333333,2.933333333333333,2,0,0,0,0,72,4,0.5694444444444444,0.16666666666666666,3
objects > amplify,single,,5,60,3,1.7666666666666666,1.7666666666666666,1.7666666666666666,1,0,0,0,0,72,4,0.5694444444444444,0.2333333333333333,2
objects > prolong,single,,4,60,3,13.433333333333332,13.433333333333334,13.433333333333334,11,0,0,0,0,37,37,1.3999999999999992,0.2333333333333333,12
objects > regen,single,,5,60,3,1.7666666666666666,1.7666666666666666,1.7666666666666666,1,0,0,0,0,72,4,0.5694444444444444,0.2333333333333333,2
objects > armor,single,,5,60,3,1.7666666666666666,1.7666666666666666,1.7666666666666666,1,0,0,0,0,72,4,0.5694444444444444,0.2333333333333333,2
objects > pull,single,,4,60,3,0,0,0,0,0,0,0,0,73,5,0.5616438356164384,,1
objects > orb,single,,5,60,3,154,154,154,132,0,0,0,0,16,159,3.537500000000001,0.2333333333333333,146
objects > mine,single,,5,60,3,4.466666666666667,4.466666666666667,4.466666666666667,3,0,0,0,0,72,4,0.5694444444444444,0.2333333333333333,5
objects > turret,single,,6,60,3,135.93333333333334,135.93333333333334,135.93333333333334,116,0,0,0,0,12,110,4.958333333333333,0.2333333333333333,135.33333333333334
objects > decoy,single,,6,60,3,1.7666666666666666,1.7666666666666666,1.7666666666666666,1,0,0,0,0,19,71,2.921052631578947,0.2333333333333333,9
objects > detonate,single,,4,60,3,0.75,0.75,0.75,0,0,0,0,0,77,1,0.5116883116883116,0.06666666666666667,1
objects > launch,single,,4,60,3,0.5,0.5,0.5,0,0,0,0,0,81,1,0.5111111111111111,0.06666666666666667,1
objects > boomerang,single,,5,60,3,1.3666666666666665,1.3666666666666667,1.3666666666666667,1,0,0,0,0,72,4,0.5694444444444444,0.2333333333333333,2
objects > homing,single,,5,60,3,0,0,0,0,0,0,0,0,77,1,0.5162337662337663,,1
objects > laser,single,,5,60,3,1.4666666666666666,1.4666666666666666,1.4666666666666666,1,0,0,0,0,64,4,0.578125,0.2333333333333333,2
objects > chain,single,,5,60,3,2.533333333333333,2.533333333333333,2.533333333333333,2,0,0,0,0,64,4,0.578125,0.06666666666666667,3
objects > meteor,single,,5,60,3,0.6999999999999998,0.7,0.7,0,0,0,0,0,66,2,0.5378787878787878,0.2333333333333333,2
objects > blades,single,,6,60,3,0.3,0.3,0.3,0,0,0,0,0,68,1,0.5235294117647059,0.2333333333333333,2
objects > root,single,,5,60,3,1.7666666666666666,1.7666666666666666,1.7666666666666666,1,0,0,0,0,72,4,0.5694444444444444,0.2333333333333333,2
objects > mark,single,,4,60,3,1.7666666666666666,1.7666666666666666,1.7666666666666666,1,0,0,0,0,82,6,0.5658536585365853,0.2333333333333333,2
objects > burn,single,,5,60,3,0.4000000000000001,0.4,0.4,0,0,0,0,0,77,1,0.5162337662337663,0.2333333333333333,1
objects > fear,single,,5,60,3,0,0,0,0,0,0,0,0,72,4,0.5694444444444444,,1
objects > execute,single,,5,60,3,0,0,0,0,0,0,0,0,77,1,0.5162337662337663,,1
objects > drain,single,,5,60,3,0,0,0,0,0,6,0,0,77,1,0.5162337662337663,,1
objects > blink,single,,5,60,3,0,0,0,0,0,0,0,0,66,4,0.5757575757575758,,1
objects > dash,single,,5,60,3,0,0,0,0,0,0,0,0,66,4,0.5757575757575758,,1
objects > archer,single,,6,60,3,12,12,12,10,0,0,0,0,56,4,0.6142857142857142,0.2333333333333333,12.333333333333334
objects > sacrifice,single,,4,60,3,0.6666666666666666,0.6666666666666666,0.6666666666666666,0,0,0,0,0,77,1,0.5116883116883116,0.06666666666666667,1
objects > rally,single,,5,60,3,21.899999999999995,21.9,21.9,18,0,0,0,0,30,30,1.75,0.16666666666666666,19
objects > ward,single,,7,60,3,0,0,0,0,0,0,0,0,56,3,0.6044642857142858,,3
objects > spread,single,,4,60,3,1.7666666666666666,1.7666666666666666,1.7666666666666666,1,0,0,0,0,73,5,0.5616438356164384,0.2333333333333333,2
objects > snipe,single,,6,60,3,0,0,0,0,0,0,0,0,68,1,0.5235294117647059,,1
objects > refresh,single,,4,60,3,13.433333333333332,13.433333333333334,13.433333333333334,11,0,0,0,0,38,38,1.3999999999999992,0.2333333333333333,12
objects > split,single,,4,60,3,4.966666666666667,4.1,6.033333333333333,4,0,0,0,0,65,15,0.5976923076923077,0.2333333333333333,16.333333333333332
objects > absorb,single,,4,60,3,0,0,0,0,0,6,0,0,81,1,0.5111111111111111,,1
objects > swap,single,,4,60,3,0.8000000000000002,0.8,0.8,0,0,0,0,0,67,5,0.5671641791044776,1.9666666666666694,1
allies > bolt,single,,4,60,3,3.1333333333333333,3.1333333333333333,3.1333333333333333,2,0,0,0,0,74,7,0.585135135135135,0.2333333333333333,4
allies > slash,single,,5,60,3,1.1666666666666667,1.1666666666666667,1.1666666666666667,1,0,0,0,0,77,3,0.5487012987012987,0.2333333333333333,2
allies > explode,single,,5,60,3,0.8000000000000002,0.8,0.8,0,0,0,0,0,66,2,0.5378787878787878,0.2333333333333333,1
allies > frost,single,,5,60,3,1.5666666666666667,1.5666666666666667,1.5666666666666667,1,0,0,0,0,65,5,0.5961538461538461,1.2666666666666673,2
allies > poison,single,,6,60,3,1,1,1,0,0,0,0,0,66,2,0.5484848484848486,0.2333333333333333,3
allies > vortex,single,,5,60,3,1,1,1,0,0,0,0,0,62,5,0.6008064516129032,0.2333333333333333,2
allies > shockwave,single,,4,60,3,2.1666666666666665,2.1666666666666665,2.1666666666666665,1,0,0,0,0,67,5,0.5671641791044776,0.2333333333333333,2
allies > summon,single,,6,60,3,103.46666666666665,103.46666666666667,103.46666666666667,88,0,0,0,0,15,79,3.806666666666667,0.2333333333333333,95
allies > heal,single,,6,60,3,3.1333333333333333,3.1333333333333333,3.1333333333333333,2,0,0,0,0,60,5,0.6333333333333333,0.2333333333333333,3
allies > mend,single,,6,60,3,3.1333333333333333,3.1333333333333333,3.1333333333333333,2,0,0,0,0,60,5,0.6333333333333333,0.2333333333333333,3
allies > shield,single,,5,60,3,3.1333333333333333,3.1333333333333333,3.1333333333333333,2,0,0,0,0,62,5,0.6008064516129032,0.2333333333333333,3
allies > haste,single,,5,60,3,3.1333333333333333,3.1333333333333333,3.1333333333333333,2,0,0,0,0,70,5,0.5892857142857143,0.2333333333333333,3
allies > rage,single,,5,60,3,4.666666666666667,4.666666666666667,4.666666666666667,4,0,0,0,0,70,5,0.5892857142857143,0.2333333333333333,5
allies > scatter,single,,5,60,3,0,0,0,0,0,0,0,0,77,1,0.5162337662337663,,1
allies > lance,single,,5,60,3,1.9666666666666666,1.9666666666666666,1.9666666666666666,1,0,0,0,0,72,4,0.5694444444444444,0.2333333333333333,2
allies > focus,single,,5,60,3,4.866666666666666,4.866666666666666,4.866666666666666,4,0,0,0,0,70,5,0.5892857142857143,0.16666666666666666,5
allies > amplify,single,,5,60,3,3.1333333333333333,3.1333333333333333,3.1333333333333333,2,0,0,0,0,70,5,0.5892857142857143,0.2333333333333333,3
allies > prolong,single,,4,60,3,18.5,18.5,18.5,15,0,0,0,0,37,37,1.3999999999999992,0.2333333333333333,16
allies > regen,single,,5,60,3,3.1333333333333333,3.1333333333333333,3.1333333333333333,2,0,0,0,0,70,5,0.5892857142857143,0.2333333333333333,3
allies > armor,single,,5,60,3,3.1333333333333333,3.1333333333333333,3.1333333333333333,2,0,0,0,0,70,5,0.5892857142857143,0.2333333333333333,3
allies > pull,single,,4,60,3,2.3333333333333335,2.3333333333333335,2.3333333333333335,2,0,0,0,0,71,7,0.5887323943661972,0.8222222222222223,3
allies > orb,single,,5,60,3,11.6,11.6,11.6,9,0,0,0,0,70,5,0.5892857142857143,0.2333333333333333,12.333333333333334
allies > mine,single,,5,60,3,6.033333333333334,6.033333333333333,6.033333333333333,5,0,0,0,0,70,5,0.5892857142857143,0.2333333333333333,6
allies > turret,single,,6,60,3,13.583333333333334,13.583333333333334,13.583333333333334,11,0,0,0,0,58,4,0.6103448275862069,0.2333333333333333,13.666666666666666
allies > decoy,single,,6,60,3,3.1333333333333333,3.1333333333333333,3.1333333333333333,2,0,0,0,0,60,5,0.6333333333333333,0.2333333333333333,6.333333333333333
allies > detonate,single,,4,60,3,0.75,0.75,0.75,0,0,0,0,0,77,1,0.5116883116883116,0.06666666666666667,1
allies > launch,single,,4,60,3,0.5,0.5,0.5,0,0,0,0,0,81,1,0.5111111111111111,0.06666666666666667,1
allies > boomerang,single,,5,60,3,1.9666666666666666,1.9666666666666666,1.9666666666666666,1,0,0,0,0,72,4,0.5694444444444444,0.2333333333333333,2
allies > homing,single,,5,60,3,0,0,0,0,0,0,0,0,77,1,0.5162337662337663,,1
allies > laser,single,,5,60,3,1.9666666666666666,1.9666666666666666,1.9666666666666666,1,0,0,0,0,64,4,0.578125,0.2333333333333333,2
allies > chain,single,,5,60,3,4.1,4.1,4.1,3,0,0,0,0,62,5,0.6008064516129032,0.06666666666666667,4
allies > meteor,single,,5,60,3,1,1,1,0,0,0,0,0,66,2,0.5378787878787878,0.2333333333333333,2
allies > blades,single,,6,60,3,0.4000000000000001,0.4,0.4,0,0,0,0,0,68,1,0.5235294117647059,0.2333333333333333,2
allies > root,single,,5,60,3,3.1333333333333333,3.1333333333333333,3.1333333333333333,2,0,0,0,0,70,5,0.5892857142857143,0.2333333333333333,3
allies > mark,single,,4,60,3,3.1333333333333333,3.1333333333333333,3.1333333333333333,2,0,0,0,0,81,7,0.5777777777777777,0.2333333333333333,3
allies > burn,single,,5,60,3,0.6,0.6,0.6,0,0,0,0,0,77,1,0.5162337662337663,0.2333333333333333,1
allies > fear,single,,5,60,3,0.20000000000000004,0.2,0.2,0,0,0,0,0,70,5,0.5892857142857143,0.2333333333333333,1
allies > execute,single,,5,60,3,0,0,0,0,0,0,0,0,77,1,0.5162337662337663,,1
allies > drain,single,,5,60,3,0,0,0,0,0,6,0,0,77,1,0.5162337662337663,,1
allies > blink,single,,5,60,3,2.6666666666666665,2.533333333333333,2.7333333333333334,2,0,0,0,0,65,5,0.5961538461538461,0.8333333333333334,3
allies > dash,single,,5,60,3,2.533333333333333,2.533333333333333,2.533333333333333,2,0,0,0,0,65,5,0.5961538461538461,0.8999999999999999,3
allies > archer,single,,6,60,3,88.38888888888887,88.33333333333333,88.5,75,0,0,0,0,15,79,3.806666666666667,0.2333333333333333,86.66666666666667
allies > sacrifice,single,,4,60,3,0.6666666666666666,0.6666666666666666,0.6666666666666666,0,0,0,0,0,77,1,0.5116883116883116,0.06666666666666667,1
allies > rally,single,,5,60,3,29.166666666666668,29.166666666666668,29.166666666666668,25,0,0,0,0,30,30,1.75,0.16666666666666666,26
allies > ward,single,,7,60,3,0.20000000000000004,0.2,0.2,0,0,0,0,0,54,4,0.6444444444444444,0.2333333333333333,3
allies > spread,single,,4,60,3,3.1333333333333333,3.1333333333333333,3.1333333333333333,2,0,0,0,0,71,7,0.5887323943661972,0.2333333333333333,3
allies > snipe,single,,6,60,3,0,0,0,0,0,0,0,0,68,1,0.5235294117647059,,1
allies > refresh,single,,4,60,3,18.5,18.5,18.5,15,0,0,0,0,38,38,1.3999999999999992,0.2333333333333333,16
allies > split,single,,4,60,3,16.333333333333332,16.333333333333332,16.333333333333332,14,0,0,0,0,63,19,0.626984126984127,0.2333333333333333,20.333333333333332
allies > absorb,single,,4,60,3,0,0,0,0,0,6,0,0,81,1,0.5111111111111111,,1
allies > swap,single,,4,60,3,2.933333333333333,2.933333333333333,2.933333333333333,2,0,0,0,12,66,6,0.5818181818181818,0.8222222222222223,2
zones > bolt,single,,4,60,3,0.8000000000000002,0.8,0.8,0,0,0,0,0,78,3,0.5346153846153846,0.03333333333333333,2
zones > slash,single,,5,60,3,0.10000000000000002,0.1,0.1,0,0,0,0,0,80,1,0.515625,0.03333333333333333,1
zones > explode,single,,5,60,3,0.10000000000000002,0.1,0.1,0,0,0,0,0,68,1,0.5183823529411765,0.03333333333333333,1
zones > frost,single,,5,60,3,0.8000000000000002,0.8,0.8,0,0,0,0,0,69,2,0.5362318840579711,0.03333333333333333,1
zones > poison,single,,6,60,3,0.10000000000000002,0.1,0.1,0,0,0,0,0,68,1,0.5235294117647059,0.03333333333333333,1
zones > vortex,single,,5,60,3,0.10000000000000002,0.1,0.1,0,0,0,0,0,66,2,0.5378787878787878,0.03333333333333333,2
zones > shockwave,single,,4,60,3,0.10000000000000002,0.1,0.1,0,0,0,0,0,71,1,0.5126760563380282,0.03333333333333333,1
zones > summon,single,,6,60,3,6.833333333333333,6.833333333333333,6.833333333333333,5,0,0,0,0,59,2,0.5542372881355933,0.03333333333333333,7
zones > rage,single,,5,60,3,1.15,1.15,1.15,0,0,0,0,0,75,2,0.5333333333333333,0.03333333333333333,1
zones > scatter,single,,5,60,3,0.10000000000000002,0.1,0.1,0,0,0,0,0,77,1,0.5162337662337663,0.03333333333333333,1
zones > lance,single,,5,60,3,0.10000000000000002,0.1,0.1,0,0,0,0,0,77,1,0.5162337662337663,0.03333333333333333,1
zones > focus,single,,5,60,3,1.2666666666666666,1.2666666666666666,1.2666666666666666,1,0,0,0,0,75,2,0.5333333333333333,0.03333333333333333,2
zones > amplify,single,,5,60,3,0.8000000000000002,0.8,0.8,0,0,0,0,0,75,2,0.5333333333333333,0.03333333333333333,1
zones > prolong,single,,4,60,3,11.666666666666666,11.666666666666666,11.666666666666666,10,0,0,0,0,37,37,1.3999999999999992,0.03333333333333333,11
zones > pull,single,,4,60,3,0.10000000000000002,0.1,0.1,0,0,0,0,0,75,3,0.536,0.03333333333333333,1
zones > orb,single,,5,60,3,4.3,4.3,4.3,3,0,0,0,0,75,2,0.5333333333333333,0.03333333333333333,5.333333333333333
zones > mine,single,,5,60,3,2.1333333333333333,2.1333333333333333,2.1333333333333333,1,0,0,0,0,75,2,0.5333333333333333,0.03333333333333333,3
zones > turret,single,,6,60,3,6.283333333333334,6.283333333333333,6.283333333333333,5,0,0,0,0,61,2,0.5524590163934426,0.03333333333333333,7
zones > decoy,single,,6,60,3,0.8000000000000002,0.8,0.8,0,0,0,0,0,66,2,0.5484848484848486,0.03333333333333333,3
zones > detonate,single,,4,60,3,1.1666666666666667,1.1666666666666667,1.1666666666666667,1,0,0,0,0,77,1,0.5116883116883116,0.03333333333333333,1
zones > launch,single,,4,60,3,0.6,0.6,0.6,0,0,0,0,0,81,1,0.5111111111111111,0.03333333333333333,1
zones > boomerang,single,,5,60,3,0.10000000000000002,0.1,0.1,0,0,0,0,0,77,1,0.5162337662337663,0.03333333333333333,1
zones > homing,single,,5,60,3,0.10000000000000002,0.1,0.1,0,0,0,0,0,77,1,0.5162337662337663,0.03333333333333333,1
zones > laser,single,,5,60,3,0.10000000000000002,0.1,0.1,0,0,0,0,0,68,1,0.5183823529411765,0.03333333333333333,1
zones > chain,single,,5,60,3,1.1666666666666667,1.1666666666666667,1.1666666666666667,1,0,0,0,0,66,2,0.5378787878787878,0.03333333333333333,2
zones > meteor,single,,5,60,3,0.20000000000000004,0.2,0.2,0,0,0,0,0,68,1,0.5183823529411765,0.03333333333333333,2
zones > blades,single,,6,60,3,0.10000000000000002,0.1,0.1,0,0,0,0,0,68,1,0.5235294117647059,0.03333333333333333,1
zones > root,single,,5,60,3,0.8000000000000002,0.8,0.8,0,0,0,0,0,75,2,0.5333333333333333,0.03333333333333333,1
zones > mark,single,,4,60,3,0.8000000000000002,0.8,0.8,0,0,0,0,0,86,3,0.5313953488372093,0.03333333333333333,1
zones > burn,single,,5,60,3,0.10000000000000002,0.1,0.1,0,0,0,0,0,77,1,0.5162337662337663,0.03333333333333333,1
zones > fear,single,,5,60,3,0.20000000000000004,0.2,0.2,0,0,0,0,0,75,2,0.5333333333333333,0.03333333333333333,1
zones > execute,single,,5,60,3,0.10000000000000002,0.1,0.1,0,0,0,0,0,77,1,0.5162337662337663,0.03333333333333333,1
zones > drain,single,,5,60,3,0.10000000000000002,0.1,0.1,0,0,6,0,0,77,1,0.5162337662337663,0.03333333333333333,1
zones > blink,single,,5,60,3,0.10000000000000002,0.1,0.1,0,0,0,0,0,69,2,0.5362318840579711,0.03333333333333333,1
zones > dash,single,,5,60,3,0.10000000000000002,0.1,0.1,0,0,0,0,0,69,2,0.5362318840579711,0.03333333333333333,1
zones > archer,single,,6,60,3,6,6,6,5,0,0,0,0,59,2,0.5542372881355933,0.03333333333333333,6
zones > sacrifice,single,,4,60,3,0.7666666666666667,0.7666666666666667,0.7666666666666667,0,0,0,0,0,77,1,0.5116883116883116,0.03333333333333333,1
zones > rally,single,,5,60,3,18,18,18,15,0,0,0,0,30,30,1.75,0.03333333333333333,16
zones > ward,single,,7,60,3,0.10000000000000002,0.1,0.1,0,0,0,0,0,58,3,0.5741379310344827,0.03333333333333333,4
zones > spread,single,,4,60,3,0.8000000000000002,0.8,0.8,0,0,0,0,0,75,3,0.536,0.03333333333333333,1
zones > snipe,single,,6,60,3,0.10000000000000002,0.1,0.1,0,0,0,0,0,68,1,0.5235294117647059,0.03333333333333333,1
zones > refresh,single,,4,60,3,11.666666666666666,11.666666666666666,11.666666666666666,10,0,0,0,0,38,38,1.3999999999999992,0.03333333333333333,11
zones > split,single,,4,60,3,1.8999999999999997,1.7666666666666666,1.9666666666666666,1,0,0,0,0,68,7,0.5544117647058824,0.03333333333333333,9
zones > absorb,single,,4,60,3,0.10000000000000002,0.1,0.1,0,0,6,0,0,81,1,0.5111111111111111,0.03333333333333333,1
zones > swap,single,,4,60,3,0.4000000000000001,0.4,0.4,0,0,0,0,0,69,3,0.5391304347826087,0.03333333333333333,1
shots > bolt,single,,4,60,3,0,0,0,0,0,0,0,0,81,1,0.5111111111111111,,2
shots > slash,single,,5,60,3,0,0,0,0,0,0,0,0,80,1,0.515625,,1
shots > explode,single,,5,60,3,0,0,0,0,0,0,0,0,68,1,0.5183823529411765,,1
shots > frost,single,,5,60,3,0,0,0,0,0,0,0,0,71,1,0.5176056338028169,,1
shots > poison,single,,6,60,3,0,0,0,0,0,0,0,0,68,1,0.5235294117647059,,1
shots > vortex,single,,5,60,3,0,0,0,0,0,0,0,0,68,1,0.5183823529411765,,2
shots > shockwave,single,,4,60,3,0,0,0,0,0,0,0,0,71,1,0.5126760563380282,,1
shots > summon,single,,6,60,3,3.1333333333333333,3.1333333333333333,3.1333333333333333,2,0,0,0,0,60,1,0.5266666666666667,0.26666666666666666,3.3333333333333335
shots > haste,single,,5,60,3,0,0,0,0,0,0,0,0,77,1,0.5162337662337663,,1
shots > rage,single,,5,60,3,0,0,0,0,0,0,0,0,77,1,0.5162337662337663,,1
shots > scatter,single,,5,60,3,0,0,0,0,0,0,0,0,77,1,0.5162337662337663,,1
shots > lance,single,,5,60,3,0,0,0,0,0,0,0,0,77,1,0.5162337662337663,,1
shots > amplify,single,,5,60,3,0,0,0,0,0,0,0,0,77,1,0.5162337662337663,,1
shots > prolong,single,,4,60,3,0,0,0,0,0,0,0,0,76,2,0.5236842105263158,,1
shots > pull,single,,4,60,3,0.05555555555555555,0,0.16666666666666666,0,0,0,0,0,77,1,0.5116883116883116,1.4333333333333345,1
shots > orb,single,,5,60,3,1.7666666666666666,1.7666666666666666,1.7666666666666666,1,0,0,0,0,77,1,0.5162337662337663,0.26666666666666666,2
shots > mine,single,,5,60,3,0.6666666666666666,0.6666666666666666,0.6666666666666666,0,0,0,0,0,77,1,0.5162337662337663,0.5666666666666667,2
shots > turret,single,,6,60,3,2.783333333333333,2.783333333333333,2.783333333333333,2,0,0,0,0,63,1,0.5253968253968254,0.26666666666666666,3.3333333333333335
shots > decoy,single,,6,60,3,0,0,0,0,0,0,0,0,68,1,0.5235294117647059,,2
shots > detonate,single,,4,60,3,0.75,0.75,0.75,0,0,0,0,0,77,1,0.5116883116883116,0.06666666666666667,1
shots > launch,single,,4,60,3,0.5,0.5,0.5,0,0,0,0,0,81,1,0.5111111111111111,0.06666666666666667,1
shots > boomerang,single,,5,60,3,0,0,0,0,0,0,0,0,77,1,0.5162337662337663,,1
shots > homing,single,,5,60,3,0,0,0,0,0,0,0,0,77,1,0.5162337662337663,,1
shots > laser,single,,5,60,3,0,0,0,0,0,0,0,0,68,1,0.5183823529411765,,1
shots > chain,single,,5,60,3,0.20000000000000004,0.2,0.2,0,0,0,0,0,68,1,0.5183823529411765,0.06666666666666667,1
shots > meteor,single,,5,60,3,0,0,0,0,0,0,0,0,68,1,0.5183823529411765,,2
shots > blades,single,,6,60,3,0,0,0,0,0,0,0,0,68,1,0.5235294117647059,,1
shots > root,single,,5,60,3,0,0,0,0,0,0,0,0,77,1,0.5162337662337663,,1
shots > mark,single,,4,60,3,0,0,0,0,0,0,0,0,89,1,0.5101123595505618,,1
shots > burn,single,,5,60,3,0,0,0,0,0,0,0,0,77,1,0.5162337662337663,,1
shots > fear,single,,5,60,3,0,0,0,0,0,0,0,0,77,1,0.5162337662337663,,1
shots > execute,single,,5,60,3,0,0,0,0,0,0,0,0,77,1,0.5162337662337663,,1
shots > drain,single,,5,60,3,0,0,0,0,0,6,0,0,77,1,0.5162337662337663,,1
shots > blink,single,,5,60,3,0,0,0,0,0,0,0,0,71,1,0.5176056338028169,,1
shots > dash,single,,5,60,3,0,0,0,0,0,0,0,0,71,1,0.5176056338028169,,1
shots > archer,single,,6,60,3,2.6666666666666665,2.6666666666666665,2.6666666666666665,2,0,0,0,0,60,1,0.5266666666666667,0.26666666666666666,3
shots > sacrifice,single,,4,60,3,0.6666666666666666,0.6666666666666666,0.6666666666666666,0,0,0,0,0,77,1,0.5116883116883116,0.06666666666666667,1
shots > rally,single,,5,60,3,0,0,0,0,0,0,0,0,75,2,0.5333333333333333,,1
shots > ward,single,,7,60,3,0,0,0,0,0,0,0,0,60,1,0.5325,,2
shots > spread,single,,4,60,3,0,0,0,0,0,0,0,0,77,1,0.5116883116883116,,1
shots > snipe,single,,6,60,3,0,0,0,0,0,0,0,0,68,1,0.5235294117647059,,1
shots > refresh,single,,4,60,3,0,0,0,0,0,0,0,0,81,1,0.5111111111111111,,1
shots > split,single,,4,60,3,0,0,0,0,0,0,0,0,71,1,0.5126760563380282,,2
shots > absorb,single,,4,60,3,0,0,0,0,0,2,0,0,81,1,0.5111111111111111,,1
shots > swap,single,,4,60,3,0.05555555555555555,0,0.16666666666666666,0,0,0,0,0,71,1,0.5126760563380282,1.466666666666668,1
gems > bolt,single,,3,60,3,0,0,0,0,0,0,0,0,48,48,1.0499999999999992,,3
gems > slash,single,,4,60,3,0,0,0,0,0,0,0,0,81,1,0.5111111111111111,,1
gems > explode,single,,4,60,3,0,0,0,0,0,0,0,0,68,1,0.513235294117647,,1
gems > frost,single,,4,60,3,0,0,0,0,0,0,0,0,36,36,1.3999999999999992,,1
gems > poison,single,,5,60,3,0,0,0,0,0,0,0,0,68,1,0.5183823529411765,,1
gems > vortex,single,,4,60,3,0,0,0,0,0,0,0,2,68,1,0.513235294117647,,2
gems > shockwave,single,,3,60,3,0,0,0,0,0,0,0,0,71,1,0.5077464788732394,,1
gems > summon,single,,5,60,3,79.93333333333334,79.93333333333334,79.93333333333334,68,0,0,0,0,8,131,7.900000000000001,0.26666666666666666,76
gems > haste,single,,4,60,3,0,0,0,0,0,0,0,0,37,37,1.3999999999999992,,1
gems > scatter,single,,4,60,3,0,0,0,0,0,0,0,0,77,1,0.5116883116883116,,1
gems > lance,single,,4,60,3,0,0,0,0,0,0,0,0,77,1,0.5116883116883116,,1
gems > amplify,single,,4,60,3,0,0,0,0,0,0,0,0,37,37,1.3999999999999992,,1
gems > pull,single,,3,60,3,0,0,0,0,0,0,0,2,78,1,0.507051282051282,,1
gems > magnet,single,,3,60,3,0,0,0,0,0,0,0,2,81,1,0.5067901234567901,,1
gems > harvest,single,,4,60,3,0,0,0,0,0,0,0,0,37,37,1.3999999999999992,,1
gems > orb,single,,4,60,3,106.16666666666667,106.16666666666667,106.16666666666667,91,0,0,0,0,11,222,5.236363636363636,0.26666666666666666,105.33333333333333
gems > mine,single,,4,60,3,64.16666666666667,64.16666666666667,64.16666666666667,55,0,0,0,0,14,250,4.771428571428572,0.5666666666666667,62.666666666666664
gems > turret,single,,5,60,3,86.43333333333334,86.33333333333333,86.48333333333333,74,0,0,0,0,9,149,7.194444444444443,0.26666666666666666,97.66666666666667
gems > decoy,single,,5,60,3,0,0,0,0,0,0,0,0,29,29,1.75,,4
gems > detonate,single,,3,60,3,0.75,0.75,0.75,0,0,0,0,0,78,1,0.507051282051282,0.06666666666666667,1
gems > launch,single,,3,60,3,0.5,0.5,0.5,0,0,0,0,0,81,1,0.5067901234567901,0.06666666666666667,1
gems > boomerang,single,,4,60,3,0,0,0,0,0,0,0,0,77,1,0.5116883116883116,,1
gems > homing,single,,4,60,3,0,0,0,0,0,0,0,0,77,1,0.5116883116883116,,1
gems > laser,single,,4,60,3,0,0,0,0,0,0,0,0,68,1,0.513235294117647,,1
gems > chain,single,,4,60,3,14,14,14,12,0,0,0,0,22,99,2.45,0.06666666666666667,13
gems > meteor,single,,4,60,3,0,0,0,0,0,0,0,0,68,1,0.513235294117647,,2
gems > blades,single,,5,60,3,0,0,0,0,0,0,0,0,68,1,0.5183823529411765,,1
gems > root,single,,4,60,3,0,0,0,0,0,0,0,0,37,37,1.3999999999999992,,1
gems > mark,single,,3,60,3,0,0,0,0,0,0,0,0,50,50,1.0499999999999992,,1
gems > burn,single,,4,60,3,0,0,0,0,0,0,0,0,77,1,0.5116883116883116,,1
gems > fear,single,,4,60,3,0,0,0,0,0,0,0,0,75,3,0.536,,1
gems > execute,single,,4,60,3,0,0,0,0,0,0,0,0,77,1,0.5116883116883116,,1
gems > drain,single,,4,60,3,0,0,0,0,0,6,0,0,77,1,0.5116883116883116,,1
gems > blink,single,,4,60,3,0,0,0,0,0,0,0,0,69,3,0.5391304347826087,,1
gems > dash,single,,4,60,3,0,0,0,0,0,0,0,0,69,3,0.5391304347826087,,1
gems > archer,single,,5,60,3,67.44444444444444,65.83333333333333,69,57.333333333333336,0,0,0,0,9,152.66666666666666,8.135185185185184,0.26666666666666666,71.33333333333333
gems > sacrifice,single,,3,60,3,0.6666666666666666,0.6666666666666666,0.6666666666666666,0,0,0,0,0,78,1,0.507051282051282,0.06666666666666667,1
gems > rally,single,,4,60,3,0,0,0,0,0,0,0,0,37,37,1.3999999999999992,,1
gems > ward,single,,6,60,3,0,0,0,0,0,0,0,0,60,1,0.5266666666666667,,2
gems > spread,single,,3,60,3,0,0,0,0,0,0,0,0,46,46,1.0499999999999994,,1
gems > snipe,single,,5,60,3,0,0,0,0,0,0,0,0,68,1,0.5183823529411765,,1
gems > split,single,,3,60,3,0,0,0,0,0,0,0,0.018229166666666668,8,254,8.7375,,254.66666666666666
gems > absorb,single,,3,60,3,0,0,0,0,0,0,0,2,81,1,0.5067901234567901,,1
gems > swap,single,,3,60,3,0,0,0,0,0,0,0,0,44,44,1.0499999999999994,,1
prey > bolt,single,,3,60,3,18.5,18.5,18.5,15,0,0,0,0,48,48,1.0499999999999992,0.36666666666666664,32
prey > slash,single,,4,60,3,14.800000000000002,14.8,14.8,12,0,0,0,0,38,38,1.3999999999999992,0.06666666666666667,24
prey > explode,single,,4,60,3,13.699999999999998,13.7,13.7,11,0,0,0,0,35,35,1.3999999999999992,0.06666666666666667,22
prey > frost,single,,4,60,3,2.3333333333333335,2.3333333333333335,2.3333333333333335,2,0.585555555555565,0,0,0,36,36,1.3999999999999992,0.06666666666666667,4
prey > poison,single,,5,60,3,16.633333333333333,16.633333333333333,16.633333333333333,14,0,0,0,0,29,29,1.75,0.06666666666666667,30
prey > vortex,single,,4,60,3,0,0,0,0,0,0,0,0,35,35,1.3999999999999992,,1
prey > shockwave,single,,3,60,3,8.566666666666666,8.566666666666666,8.566666666666666,7,0,0,0,0,44,44,1.0499999999999994,0.06666666666666667,14.666666666666666
prey > summon,single,,5,60,3,79.33333333333333,79.33333333333333,79.33333333333333,68,0,0,0,0,28,28,1.75,0.26666666666666666,101
prey > heal,single,,5,60,3,0,0,0,0,0,0,0,0,29,29,1.75,,0
prey > mend,single,,5,60,3,0,0,0,0,0,0,0,0,29,29,1.75,,0
prey > shield,single,,4,60,3,0,0,0,0,0,0,0,0,35,35,1.3999999999999992,,0
prey > haste,single,,4,60,3,0,0,0,0,0,0,0,0,37,37,1.3999999999999992,,0
prey > rage,single,,4,60,3,0,0,0,0,0,0,0,0,37,37,1.3999999999999992,,0
prey > scatter,single,,4,60,3,22,22,22,18,0,0,0,0,37,37,1.3999999999999992,0.06666666666666667,36.333333333333336
prey > lance,single,,4,60,3,8.7,8.7,8.7,7,0,0,0,0,37,37,1.3999999999999992,0.06666666666666667,14
prey > focus,single,,4,60,3,0,0,0,0,0,0,0,0,37,37,1.3999999999999992,,0
prey > amplify,single,,4,60,3,0,0,0,0,0,0,0,0,37,37,1.3999999999999992,,0
prey > prolong,single,,3,60,3,0,0,0,0,0,0,0,0,78,0,0.5,,0
prey > regen,single,,4,60,3,0,0,0,0,0,0,0,0,37,37,1.3999999999999992,,0
prey > armor,single,,4,60,3,0,0,0,0,0,0,0,0,37,37,1.3999999999999992,,0
prey > pull,single,,3,60,3,0,0,0,0,0,0,0,0,46,46,1.0499999999999994,,0
prey > harvest,single,,4,60,3,0,0,0,0,0,0,0,0,37,37,1.3999999999999992,,0
prey > orb,single,,4,60,3,60.1,60.1,60.1,51,0,0,0,0,38,37,1.3763157894736835,0.26666666666666666,92.33333333333333
prey > mine,single,,4,60,3,21.666666666666668,21.666666666666668,21.666666666666668,18,0,0,0,0,37,37,1.3999999999999992,0.5666666666666667,37.666666666666664
prey > turret,single,,5,60,3,69.28333333333333,69.28333333333333,69.28333333333333,59,0,0,0,0,28,28,1.75,0.26666666666666666,94
prey > decoy,single,,5,60,3,0,0,0,0,0,0,0,0,29,29,1.75,,3
prey > detonate,single,,3,60,3,54.833333333333336,54.833333333333336,54.833333333333336,47,0,0,0,0,46,46,1.0499999999999994,0.06666666666666667,94
prey > launch,single,,3,60,3,56,56,56,48,0,0,0,0,48,48,1.0499999999999992,0.06666666666666667,97.66666666666667
prey > boomerang,single,,4,60,3,8.7,8.7,8.7,7,0,0,0,0,37,37,1.3999999999999992,0.06666666666666667,14
prey > homing,single,,4,60,3,22,22,22,18,0,0,0,0,37,37,1.3999999999999992,0.06666666666666667,36.333333333333336
prey > laser,single,,4,60,3,8.166666666666666,8.166666666666666,8.166666666666666,7,0,0,0,0,35,35,1.3999999999999992,0.06666666666666667,14
prey > chain,single,,4,60,3,6.833333333333333,6.833333333333333,6.833333333333333,5,0,0,0,0,35,35,1.3999999999999992,0.06666666666666667,10.666666666666666
prey > meteor,single,,4,60,3,20.633333333333333,20.633333333333333,20.633333333333333,17,0,0,0,0,35,35,1.3999999999999992,0.8666666666666666,35
prey > blades,single,,5,60,3,33.46666666666667,33.46666666666667,33.46666666666667,28,0,0,0,0,29,29,1.75,0.06666666666666667,57.666666666666664
prey > root,single,,4,60,3,0,0,0,0,0.9988888888888748,0,0,0,37,37,1.3999999999999992,,0
prey > mark,single,,3,60,3,0,0,0,0,0,0,0,0,50,50,1.0499999999999992,,0
prey > burn,single,,4,60,3,21.566666666666666,21.566666666666666,21.566666666666666,18,0,0,0,0,37,37,1.3999999999999992,0.10000000000000002,36.333333333333336
prey > fear,single,,4,60,3,0,0,0,0,0.08777777777777764,0,0,0,75,3,0.536,,0
prey > execute,single,,4,60,3,21.833333333333332,21.833333333333332,21.833333333333332,18,0,0,0,0,37,37,1.3999999999999992,0.06666666666666667,36
prey > drain,single,,4,60,3,22,22,22,18,0,50,0,0,37,37,1.3999999999999992,0.06666666666666667,36.333333333333336
prey > blink,single,,4,60,3,0,0,0,0,0,0,0,0,69,3,0.5391304347826087,,0
prey > dash,single,,4,60,3,0,0,0,0,0,0,0,0,69,3,0.5391304347826087,,0
prey > archer,single,,5,60,3,68,68,68,58,0,0,0,0,28,28,1.75,0.26666666666666666,91
prey > sacrifice,single,,3,60,3,54.833333333333336,54.833333333333336,54.833333333333336,47,0,0,0,0,46,46,1.0499999999999994,0.06666666666666667,94
prey > rally,single,,4,60,3,0,0,0,0,0,0,0,0,37,37,1.3999999999999992,,0
prey > ward,single,,6,60,3,0,0,0,0,0,0,0,0,60,1,0.5266666666666667,,1
prey > spread,single,,3,60,3,0,0,0,0,0,0,0,0,46,46,1.0499999999999994,,0
prey > snipe,single,,5,60,3,33.833333333333336,33.833333333333336,33.833333333333336,29,0,0,0,0,29,29,1.75,0.06666666666666667,58
prey > refresh,single,,3,60,3,0,0,0,0,0,0,0,0,82,0,0.5,,0
prey > split,single,,3,60,3,0,0,0,0,0,0,0,0,44,44,1.0499999999999994,,0
prey > absorb,single,,3,60,3,56,56,56,48,0,50,0,0,48,48,1.0499999999999992,0.06666666666666667,96
prey > swap,single,,3,60,3,0,0,0,0,0,0,0,0,44,44,1.0499999999999994,,0
lastHit > bolt,single,,2,60,3,1.5,1.5,1.5,1,0,0,0,0,81,4,0.5098765432098765,0.36666666666666664,3
lastHit > slash,single,,3,60,3,1.1666666666666667,1.1666666666666667,1.1666666666666667,1,0,0,0,0,80,3,0.520625,0.06666666666666667,1
lastHit > explode,single,,3,60,3,1.1666666666666667,1.1666666666666667,1.1666666666666667,1,0,0,0,0,67,3,0.5246268656716417,0.06666666666666667,1
lastHit > frost,single,,3,60,3,1.1666666666666667,1.1666666666666667,1.1666666666666667,1,0.2927777777777783,0,0,0,61,18,0.6622950819672132,0.06666666666666667,1
lastHit > poison,single,,4,60,3,1.1666666666666667,1.1666666666666667,1.1666666666666667,1,0,0,0,0,66,3,0.540909090909091,0.06666666666666667,4
lastHit > vortex,single,,3,60,3,0,0,0,0,0,0,0,0,43,43,1.0499999999999994,,2
lastHit > shockwave,single,,2,60,3,1.1666666666666667,1.1666666666666667,1.1666666666666667,1,0,0,0,0,71,6,0.5169014084507043,0.06666666666666667,1
lastHit > summon,single,,4,60,3,6.233333333333333,6.233333333333333,6.233333333333333,5,0,0,0,0,60,2,0.53,0.26666666666666666,6
lastHit > heal,single,,4,60,3,0,0,0,0,0,0,0,0,35,35,1.3999999999999992,,0
lastHit > mend,single,,4,60,3,0,0,0,0,0,0,0,0,35,35,1.3999999999999992,,0
lastHit > shield,single,,3,60,3,0,0,0,0,0,0,0,0,43,43,1.0499999999999994,,0
lastHit > haste,single,,3,60,3,0,0,0,0,0,0,0,0,46,46,1.0499999999999994,,0
lastHit > rage,single,,3,60,3,0,0,0,0,0,0,0,0,46,46,1.0499999999999994,,0
lastHit > scatter,single,,3,60,3,1.1666666666666667,1.1666666666666667,1.1666666666666667,1,0,0,0,0,77,2,0.5142857142857143,0.06666666666666667,1
lastHit > lance,single,,3,60,3,1.1666666666666667,1.1666666666666667,1.1666666666666667,1,0,0,0,0,75,5,0.5366666666666666,0.06666666666666667,1
lastHit > focus,single,,3,60,3,0,0,0,0,0,0,0,0,46,46,1.0499999999999994,,0
lastHit > amplify,single,,3,60,3,0,0,0,0,0,0,0,0,46,46,1.0499999999999994,,0
lastHit > prolong,single,,2,60,3,0,0,0,0,0,0,0,0,78,0,0.5,,0
lastHit > regen,single,,3,60,3,0,0,0,0,0,0,0,0,46,46,1.0499999999999994,,0
lastHit > armor,single,,3,60,3,0,0,0,0,0,0,0,0,46,46,1.0499999999999994,,0
lastHit > pull,single,,2,60,3,0,0,0,0,0,0,0,0,62,62,0.7000000000000005,,0
lastHit > harvest,single,,3,60,3,0,0,0,0,0,0,0,0,46,46,1.0499999999999994,,0
lastHit > orb,single,,3,60,3,5.166666666666667,5.166666666666667,5.166666666666667,4,0,0,0,0,76,3,0.5217105263157894,0.26666666666666666,6.333333333333333
lastHit > mine,single,,3,60,3,1.1666666666666667,1.1666666666666667,1.1666666666666667,1,0,0,0,0,77,2,0.5142857142857143,0.5666666666666667,1
lastHit > turret,single,,4,60,3,5.566666666666666,5.566666666666666,5.566666666666666,4,0,0,0,0,62,2,0.529032258064516,0.26666666666666666,6
lastHit > decoy,single,,4,60,3,0,0,0,0,0,0,0,0,35,35,1.3999999999999992,,4
lastHit > detonate,single,,2,60,3,1.1666666666666667,1.1666666666666667,1.1666666666666667,1,0,0,0,0,78,1,0.5025641025641026,0.06666666666666667,1
lastHit > launch,single,,2,60,3,1.1666666666666667,1.1666666666666667,1.1666666666666667,1,0,0,0,0,82,1,0.5024390243902439,0.06666666666666667,2
lastHit > boomerang,single,,3,60,3,1.1666666666666667,1.1666666666666667,1.1666666666666667,1,0,0,0,0,75,5,0.5366666666666666,0.06666666666666667,1
lastHit > homing,single,,3,60,3,1.1666666666666667,1.1666666666666667,1.1666666666666667,1,0,0,0,0,77,2,0.5142857142857143,0.06666666666666667,1
lastHit > laser,single,,3,60,3,1.1666666666666667,1.1666666666666667,1.1666666666666667,1,0,0,0,0,66,5,0.5416666666666666,0.06666666666666667,1
lastHit > chain,single,,3,60,3,1.1666666666666667,1.1666666666666667,1.1666666666666667,1,0,0,0,0,66,6,0.5499999999999999,0.06666666666666667,1
lastHit > meteor,single,,3,60,3,1.1666666666666667,1.1666666666666667,1.1666666666666667,1,0,0,0,0,68,2,0.5161764705882353,0.8666666666666666,1
lastHit > blades,single,,4,60,3,1.1666666666666667,1.1666666666666667,1.1666666666666667,1,0,0,0,0,68,1,0.513235294117647,0.06666666666666667,2
lastHit > root,single,,3,60,3,0,0,0,0,0.9988888888888748,0,0,0,46,46,1.0499999999999994,,0
lastHit > mark,single,,2,60,3,0,0,0,0,0,0,0,0,70,70,0.7000000000000007,,0
lastHit > burn,single,,3,60,3,1.1666666666666667,1.1666666666666667,1.1666666666666667,1,0,0,0,0,77,2,0.5142857142857143,0.10000000000000002,1.3333333333333333
lastHit > fear,single,,3,60,3,0,0,0,0,0.9988888888888748,0,0,0,46,46,1.0499999999999994,,0
lastHit > execute,single,,3,60,3,1.1666666666666667,1.1666666666666667,1.1666666666666667,1,0,0,0,0,77,2,0.5142857142857143,0.06666666666666667,1
lastHit > drain,single,,3,60,3,1.1666666666666667,1.1666666666666667,1.1666666666666667,1,0,12,0,0,77,2,0.5142857142857143,0.06666666666666667,1
lastHit > blink,single,,3,60,3,0,0,0,0,0,0,0,0,44,44,1.0499999999999994,,0
lastHit > dash,single,,3,60,3,0,0,0,0,0,0,0,0,44,44,1.0499999999999994,,0
lastHit > archer,single,,4,60,3,5.333333333333333,5.333333333333333,5.333333333333333,4,0,0,0,0,60,2,0.53,0.26666666666666666,6
lastHit > sacrifice,single,,2,60,3,1.1666666666666667,1.1666666666666667,1.1666666666666667,1,0,0,0,0,78,1,0.5025641025641026,0.06666666666666667,1
lastHit > rally,single,,3,60,3,0,0,0,0,0,0,0,0,46,46,1.0499999999999994,,0
lastHit > ward,single,,5,60,3,0,0,0,0,0,0,0,0,28,28,1.75,,2
lastHit > spread,single,,2,60,3,0,0,0,0,0,0,0,0,62,62,0.7000000000000005,,0
lastHit > snipe,single,,4,60,3,1.1666666666666667,1.1666666666666667,1.1666666666666667,1,0,0,0,0,68,1,0.513235294117647,0.06666666666666667,1
lastHit > refresh,single,,2,60,3,0,0,0,0,0,0,0,0,82,0,0.5,,0
lastHit > split,single,,2,60,3,0,0,0,0,0,0,0,0,58,58,0.7000000000000003,,0
lastHit > absorb,single,,2,60,3,1.1666666666666667,1.1666666666666667,1.1666666666666667,1,0,6,0,0,82,1,0.5024390243902439,0.06666666666666667,1
lastHit > swap,single,,2,60,3,0,0,0,0,0,0,0,0,58,58,0.7000000000000003,,0
all > bolt,single,,6,60,3,48.22222222222223,47.833333333333336,49,41.333333333333336,0,0,0,0,11,247,5.3181818181818175,0.03333333333333333,82
all > slash,single,,7,60,3,11.666666666666666,11.666666666666666,11.666666666666666,10,0,0,504,0,21,60,2.728571428571429,0.03333333333333333,6
all > explode,single,,7,60,3,9.333333333333334,9.333333333333334,9.333333333333334,8,0,0,468,0,18,51,2.9999999999999996,0.03333333333333333,6
all > frost,single,,7,60,3,5.666666666666667,5.666666666666667,5.666666666666667,4,0.17222222222222175,0,44,0,11,91,4.2681818181818185,0.03333333333333333,7.333333333333333
all > poison,single,,8,60,3,11.233333333333334,11.2,11.3,9,0,0,360,0,15,58.666666666666664,3.673333333333334,0.03333333333333333,10
all > vortex,single,,7,60,3,5.766666666666667,5.766666666666667,5.766666666666667,4,0,25,0,26,19,47,2.8921052631578945,0.03333333333333333,14
all > shockwave,single,,6,60,3,8.966666666666667,8.966666666666667,8.966666666666667,7,0,0,252,0,21,59,2.552380952380953,0.03333333333333333,6
all > summon,single,,8,60,3,78.37777777777778,77.6,79.93333333333334,66.66666666666667,0,0,0,0,5,174.33333333333334,16.346666666666668,0.03333333333333333,77
all > heal,single,,8,60,3,5.266666666666667,5.266666666666667,5.266666666666667,4,0,86,0,0,17,39,3.188235294117648,0.03333333333333333,7
all > mend,single,,8,60,3,5.433333333333334,5.433333333333334,5.433333333333334,4,0,96,0,0,17,39,3.188235294117648,0.03333333333333333,7
all > shield,single,,7,60,3,4.383333333333334,4.383333333333334,4.383333333333334,3,0,0,0,0,19,44,2.844736842105263,0.03333333333333333,7
all > haste,single,,7,60,3,5.566666666666666,5.566666666666666,5.566666666666666,4,0,0,0,0,15,122.33333333333333,3.8811111111111107,0.03333333333333333,8.333333333333334
all > rage,single,,7,60,3,7.900000000000001,7.9,7.9,6,0,0,0,0,22,32,2.540909090909092,0.03333333333333333,10
all > scatter,single,,7,60,3,11.666666666666666,11.666666666666666,11.666666666666666,10,0,0,100,0,20,55,2.7999999999999994,0.03333333333333333,6
all > lance,single,,7,60,3,9.6,9.6,9.6,8,0,0,320,0,20,58,2.8299999999999996,0.03333333333333333,6
all > focus,single,,7,60,3,8.366666666666667,8.366666666666667,8.366666666666667,7,0,0,0,0,22,31,2.531818181818183,0.03333333333333333,10
all > amplify,single,,7,60,3,5.766666666666667,5.766666666666667,5.766666666666667,4,0,0,0,0,14.666666666666666,122.33333333333333,3.920793650793651,0.03333333333333333,8.333333333333334
all > prolong,single,,6,60,3,31.899999999999995,31.9,31.9,27,0,0,0,0,24,52,2.3333333333333326,0.03333333333333333,31.333333333333332
all > regen,single,,7,60,3,5.355555555555557,5.355555555555556,5.355555555555556,4,0,91.33333333333228,0,0,21,49,2.7166666666666655,0.03333333333333333,8
all > armor,single,,7,60,3,3.1666666666666665,3.1666666666666665,3.1666666666666665,2,0,0,0,0,21,49,2.7166666666666655,0.03333333333333333,6
all > pull,single,,6,60,3,5.766666666666667,5.766666666666667,5.766666666666667,4,0,25,0,26,25,37,2.196000000000001,0.03333333333333333,6
all > magnet,single,,6,60,3,5.566666666666666,5.566666666666666,5.566666666666666,4,0,33.333333333333336,0,26,71,6.333333333333333,0.6154929577464788,0.03333333333333333,6
all > harvest,single,,7,60,3,5.566666666666666,5.566666666666666,5.566666666666666,4,0,0,0,0,17,94,3.3558823529411774,0.03333333333333333,8.333333333333334
all > orb,single,,7,60,3,108.5,108.5,108.5,93,0,0,0,0,6,251.66666666666666,10.638888888888888,0.03333333333333333,108.66666666666667
all > mine,single,,7,60,3,56.666666666666664,56.666666666666664,56.666666666666664,48,0,0,0,0,8,211.33333333333334,7.533333333333332,0.03333333333333333,57
all > turret,single,,8,60,3,78.94444444444444,78.16666666666667,79.33333333333333,67.66666666666667,0,0,0,0,5,200.33333333333334,16.473333333333333,0.03333333333333333,91
all > decoy,single,,8,60,3,5.066666666666666,5.066666666666666,5.066666666666666,4,0,0,0,0,10,121,6.129999999999999,0.03333333333333333,19
all > detonate,single,,6,60,3,28,28,28,24,0,0,0,0,24,53.333333333333336,2.344444444444443,0.03333333333333333,6
all > launch,single,,6,60,3,28,28,28,24,0,0,0,0,24,53.666666666666664,2.2854166666666664,0.03333333333333333,8
all > boomerang,single,,7,60,3,9.6,9.6,9.6,8,0,0,320,0,20,58,2.8299999999999996,0.03333333333333333,6
all > homing,single,,7,60,3,11.666666666666666,11.666666666666666,11.666666666666666,10,0,0,100,0,20,55,2.7999999999999994,0.03333333333333333,6
all > laser,single,,7,60,3,9.233333333333333,9.233333333333333,9.233333333333333,7,0,0,288,0,18,52,3.016666666666667,0.03333333333333333,6
all > chain,single,,7,60,3,15.166666666666666,15.166666666666666,15.166666666666666,13,0,0,0,0,10,118,5.69,0.03333333333333333,15.333333333333334
all > meteor,single,,7,60,3,12.833333333333334,12.833333333333334,12.833333333333334,11,0,0,864,0,18,54,3.0499999999999994,0.03333333333333333,14
all > blades,single,,8,60,3,17.5,17.5,17.5,15,0,0,792,0,15,63.333333333333336,3.7666666666666675,0.03333333333333333,10
all > root,single,,7,60,3,5.566666666666666,5.566666666666666,5.566666666666666,4,0.41777777777778446,0,0,0,14.666666666666666,122.33333333333333,3.920793650793651,0.03333333333333333,8.333333333333334
all > mark,single,,6,60,3,7,7,7,6,0,0,0,0,20,197,2.985,0.03333333333333333,9
all > burn,single,,7,60,3,22.177777777777777,22.166666666666668,22.183333333333334,19,0,0,111,0,19,62.333333333333336,2.9061403508771932,0.03333333333333333,6
all > fear,single,,7,60,3,3.5,3.5,3.5,3,0.5155555555555672,0,0,0,16,113,3.662499999999999,0.03333333333333333,6
all > execute,single,,7,60,3,11.666666666666666,11.666666666666666,11.666666666666666,10,0,0,0,0,20,55,2.7999999999999994,0.03333333333333333,6
all > drain,single,,7,60,3,11.666666666666666,11.666666666666666,11.666666666666666,10,0,60,40,0,20,55,2.7999999999999994,0.03333333333333333,6
all > blink,single,,7,60,3,5.033333333333333,4.666666666666667,5.566666666666666,4,0,0,0,0,13.666666666666666,113.66666666666667,4.282875457875458,0.03333333333333333,7.666666666666667
all > dash,single,,7,60,3,5.1,4.866666666666666,5.566666666666666,4,0,0,0,0,13.666666666666666,114,4.28882783882784,0.03333333333333333,7.666666666666667
all > archer,single,,8,60,3,67.6111111111111,65.5,69.83333333333333,57.333333333333336,0,0,0,0,5,141.33333333333334,13.706666666666665,0.03333333333333333,68.33333333333333
all > sacrifice,single,,6,60,3,28,28,28,24,0,0,0,0,24,53.333333333333336,2.344444444444443,0.03333333333333333,6
all > rally,single,,7,60,3,21.600000000000005,21.6,21.6,18,0,0,0,0,10,184,5.93,0.03333333333333333,21.333333333333332
all > ward,single,,9,60,3,2.3333333333333335,2.3333333333333335,2.3333333333333335,2,0,0,0,0,11,69,5.259090909090908,0.03333333333333333,14
all > spread,single,,6,60,3,5.566666666666666,5.566666666666666,5.566666666666666,4,0,0,0,0,16,135.66666666666666,3.5958333333333337,0.03333333333333333,8.333333333333334
all > snipe,single,,8,60,3,18.666666666666668,18.666666666666668,18.666666666666668,16,0,0,0,0,16,53,3.493749999999999,0.03333333333333333,6
all > refresh,single,,6,60,3,41.833333333333336,41.833333333333336,41.833333333333336,35,0,0,0,0,23,70,2.4065217391304334,0.03333333333333333,40.333333333333336
all > split,single,,6,60,3,14.794444444444444,13.066666666666666,16.483333333333334,13.333333333333334,0,0,0,0,5,247,14.199999999999998,0.03333333333333333,217
all > absorb,single,,6,60,3,28,28,28,24,0,50,0,140,24,53.333333333333336,2.283333333333333,0.03333333333333333,6
all > swap,single,,6,60,3,2.933333333333333,2.933333333333333,2.933333333333333,2,0,25,0,14,24,35,2.214583333333334,0.03333333333333333,6
nearestEnemy > bolt,single,,2,60,3,24.833333333333332,24.833333333333332,24.833333333333332,21,0,0,0,0,65,65,0.7000000000000005,0.36666666666666664,23
nearestEnemy > slash,single,,3,60,3,18.666666666666668,18.666666666666668,18.666666666666668,16,0,0,0,0,48,48,1.0499999999999992,0.06666666666666667,16.333333333333332
nearestEnemy > explode,single,,3,60,3,16.766666666666666,16.766666666666666,16.766666666666666,14,0,0,0,0,43,43,1.0499999999999994,0.06666666666666667,14.333333333333334
nearestEnemy > frost,single,,3,60,3,2.8666666666666667,2.8666666666666667,2.8666666666666667,2,0.7233333333333349,0,0,0,44,44,1.0499999999999994,0.06666666666666667,2
nearestEnemy > poison,single,,4,60,3,13.733333333333333,13.733333333333333,13.733333333333333,11,0,0,0,0,35,35,1.3999999999999992,0.06666666666666667,14
nearestEnemy > vortex,single,,3,60,3,0,0,0,0,0,0,0,0,43,43,1.0499999999999994,,2
nearestEnemy > shockwave,single,,2,60,3,11.5,11.5,11.5,9,0,0,0,0,58,58,0.7000000000000003,0.06666666666666667,9
nearestEnemy > summon,single,,4,60,3,94.90000000000002,94.9,94.9,81,0,0,0,0,33,33,1.3999999999999992,0.26666666666666666,90.66666666666667
nearestEnemy > heal,single,,4,60,3,0,0,0,0,0,0,0,0,35,35,1.3999999999999992,,0
nearestEnemy > mend,single,,4,60,3,0,0,0,0,0,0,0,0,35,35,1.3999999999999992,,0
nearestEnemy > shield,single,,3,60,3,0,0,0,0,0,0,0,0,43,43,1.0499999999999994,,0
nearestEnemy > haste,single,,3,60,3,0,0,0,0,0,0,0,0,46,46,1.0499999999999994,,0
nearestEnemy > rage,single,,3,60,3,0,0,0,0,0,0,0,0,46,46,1.0499999999999994,,0
nearestEnemy > scatter,single,,3,60,3,27.833333333333332,27.833333333333332,27.833333333333332,23,0,0,0,0,46,46,1.0499999999999994,0.06666666666666667,23
nearestEnemy > lance,single,,3,60,3,11.033333333333333,11.033333333333333,11.033333333333333,9,0,0,0,0,46,46,1.0499999999999994,0.06666666666666667,9
nearestEnemy > focus,single,,3,60,3,0,0,0,0,0,0,0,0,46,46,1.0499999999999994,,0
nearestEnemy > amplify,single,,3,60,3,0,0,0,0,0,0,0,0,46,46,1.0499999999999994,,0
nearestEnemy > prolong,single,,2,60,3,0,0,0,0,0,0,0,0,78,0,0.5,,0
nearestEnemy > regen,single,,3,60,3,0,0,0,0,0,0,0,0,46,46,1.0499999999999994,,0
nearestEnemy > armor,single,,3,60,3,0,0,0,0,0,0,0,0,46,46,1.0499999999999994,,0
nearestEnemy > pull,single,,2,60,3,0,0,0,0,0,0,0,0,62,62,0.7000000000000005,,0
nearestEnemy > harvest,single,,3,60,3,0,0,0,0,0,0,0,0,46,46,1.0499999999999994,,0
nearestEnemy > orb,single,,3,60,3,75.26666666666667,75.26666666666667,75.26666666666667,64,0,0,0,0,46,46,1.0499999999999994,0.26666666666666666,71.66666666666667
nearestEnemy > mine,single,,3,60,3,26.833333333333332,26.833333333333332,26.833333333333332,23,0,0,0,0,46,46,1.0499999999999994,0.5666666666666667,24
nearestEnemy > turret,single,,4,60,3,83.13333333333334,83.13333333333334,83.13333333333334,71,0,0,0,0,34,34,1.3999999999999992,0.26666666666666666,81
nearestEnemy > decoy,single,,4,60,3,0,0,0,0,0,0,0,0,35,35,1.3999999999999992,,4
nearestEnemy > detonate,single,,2,60,3,73.5,73.5,73.5,63,0,0,0,0,62,62,0.7000000000000005,0.06666666666666667,63.666666666666664
nearestEnemy > launch,single,,2,60,3,75.83333333333333,75.83333333333333,75.83333333333333,65,0,0,0,0,65,65,0.7000000000000005,0.06666666666666667,68
nearestEnemy > boomerang,single,,3,60,3,11.033333333333333,11.033333333333333,11.033333333333333,9,0,0,0,0,46,46,1.0499999999999994,0.06666666666666667,9
nearestEnemy > homing,single,,3,60,3,27.833333333333332,27.833333333333332,27.833333333333332,23,0,0,0,0,46,46,1.0499999999999994,0.06666666666666667,23
nearestEnemy > laser,single,,3,60,3,10.133333333333333,10.133333333333333,10.133333333333333,8,0,0,0,0,43,43,1.0499999999999994,0.06666666666666667,8
nearestEnemy > chain,single,,3,60,3,8.366666666666667,8.366666666666667,8.366666666666667,7,0,0,0,0,43,43,1.0499999999999994,0.06666666666666667,7
nearestEnemy > meteor,single,,3,60,3,25.3,25.3,25.3,21,0,0,0,0,43,43,1.0499999999999994,0.8666666666666666,22
nearestEnemy > blades,single,,4,60,3,40.46666666666667,40.46666666666667,40.46666666666667,34,0,0,0,0,35,35,1.3999999999999992,0.06666666666666667,35
nearestEnemy > root,single,,3,60,3,0,0,0,0,0.9988888888888748,0,0,0,46,46,1.0499999999999994,,0
nearestEnemy > mark,single,,2,60,3,0,0,0,0,0,0,0,0,70,70,0.7000000000000007,,0
nearestEnemy > burn,single,,3,60,3,26.899999999999995,26.9,26.9,23,0,0,0,0,46,46,1.0499999999999994,0.10000000000000002,23.333333333333332
nearestEnemy > fear,single,,3,60,3,0,0,0,0,0.07666666666666656,0,0,0,76,3,0.5217105263157894,,0
nearestEnemy > execute,single,,3,60,3,27.666666666666668,27.666666666666668,27.666666666666668,23,0,0,0,0,46,46,1.0499999999999994,0.06666666666666667,23
nearestEnemy > drain,single,,3,60,3,27.833333333333332,27.833333333333332,27.833333333333332,23,0,50,0,0,46,46,1.0499999999999994,0.06666666666666667,23
nearestEnemy > blink,single,,3,60,3,0,0,0,0,0,0,0,0,70,3,0.5235714285714286,,0
nearestEnemy > dash,single,,3,60,3,0,0,0,0,0,0,0,0,70,3,0.5235714285714286,,0
nearestEnemy > archer,single,,4,60,3,81.33333333333333,81.33333333333333,81.33333333333333,69,0,0,0,0,33,33,1.3999999999999992,0.26666666666666666,77
nearestEnemy > sacrifice,single,,2,60,3,73.5,73.5,73.5,63,0,0,0,0,62,62,0.7000000000000005,0.06666666666666667,63.666666666666664
nearestEnemy > rally,single,,3,60,3,0,0,0,0,0,0,0,0,46,46,1.0499999999999994,,0
nearestEnemy > ward,single,,5,60,3,0,0,0,0,0,0,0,0,61,1,0.5204918032786885,,1
nearestEnemy > spread,single,,2,60,3,0,0,0,0,0,0,0,0,62,62,0.7000000000000005,,0
nearestEnemy > snipe,single,,4,60,3,40.833333333333336,40.833333333333336,40.833333333333336,35,0,0,0,0,35,35,1.3999999999999992,0.06666666666666667,35
nearestEnemy > refresh,single,,2,60,3,0,0,0,0,0,0,0,0,82,0,0.5,,0
nearestEnemy > split,single,,2,60,3,0,0,0,0,0,0,0,0,58,58,0.7000000000000003,,0
nearestEnemy > absorb,single,,2,60,3,75.83333333333333,75.83333333333333,75.83333333333333,65,0,50,0,0,65,65,0.7000000000000005,0.06666666666666667,65.66666666666667
nearestEnemy > swap,single,,2,60,3,0,0,0,0,0,0,0,0,58,58,0.7000000000000003,,0
woundedEnemies > bolt,single,,4,60,3,0,0,0,0,0,0,0,0,82,0,0.5,,0
woundedEnemies > slash,single,,5,60,3,0,0,0,0,0,0,0,0,82,0,0.5,,0
woundedEnemies > explode,single,,5,60,3,0,0,0,0,0,0,0,0,69,0,0.5,,0
woundedEnemies > frost,single,,5,60,3,0,0,0,0,0,0,0,0,72,0,0.5,,0
woundedEnemies > poison,single,,6,60,3,0,0,0,0,0,0,0,0,69,0,0.5,,0
woundedEnemies > vortex,single,,5,60,3,0,0,0,0,0,0,0,0,69,0,0.5,,0
woundedEnemies > shockwave,single,,4,60,3,0,0,0,0,0,0,0,0,72,0,0.5,,0
woundedEnemies > summon,single,,6,60,3,0,0,0,0,0,0,0,0,62,0,0.5,,0
woundedEnemies > heal,single,,6,60,3,0,0,0,0,0,0,0,0,69,0,0.5,,0
woundedEnemies > mend,single,,6,60,3,0,0,0,0,0,0,0,0,69,0,0.5,,0
woundedEnemies > shield,single,,5,60,3,0,0,0,0,0,0,0,0,69,0,0.5,,0
woundedEnemies > haste,single,,5,60,3,0,0,0,0,0,0,0,0,78,0,0.5,,0
woundedEnemies > rage,single,,5,60,3,0,0,0,0,0,0,0,0,78,0,0.5,,0
woundedEnemies > scatter,single,,5,60,3,0,0,0,0,0,0,0,0,78,0,0.5,,0
woundedEnemies > lance,single,,5,60,3,0,0,0,0,0,0,0,0,78,0,0.5,,0
woundedEnemies > focus,single,,5,60,3,0,0,0,0,0,0,0,0,78,0,0.5,,0
woundedEnemies > amplify,single,,5,60,3,0,0,0,0,0,0,0,0,78,0,0.5,,0
woundedEnemies > prolong,single,,4,60,3,0,0,0,0,0,0,0,0,78,0,0.5,,0
woundedEnemies > regen,single,,5,60,3,0,0,0,0,0,0,0,0,78,0,0.5,,0
woundedEnemies > armor,single,,5,60,3,0,0,0,0,0,0,0,0,78,0,0.5,,0
woundedEnemies > pull,single,,4,60,3,0,0,0,0,0,0,0,0,78,0,0.5,,0
woundedEnemies > harvest,single,,5,60,3,0,0,0,0,0,0,0,0,78,0,0.5,,0
woundedEnemies > orb,single,,5,60,3,0,0,0,0,0,0,0,0,78,0,0.5,,0
woundedEnemies > mine,single,,5,60,3,0,0,0,0,0,0,0,0,78,0,0.5,,0
woundedEnemies > turret,single,,6,60,3,0,0,0,0,0,0,0,0,64,0,0.5,,0
woundedEnemies > decoy,single,,6,60,3,0,0,0,0,0,0,0,0,69,0,0.5,,0
woundedEnemies > detonate,single,,4,60,3,0,0,0,0,0,0,0,0,78,0,0.5,,0
woundedEnemies > launch,single,,4,60,3,0,0,0,0,0,0,0,0,82,0,0.5,,0
woundedEnemies > boomerang,single,,5,60,3,0,0,0,0,0,0,0,0,78,0,0.5,,0
woundedEnemies > homing,single,,5,60,3,0,0,0,0,0,0,0,0,78,0,0.5,,0
woundedEnemies > laser,single,,5,60,3,0,0,0,0,0,0,0,0,69,0,0.5,,0
woundedEnemies > chain,single,,5,60,3,0,0,0,0,0,0,0,0,69,0,0.5,,0
woundedEnemies > meteor,single,,5,60,3,0,0,0,0,0,0,0,0,69,0,0.5,,0
woundedEnemies > blades,single,,6,60,3,0,0,0,0,0,0,0,0,69,0,0.5,,0
woundedEnemies > root,single,,5,60,3,0,0,0,0,0,0,0,0,78,0,0.5,,0
woundedEnemies > mark,single,,4,60,3,0,0,0,0,0,0,0,0,90,0,0.5,,0
woundedEnemies > burn,single,,5,60,3,0,0,0,0,0,0,0,0,78,0,0.5,,0
woundedEnemies > fear,single,,5,60,3,0,0,0,0,0,0,0,0,78,0,0.5,,0
woundedEnemies > execute,single,,5,60,3,0,0,0,0,0,0,0,0,78,0,0.5,,0
woundedEnemies > drain,single,,5,60,3,0,0,0,0,0,0,0,0,78,0,0.5,,0
woundedEnemies > blink,single,,5,60,3,0,0,0,0,0,0,0,0,72,0,0.5,,0
woundedEnemies > dash,single,,5,60,3,0,0,0,0,0,0,0,0,72,0,0.5,,0
woundedEnemies > archer,single,,6,60,3,0,0,0,0,0,0,0,0,62,0,0.5,,0
woundedEnemies > sacrifice,single,,4,60,3,0,0,0,0,0,0,0,0,78,0,0.5,,0
woundedEnemies > rally,single,,5,60,3,0,0,0,0,0,0,0,0,78,0,0.5,,0
woundedEnemies > ward,single,,7,60,3,0,0,0,0,0,0,0,0,62,0,0.5,,0
woundedEnemies > spread,single,,4,60,3,0,0,0,0,0,0,0,0,78,0,0.5,,0
woundedEnemies > snipe,single,,6,60,3,0,0,0,0,0,0,0,0,69,0,0.5,,0
woundedEnemies > refresh,single,,4,60,3,0,0,0,0,0,0,0,0,82,0,0.5,,0
woundedEnemies > split,single,,4,60,3,0,0,0,0,0,0,0,0,72,0,0.5,,0
woundedEnemies > absorb,single,,4,60,3,0,0,0,0,0,0,0,0,82,0,0.5,,0
woundedEnemies > swap,single,,4,60,3,0,0,0,0,0,0,0,0,72,0,0.5,,0
pickups > bolt,single,,3,60,3,0,0,0,0,0,0,0,0,48,48,1.0499999999999992,,3
pickups > slash,single,,4,60,3,0,0,0,0,0,0,0,0,81,1,0.5111111111111111,,1
pickups > explode,single,,4,60,3,0,0,0,0,0,0,0,0,68,1,0.513235294117647,,1
pickups > frost,single,,4,60,3,0,0,0,0,0,0,0,0,36,36,1.3999999999999992,,1
pickups > poison,single,,5,60,3,0,0,0,0,0,0,0,0,68,1,0.5183823529411765,,1
pickups > vortex,single,,4,60,3,0,0,0,0,0,25,0,0,68,1,0.513235294117647,,2
pickups > shockwave,single,,3,60,3,0,0,0,0,0,0,0,0,71,1,0.5077464788732394,,1
pickups > summon,single,,5,60,3,86.46666666666665,79.33333333333333,90.23333333333333,74,0,0,0,0,26,37.666666666666664,1.9393162393162389,0.26666666666666666,82.33333333333333
pickups > haste,single,,4,60,3,0,0,0,0,0,0,0,0,37,37,1.3999999999999992,,1
pickups > scatter,single,,4,60,3,0,0,0,0,0,0,0,0,77,1,0.5116883116883116,,1
pickups > lance,single,,4,60,3,0,0,0,0,0,0,0,0,77,1,0.5116883116883116,,1
pickups > amplify,single,,4,60,3,0,0,0,0,0,0,0,0,37,37,1.3999999999999992,,1
pickups > pull,single,,3,60,3,0,0,0,0,0,25,0,0,78,1,0.507051282051282,,1
pickups > magnet,single,,3,60,3,0,0,0,0,0,25,0,0,81,1,0.5067901234567901,,1
pickups > orb,single,,4,60,3,70.14444444444445,60.96666666666667,76.73333333333333,59.666666666666664,0,0,0,0,36,43.666666666666664,1.443280423280423,0.26666666666666666,70.33333333333333
pickups > mine,single,,4,60,3,29.38888888888889,21.666666666666668,33.833333333333336,25,0,0,0,0,35.333333333333336,50.333333333333336,1.4870588235294118,0.5666666666666667,28
pickups > turret,single,,5,60,3,91.83888888888889,69.28333333333333,113.16666666666667,78.33333333333333,0,0,0,0,24.666666666666668,48.333333333333336,2.110144927536232,0.26666666666666666,95.33333333333333
pickups > decoy,single,,5,60,3,0,0,0,0,0,0,0,0,29,29,1.75,,4
pickups > detonate,single,,3,60,3,0.75,0.75,0.75,0,0,0,0,0,78,1,0.507051282051282,0.06666666666666667,1
pickups > launch,single,,3,60,3,0.5,0.5,0.5,0,0,0,0,0,81,1,0.5067901234567901,0.06666666666666667,1
pickups > boomerang,single,,4,60,3,0,0,0,0,0,0,0,0,77,1,0.5116883116883116,,1
pickups > homing,single,,4,60,3,0,0,0,0,0,0,0,0,77,1,0.5116883116883116,,1
pickups > laser,single,,4,60,3,0,0,0,0,0,0,0,0,68,1,0.513235294117647,,1
pickups > chain,single,,4,60,3,6.833333333333333,6.833333333333333,6.833333333333333,5,0,0,0,0,35,35,1.3999999999999992,0.06666666666666667,6
pickups > meteor,single,,4,60,3,0,0,0,0,0,0,0,0,68,1,0.513235294117647,,2
pickups > blades,single,,5,60,3,0,0,0,0,0,0,0,0,68,1,0.5183823529411765,,1
pickups > root,single,,4,60,3,0,0,0,0,0,0,0,0,37,37,1.3999999999999992,,1
pickups > mark,single,,3,60,3,0,0,0,0,0,0,0,0,50,50,1.0499999999999992,,1
pickups > burn,single,,4,60,3,0,0,0,0,0,0,0,0,77,1,0.5116883116883116,,1
pickups > fear,single,,4,60,3,0,0,0,0,0,0,0,0,75,3,0.536,,1
pickups > execute,single,,4,60,3,0,0,0,0,0,0,0,0,77,1,0.5116883116883116,,1
pickups > drain,single,,4,60,3,0,0,0,0,0,6,0,0,77,1,0.5116883116883116,,1
pickups > blink,single,,4,60,3,0,0,0,0,0,0,0,0,69,3,0.5391304347826087,,1
pickups > dash,single,,4,60,3,0,0,0,0,0,0,0,0,69,3,0.5391304347826087,,1
pickups > archer,single,,5,60,3,75.27777777777777,68,87.83333333333333,64.33333333333333,0,0,0,0,25.333333333333332,39.333333333333336,2.0124338624338627,0.26666666666666666,73.33333333333333
pickups > sacrifice,single,,3,60,3,0.6666666666666666,0.6666666666666666,0.6666666666666666,0,0,0,0,0,78,1,0.507051282051282,0.06666666666666667,1
pickups > rally,single,,4,60,3,0,0,0,0,0,0,0,0,37,37,1.3999999999999992,,1
pickups > ward,single,,6,60,3,0,0,0,0,0,0,0,0,60,1,0.5266666666666667,,2
pickups > spread,single,,3,60,3,0,0,0,0,0,0,0,0,46,46,1.0499999999999994,,1
pickups > snipe,single,,5,60,3,0,0,0,0,0,0,0,0,68,1,0.5183823529411765,,1
pickups > split,single,,3,60,3,0,0,0,0,0,50,0,0,8,253.33333333333334,8.716666666666667,,253.33333333333334
pickups > absorb,single,,3,60,3,0,0,0,0,0,25,0,0,81,1,0.5067901234567901,,1
pickups > swap,single,,3,60,3,0,0,0,0,0,0,0,0,44,44,1.0499999999999994,,1
,dense3,,0,60,3,0,0,0,0,0,0,0,0,0,0,0,,0
self,dense3,,1,60,3,0,0,0,0,0,0,0,0,0,0,0,,0
enemies,dense3,,6,60,3,0,0,0,0,0,0,0,0,0,0,0,,0
ahead,dense3,,1,60,3,0,0,0,0,0,0,0,0,0,0,0,,0
behind,dense3,,1,60,3,0,0,0,0,0,0,0,0,0,0,0,,0
randomPoint,dense3,,1,60,3,0,0,0,0,0,0,0,0,0,0,0,,0
fallen,dense3,,2,60,3,0,0,0,0,0,0,0,0,0,0,0,,0
objects,dense3,,3,60,3,9.244444444444445,8.066666666666666,9.833333333333334,7.333333333333333,0,0,0,0,0,0,0,0.2333333333333333,8.333333333333334
allies,dense3,,3,60,3,8.911111111111111,8.9,8.933333333333334,6.666666666666667,0,0,0,0,0,0,0,0.2333333333333333,10
zones,dense3,,3,60,3,7,7,7,6,0,0,0,0,0,0,0,0.03333333333333333,9.333333333333334
shots,dense3,,3,60,3,0.5,0.5,0.5,0,0,0,0,0,0,0,0,0.03333333333333333,0
gems,dense3,,2,60,3,0,0,0,0,0,0,0,0,0,0,0,,3
prey,dense3,,2,60,3,0,0,0,0,0,0,0,0,0,0,0,,0
lastHit,dense3,,1,60,3,0,0,0,0,0,0,0,0,0,0,0,,0
all,dense3,,5,60,3,23.522222222222222,23.2,23.866666666666667,18.333333333333332,0,0,0,0,0,0,0,0.03333333333333333,28.666666666666668
nearestEnemy,dense3,,1,60,3,0,0,0,0,0,0,0,0,0,0,0,,0
woundedEnemies,dense3,,3,60,3,0,0,0,0,0,0,0,0,0,0,0,,0
pickups,dense3,,2,60,3,0,0,0,0,0,0,0,0,0,0,0,,3
self > bolt,dense3,,2,60,3,37.333333333333336,37.333333333333336,37.333333333333336,32,0,0,0,0,65,65,0.7000000000000005,0.38888888888888884,33.333333333333336
self > slash,dense3,,3,60,3,0,0,0,0,0,0,1152,0,48,48,1.0499999999999992,,0
self > explode,dense3,,3,60,3,0,0,0,0,0,0,1118,0,43,43,1.0499999999999994,,0
self > frost,dense3,,3,60,3,0,0,0,0,0,0,100,0,25,25,1.0500000000000005,,0
self > poison,dense3,,4,60,3,0,0,0,0,0,0,486,0,35,35,1.3999999999999992,,3
self > vortex,dense3,,3,60,3,0,0,0,0,0,0,0,0,43,43,1.0499999999999994,,2
self > shockwave,dense3,,2,60,3,0,0,0,0,0,0,708,0,58,58,0.7000000000000003,,0
self > summon,dense3,,4,60,3,88.5,88.5,88.5,75,0,0,0,0,33,33,1.3999999999999992,0.7777777777777777,82.33333333333333
self > heal,dense3,,4,60,3,0,0,0,0,0,50,0,0,35,35,1.3999999999999992,,0
self > mend,dense3,,4,60,3,0,0,0,0,0,50,0,0,35,35,1.3999999999999992,,0
self > shield,dense3,,3,60,3,0,0,0,0,0,0,0,0,43,43,1.0499999999999994,,0
self > haste,dense3,,3,60,3,0,0,0,0,0,0,0,0,46,46,1.0499999999999994,,0
self > scatter,dense3,,3,60,3,0,0,0,0,0,0,230,0,46,46,1.0499999999999994,,0
self > lance,dense3,,3,60,3,0,0,0,0,0,0,752,0,46,46,1.0499999999999994,,0
self > amplify,dense3,,3,60,3,0,0,0,0,0,0,0,0,46,46,1.0499999999999994,,0
self > regen,dense3,,3,60,3,0,0,0,0,0,50,0,0,46,46,1.0499999999999994,,0
self > armor,dense3,,3,60,3,0,0,0,0,0,0,0,0,46,46,1.0499999999999994,,0
self > orb,dense3,,3,60,3,0,0,0,0,0,0,0,0,46,46,1.0499999999999994,,7
self > mine,dense3,,3,60,3,0,0,0,0,0,0,0,0,46,46,1.0499999999999994,,12
self > turret,dense3,,4,60,3,82.83333333333333,82.83333333333333,82.83333333333333,71,0,0,0,0,34,34,1.3999999999999992,0.5333333333333333,83
self > decoy,dense3,,4,60,3,0,0,0,0,0,0,0,0,35,35,1.3999999999999992,,4
self > boomerang,dense3,,3,60,3,0,0,0,0,0,0,752,0,46,46,1.0499999999999994,,0
self > homing,dense3,,3,60,3,0,0,0,0,0,0,230,0,46,46,1.0499999999999994,,0
self > laser,dense3,,3,60,3,0,0,0,0,0,0,688,0,43,43,1.0499999999999994,,0
self > chain,dense3,,3,60,3,0,0,0,0,0,0,0,0,43,43,1.0499999999999994,,0
self > meteor,dense3,,3,60,3,0,0,0,0,0,0,2064,0,43,43,1.0499999999999994,,1
self > blades,dense3,,4,60,3,0,0,0,0,0,0,896,0,35,35,1.3999999999999992,,3
self > root,dense3,,3,60,3,0,0,0,0,0,0,0,0,46,46,1.0499999999999994,,0
self > mark,dense3,,2,60,3,0,0,0,0,0,0,0,0,70,70,0.7000000000000007,,0
self > burn,dense3,,3,60,3,0,0,0,0,0,0,113,0,46,46,1.0499999999999994,,0
self > fear,dense3,,3,60,3,0,0,0,0,0,0,0,0,46,46,1.0499999999999994,,0
self > execute,dense3,,3,60,3,0,0,0,0,0,0,0,0,46,46,1.0499999999999994,,0
self > drain,dense3,,3,60,3,0,0,0,0,0,0,230,0,46,46,1.0499999999999994,,0
self > blink,dense3,,3,60,3,0,0,0,0,0,0,0,0,44,44,1.0499999999999994,,0
self > dash,dense3,,3,60,3,0,0,0,0,0,0,0,0,44,44,1.0499999999999994,,0
self > archer,dense3,,4,60,3,81.16666666666667,81.16666666666667,81.16666666666667,69,0,0,0,0,33,33,1.3999999999999992,0.4888888888888889,79.66666666666667
self > rally,dense3,,3,60,3,0,0,0,0,0,0,0,0,46,46,1.0499999999999994,,0
self > ward,dense3,,5,60,3,0,0,0,0,0,0,0,0,28,28,1.75,,2
self > spread,dense3,,2,60,3,0,0,0,0,0,0,0,0,62,62,0.7000000000000005,,0
self > snipe,dense3,,4,60,3,0,0,0,0,0,0,0,0,35,35,1.3999999999999992,,0
self > split,dense3,,2,60,3,0,0,0,0,0,0,0,0,58,58,0.7000000000000003,,6
enemies > bolt,dense3,,7,60,3,32.666666666666664,32.666666666666664,32.666666666666664,26,0,0,0,0,21,63,2.7499999999999996,0.36666666666666664,29.333333333333332
enemies > slash,dense3,,8,60,3,21,21,21,18,0,0,0,0,18,54,3.1,0.06666666666666667,18.333333333333332
enemies > explode,dense3,,8,60,3,18.8,18.8,18.8,15,0,0,0,0,16,48,3.399999999999999,0.06666666666666667,15.333333333333334
enemies > frost,dense3,,8,60,3,3.4,3.4,3.4,0,0.29277777777777536,0,0,0,17,51,3.299999999999999,0.06666666666666667,0
enemies > poison,dense3,,9,60,3,26.3,26.3,26.3,21,0,0,0,0,15,45,3.75,0.06666666666666667,24.333333333333332
enemies > vortex,dense3,,8,60,3,0,0,0,0,0,0,0,0,16,48,3.399999999999999,,3
enemies > shockwave,dense3,,7,60,3,11.1,11.1,11.1,9,0,0,0,0,19,57,2.950000000000001,0.06666666666666667,9.333333333333334
enemies > summon,dense3,,9,60,3,107.3888888888889,107.36666666666666,107.4,90.33333333333333,0,0,0,0,14,42,3.9500000000000006,0.26666666666666666,98
enemies > heal,dense3,,9,60,3,0,0,0,0,0,0,0,0,15,45,3.75,,0
enemies > mend,dense3,,9,60,3,0,0,0,0,0,0,0,0,15,45,3.75,,0
enemies > shield,dense3,,8,60,3,0,0,0,0,0,0,0,0,16,48,3.399999999999999,,0
enemies > haste,dense3,,8,60,3,0,0,0,0,0,0,0,0,18,54,3.200000000000001,,0
enemies > rage,dense3,,8,60,3,0,0,0,0,0,0,0,0,18,54,3.200000000000001,,0
enemies > scatter,dense3,,8,60,3,31.5,31.5,31.5,27,0,0,0,0,18,54,3.200000000000001,0.06666666666666667,27.333333333333332
enemies > lance,dense3,,8,60,3,12.9,12.9,12.9,9,0,0,0,0,18,54,3.200000000000001,0.06666666666666667,9
enemies > focus,dense3,,8,60,3,0,0,0,0,0,0,0,0,18,54,3.200000000000001,,0
enemies > amplify,dense3,,8,60,3,0,0,0,0,0,0,0,0,18,54,3.200000000000001,,0
enemies > prolong,dense3,,7,60,3,0,0,0,0,0,0,0,0,78,0,0.5,,0
enemies > regen,dense3,,8,60,3,0,0,0,0,0,0,0,0,18,54,3.200000000000001,,0
enemies > armor,dense3,,8,60,3,0,0,0,0,0,0,0,0,18,54,3.200000000000001,,0
enemies > pull,dense3,,7,60,3,0,0,0,0,0,0,0,0,20,60,2.85,,0
enemies > harvest,dense3,,8,60,3,0,0,0,0,0,0,0,0,18,54,3.200000000000001,,0
enemies > orb,dense3,,8,60,3,178.5,145.83333333333334,194.83333333333334,153,0,0,0,0,18,54,3.200000000000001,0.26666666666666666,164.33333333333334
enemies > mine,dense3,,8,60,3,94.5,94.5,94.5,81,0,0,0,0,18,54,3.200000000000001,0.5666666666666667,83
enemies > turret,dense3,,9,60,3,107.68888888888888,107.66666666666667,107.7,90.33333333333333,0,0,0,0,14,42,3.850000000000001,0.26666666666666666,104.66666666666667
enemies > decoy,dense3,,9,60,3,0,0,0,0,0,0,0,0,15,45,3.75,,6
enemies > detonate,dense3,,7,60,3,70,70,70,60,0,0,0,0,20,60,2.85,0.06666666666666667,61
enemies > launch,dense3,,7,60,3,74.66666666666667,74,75,63,0,0,0,0,21,63,2.7499999999999996,0.06666666666666667,66.33333333333333
enemies > boomerang,dense3,,8,60,3,12.9,12.9,12.9,9,0,0,0,0,18,54,3.200000000000001,0.06666666666666667,9
enemies > homing,dense3,,8,60,3,31.5,31.5,31.5,27,0,0,0,0,18,54,3.200000000000001,0.06666666666666667,27.333333333333332
enemies > laser,dense3,,8,60,3,11.300000000000002,11.3,11.3,9,0,0,0,0,16,48,3.399999999999999,0.06666666666666667,9
enemies > chain,dense3,,8,60,3,28,28,28,24,0,0,0,0,16,48,3.399999999999999,0.06666666666666667,24.333333333333332
enemies > meteor,dense3,,8,60,3,28,28,28,24,0,0,0,0,16,48,3.399999999999999,0.8666666666666666,24
enemies > blades,dense3,,9,60,3,52.5,52.5,52.5,45,0,0,0,0,15,45,3.75,0.06666666666666667,49.333333333333336
enemies > root,dense3,,8,60,3,0,0,0,0,0.5266666666666511,0,0,0,18,54,3.200000000000001,,0
enemies > mark,dense3,,7,60,3,0,0,0,0,0,0,0,0,22,66,2.649999999999999,,0
enemies > burn,dense3,,8,60,3,61,61,61,51,0,0,0,0,18,54,3.200000000000001,0.10000000000000002,52.333333333333336
enemies > fear,dense3,,8,60,3,0,0,0,0,0.06666666666666649,0,0,0,71,6,0.576056338028169,,0
enemies > execute,dense3,,8,60,3,31.5,31.5,31.5,27,0,0,0,0,18,54,3.200000000000001,0.06666666666666667,27.333333333333332
enemies > drain,dense3,,8,60,3,31.5,31.5,31.5,27,0,50,0,0,18,54,3.200000000000001,0.06666666666666667,27.333333333333332
enemies > blink,dense3,,8,60,3,0,0,0,0,0,0,0,0,62,9,0.635483870967742,,0
enemies > dash,dense3,,8,60,3,0,0,0,0,0,0,0,0,62,9,0.635483870967742,,0
enemies > archer,dense3,,9,60,3,91.94444444444444,91.83333333333333,92,77.66666666666667,0,0,0,0,14,42,3.9500000000000006,0.26666666666666666,85.33333333333333
enemies > sacrifice,dense3,,7,60,3,70,70,70,60,0,0,0,0,20,60,2.85,0.06666666666666667,61
enemies > rally,dense3,,8,60,3,0,0,0,0,0,0,0,0,18,54,3.200000000000001,,0
enemies > ward,dense3,,10,60,3,0,0,0,0,0,0,0,0,58,3,0.5655172413793103,,3
enemies > spread,dense3,,7,60,3,0,0,0,0,0,0,0,0,20,60,2.85,,0
enemies > snipe,dense3,,9,60,3,52.5,52.5,52.5,45,0,0,0,0,15,45,3.75,0.06666666666666667,45.333333333333336
enemies > refresh,dense3,,7,60,3,0,0,0,0,0,0,0,0,82,0,0.5,,0
enemies > split,dense3,,7,60,3,0,0,0,0,0,0,0,0,6,189,10.075000000000001,,0
enemies > absorb,dense3,,7,60,3,73.5,73.5,73.5,63,0,50,0,0,21,63,2.7499999999999996,0.06666666666666667,64.33333333333333
enemies > swap,dense3,,7,60,3,0,0,0,0,0,0,0,0,19,57,2.950000000000001,,0
ahead > bolt,dense3,,2,60,3,37.333333333333336,37.333333333333336,37.333333333333336,32,0,0,0,0,65,65,0.7000000000000005,0.38888888888888884,33.333333333333336
ahead > poison,dense3,,4,60,3,79.7,79.7,79.7,66,0,0,0,0,35,35,1.3999999999999992,0.06666666666666667,70.33333333333333
ahead > vortex,dense3,,3,60,3,0,0,0,0,0,0,0,0,43,43,1.0499999999999994,,2
ahead > summon,dense3,,4,60,3,94.94444444444446,94.93333333333334,94.96666666666667,79.66666666666667,0,0,0,0,33,33,1.3999999999999992,0.26666666666666666,87.33333333333333
ahead > orb,dense3,,3,60,3,225.80000000000004,225.8,225.8,192,0,0,0,0,46,46,1.0499999999999994,0.26666666666666666,204
ahead > mine,dense3,,3,60,3,80.5,80.5,80.5,69,0,0,0,0,46,46,1.0499999999999994,0.5666666666666667,72
ahead > turret,dense3,,4,60,3,83.13333333333334,83.13333333333334,83.13333333333334,71,0,0,0,0,34,34,1.3999999999999992,0.26666666666666666,82.33333333333333
ahead > decoy,dense3,,4,60,3,0,0,0,0,0,0,0,0,35,35,1.3999999999999992,,4
ahead > chain,dense3,,3,60,3,25.100000000000005,25.1,25.1,21,0,0,0,0,43,43,1.0499999999999994,0.06666666666666667,21.333333333333332
ahead > meteor,dense3,,3,60,3,75.9,75.9,75.9,63,0,0,0,0,43,43,1.0499999999999994,0.8666666666666666,65.66666666666667
ahead > blades,dense3,,4,60,3,99.18888888888888,57.166666666666664,120.83333333333333,84.33333333333333,0,0,0,0,35,35,1.3999999999999992,0.13333333333333333,89
ahead > archer,dense3,,4,60,3,81.33333333333333,81.33333333333333,81.33333333333333,68.33333333333333,0,0,0,0,33,33,1.3999999999999992,0.26666666666666666,75
ahead > rally,dense3,,3,60,3,0,0,0,0,0,0,0,0,46,46,1.0499999999999994,,0
ahead > ward,dense3,,5,60,3,0,0,0,0,0,0,0,0,28,28,1.75,,2
ahead > swap,dense3,,2,60,3,0,0,0,0,0,0,0,0,58,58,0.7000000000000003,,0
behind > bolt,dense3,,2,60,3,0,0,0,0,0,0,0,0,65,65,0.7000000000000005,,2
behind > poison,dense3,,4,60,3,0,0,0,0,0,0,0,0,35,35,1.3999999999999992,,3
behind > vortex,dense3,,3,60,3,0,0,0,0,0,0,0,0,43,43,1.0499999999999994,,2
behind > summon,dense3,,4,60,3,82.08888888888889,82.06666666666666,82.1,69.33333333333333,0,0,0,0,33,33,1.3999999999999992,1.5777777777777793,75.33333333333333
behind > orb,dense3,,3,60,3,0,0,0,0,0,0,0,0,46,46,1.0499999999999994,,7
behind > mine,dense3,,3,60,3,0,0,0,0,0,0,0,0,46,46,1.0499999999999994,,12
behind > turret,dense3,,4,60,3,82.41666666666667,82.41666666666667,82.41666666666667,70,0,0,0,0,34,34,1.3999999999999992,0.7999999999999999,86
behind > decoy,dense3,,4,60,3,0,0,0,0,0,0,0,0,35,35,1.3999999999999992,,4
behind > chain,dense3,,3,60,3,0,0,0,0,0,0,0,0,43,43,1.0499999999999994,,0
behind > meteor,dense3,,3,60,3,0,0,0,0,0,0,0,0,43,43,1.0499999999999994,,1
behind > blades,dense3,,4,60,3,0,0,0,0,0,0,0,0,35,35,1.3999999999999992,,3
behind > archer,dense3,,4,60,3,81,81,81,69,0,0,0,0,33,33,1.3999999999999992,0.6777777777777777,80.66666666666667
behind > rally,dense3,,3,60,3,0,0,0,0,0,0,0,0,46,46,1.0499999999999994,,0
behind > ward,dense3,,5,60,3,0,0,0,0,0,0,0,0,28,28,1.75,,2
behind > swap,dense3,,2,60,3,0,0,0,0,0,0,0,0,58,58,0.7000000000000003,,0
randomPoint > bolt,dense3,,2,60,3,3.8888888888888893,2.5,5.666666666666667,2,0,0,0,0,65,65,0.7000000000000005,10.022222222222249,4
randomPoint > poison,dense3,,4,60,3,10.411111111111111,8.6,11.7,7.666666666666667,0,0,0,0,35,35,1.3999999999999992,6.4222222222222065,11
randomPoint > vortex,dense3,,3,60,3,0,0,0,0,0,0,0,0,43,43,1.0499999999999994,,2
randomPoint > summon,dense3,,4,60,3,86.24444444444445,85.6,86.96666666666667,72.66666666666667,0,0,0,0,33,33,1.3999999999999992,1.0111111111111117,79.66666666666667
randomPoint > orb,dense3,,3,60,3,7.822222222222223,5.3,11.133333333333333,5.333333333333333,0,0,0,0,46,46,1.0499999999999994,5.466666666666654,12.333333333333334
randomPoint > mine,dense3,,3,60,3,8.555555555555555,5.5,11.166666666666666,6,0,0,0,0,46,46,1.0499999999999994,5.3333333333333215,18.666666666666668
randomPoint > turret,dense3,,4,60,3,82.58888888888889,82.45,82.71666666666667,69.33333333333333,0,0,0,0,34,34,1.3999999999999992,0.5666666666666665,84
randomPoint > decoy,dense3,,4,60,3,0,0,0,0,0,0,0,0,35,35,1.3999999999999992,,4
randomPoint > chain,dense3,,3,60,3,7.233333333333333,5.3,9.4,5,0,0,0,0,43,43,1.0499999999999994,3.7999999999999936,5.333333333333333
randomPoint > meteor,dense3,,3,60,3,12.855555555555554,10.133333333333333,17.133333333333333,10.333333333333334,0,0,0,0,43,43,1.0499999999999994,2.733333333333331,11.666666666666666
randomPoint > blades,dense3,,4,60,3,22.255555555555556,14.966666666666667,29.866666666666667,17.666666666666668,0,0,0,0,35,35,1.3999999999999992,6.4222222222222065,20.666666666666668
randomPoint > archer,dense3,,4,60,3,81,80.83333333333333,81.16666666666667,68.33333333333333,0,0,0,0,33,33,1.3999999999999992,0.48888888888888893,78.66666666666667
randomPoint > rally,dense3,,3,60,3,0,0,0,0,0,0,0,0,46,46,1.0499999999999994,,0
randomPoint > ward,dense3,,5,60,3,0,0,0,0,0,0,0,0,28,28,1.75,,2
randomPoint > swap,dense3,,2,60,3,0,0,0,0,0,0,0,0,58,58,0.7000000000000003,,0
fallen > bolt,dense3,,3,60,3,1.6666666666666667,1,2,0,0,0,0,0,81,3,0.5104938271604939,0.37777777777777777,3
fallen > poison,dense3,,5,60,3,154.9,154.9,154.9,132,0,0,0,0,23,69,2.350000000000001,0.06666666666666667,141.33333333333334
fallen > vortex,dense3,,4,60,3,0,0,0,0,0,0,0,0,68,3,0.5220588235294118,,3
fallen > summon,dense3,,5,60,3,105.36666666666667,104.23333333333333,106.03333333333333,89,0,0,0,0,23.333333333333332,47.666666666666664,2.167391304347825,0.26666666666666666,96
fallen > orb,dense3,,4,60,3,311.9444444444444,289.8666666666667,338.3333333333333,266.6666666666667,0,0,0,0,22.666666666666668,141.33333333333334,2.4522727272727267,0.26666666666666666,284.6666666666667
fallen > mine,dense3,,4,60,3,5.5,5.5,5.5,3,0,0,0,0,77,3,0.5168831168831168,0.5666666666666667,4
fallen > turret,dense3,,5,60,3,124.23888888888888,120.5,130.85,105.33333333333333,0,0,0,0,23,58,2.2434782608695656,0.26666666666666666,119
fallen > decoy,dense3,,5,60,3,0,0,0,0,0,0,0,0,67,3,0.5276119402985074,,3
fallen > chain,dense3,,4,60,3,1.8,1.8,1.8,0,0,0,0,0,68,3,0.5220588235294118,0.06666666666666667,0
fallen > meteor,dense3,,4,60,3,3.5,3.5,3.5,3,0,0,0,0,68,3,0.5220588235294118,0.8666666666666666,3
fallen > blades,dense3,,5,60,3,226.11111111111111,215.1,248,192.66666666666666,0,0,0,0,21,78.33333333333333,2.5690476190476192,0.06666666666666667,203
fallen > archer,dense3,,5,60,3,90.16666666666667,89.83333333333333,90.33333333333333,76.33333333333333,0,0,0,0,23.666666666666668,46,2.1282608695652168,0.26666666666666666,84.33333333333333
fallen > rally,dense3,,4,60,3,0,0,0,0,0,0,0,0,77,3,0.5168831168831168,,0
fallen > ward,dense3,,6,60,3,0,0,0,0,0,0,0,0,60,3,0.5399999999999999,,3
fallen > swap,dense3,,3,60,3,0,0,0,0,0,0,0,0,71,3,0.5147887323943662,,0
objects > bolt,dense3,,4,60,3,17.444444444444443,14.716666666666667,18.9,13.666666666666666,0,0,0,0,70,15,0.6285714285714286,0.2333333333333333,15.333333333333334
objects > slash,dense3,,5,60,3,5.433333333333334,4.766666666666667,5.766666666666667,3.6666666666666665,0,0,0,0,76,7,0.5572368421052631,0.2333333333333333,5.666666666666667
objects > explode,dense3,,5,60,3,4.2,3.8,4.4,2.6666666666666665,0,0,0,0,65,5,0.5523076923076923,0.2333333333333333,4.666666666666667
objects > frost,dense3,,5,60,3,9.244444444444445,8.066666666666666,9.833333333333334,7.333333333333333,0,0,0,0,60,12,0.6666666666666666,0.2333333333333333,8.333333333333334
objects > poison,dense3,,6,60,3,4.883333333333334,4.35,5.15,2.6666666666666665,0,0,0,0,65,5,0.5630769230769231,0.2333333333333333,8.666666666666666
objects > vortex,dense3,,5,60,3,2.783333333333333,2.783333333333333,2.783333333333333,2,0,0,0,0,53,18,0.7632075471698115,0.2333333333333333,8.333333333333334
objects > shockwave,dense3,,4,60,3,8.127777777777778,6.95,8.716666666666667,6.333333333333333,0,0,0,0,65,10,0.5884615384615385,0.2333333333333333,8.333333333333334
objects > summon,dense3,,6,60,3,34.955555555555556,32.56666666666667,36.5,29,0,0,0,0,52,9,0.6846153846153845,0.2333333333333333,31.333333333333332
objects > heal,dense3,,6,60,3,9.244444444444445,8.066666666666666,9.833333333333334,7.333333333333333,0,0,0,0,57,10,0.6894736842105263,0.2333333333333333,8.333333333333334
objects > mend,dense3,,6,60,3,9.244444444444445,8.066666666666666,9.833333333333334,7.333333333333333,0,0,0,0,57,10,0.6894736842105263,0.2333333333333333,8.333333333333334
objects > shield,dense3,,5,60,3,9.244444444444445,8.066666666666666,9.833333333333334,7.333333333333333,0,0,0,0,59,11,0.652542372881356,0.2333333333333333,8.333333333333334
objects > rage,dense3,,5,60,3,12.611111111111112,10.9,13.466666666666667,9.333333333333334,0,0,0,0,66,12,0.6477272727272727,0.2333333333333333,10.666666666666666
objects > scatter,dense3,,5,60,3,0,0,0,0,0,0,0,0,76,3,0.5217105263157894,,3
objects > lance,dense3,,5,60,3,7.5,6.433333333333334,8.033333333333333,4.666666666666667,0,0,0,0,71,9,0.5845070422535211,0.2333333333333333,6.666666666666667
objects > focus,dense3,,5,60,3,13.822222222222223,11.866666666666667,14.8,11,0,0,0,0,66,12,0.6477272727272727,0.16666666666666666,12.333333333333334
objects > amplify,dense3,,5,60,3,9.833333333333334,9.833333333333334,9.833333333333334,8,0,0,0,0,66,12,0.6477272727272727,0.2333333333333333,9
objects > prolong,dense3,,4,60,3,48.22222222222223,39.266666666666666,52.7,41,0,0,0,0,33,67,1.6060606060606066,0.2333333333333333,43.666666666666664
objects > regen,dense3,,5,60,3,9.244444444444445,8.066666666666666,9.833333333333334,7.333333333333333,0,0,0,0,66,12,0.6477272727272727,0.2333333333333333,8.333333333333334
objects > armor,dense3,,5,60,3,9.244444444444445,8.066666666666666,9.833333333333334,7.333333333333333,0,0,0,0,66,12,0.6477272727272727,0.2333333333333333,8.333333333333334
objects > pull,dense3,,4,60,3,2.783333333333333,2.783333333333333,2.783333333333333,2,0,0,0,0,63,23,0.6952380952380951,0.4555555555555555,5
objects > orb,dense3,,5,60,3,319.1333333333334,213.8,371.8,272.6666666666667,0,0,0,0,16,174,3.725000000000001,0.2333333333333333,291.6666666666667
objects > mine,dense3,,5,60,3,27.566666666666663,24.466666666666665,29.116666666666667,22.333333333333332,0,0,0,0,66,12,0.6477272727272727,0.2333333333333333,24
objects > turret,dense3,,6,60,3,147.04444444444445,145.93333333333334,147.75,125.33333333333333,0,0,0,0,11,114,5.377272727272728,0.2333333333333333,143.33333333333334
objects > decoy,dense3,,6,60,3,7.483333333333334,6.416666666666667,8.016666666666667,3.6666666666666665,0,0,0,0,15,99,3.779999999999999,0.2333333333333333,15.666666666666666
objects > detonate,dense3,,4,60,3,3.5,3.5,3.5,3,0,0,0,0,77,3,0.5168831168831168,0.06666666666666667,3
objects > launch,dense3,,4,60,3,4.277777777777778,3.6666666666666665,4.833333333333333,1.6666666666666667,0,0,0,0,80,3,0.515,0.06666666666666667,4.666666666666667
objects > boomerang,dense3,,5,60,3,7.5,6.433333333333334,8.033333333333333,4.666666666666667,0,0,0,0,71,9,0.5845070422535211,0.2333333333333333,6.666666666666667
objects > homing,dense3,,5,60,3,0,0,0,0,0,0,0,0,76,3,0.5217105263157894,,3
objects > laser,dense3,,5,60,3,7.711111111111111,6.6,8.266666666666667,6.333333333333333,0,0,0,0,62,9,0.6048387096774194,0.2333333333333333,8.333333333333334
objects > chain,dense3,,5,60,3,14.727777777777776,13.616666666666667,15.283333333333333,10.666666666666666,0,0,0,0,59,11,0.652542372881356,0.06666666666666667,12.333333333333334
objects > meteor,dense3,,5,60,3,4.883333333333334,4.35,5.15,2.6666666666666665,0,0,0,0,65,5,0.5523076923076923,0.2333333333333333,6.666666666666667
objects > blades,dense3,,6,60,3,3.1,2.9,3.2,1,0,0,0,0,67,3,0.5328358208955224,0.2333333333333333,6
objects > root,dense3,,5,60,3,9.244444444444445,8.066666666666666,9.833333333333334,7.333333333333333,0,0,0,0,66,12,0.6477272727272727,0.2333333333333333,8.333333333333334
objects > mark,dense3,,4,60,3,9.244444444444445,8.066666666666666,9.833333333333334,7.333333333333333,0,0,0,0,78,15,0.6115384615384616,0.2333333333333333,8.333333333333334
objects > burn,dense3,,5,60,3,3.516666666666667,3.25,3.65,1,0,0,0,0,76,3,0.5217105263157894,0.2333333333333333,3
objects > fear,dense3,,5,60,3,0.9166666666666666,0.85,0.95,0,0,0,0,0,61,19,0.7172131147540983,0.2333333333333333,4
objects > execute,dense3,,5,60,3,0,0,0,0,0,0,0,0,76,3,0.5217105263157894,,3
objects > drain,dense3,,5,60,3,0,0,0,0,0,18,0,0,76,3,0.5217105263157894,,3
objects > blink,dense3,,5,60,3,1.05,1.05,1.05,0,0,0,0,0,56,19,0.7455357142857143,0.5333333333333333,4
objects > dash,dense3,,5,60,3,1.05,1.05,1.05,0,0,0,0,0,56,19,0.7455357142857143,0.5666666666666667,4
objects > archer,dense3,,6,60,3,30.622222222222224,29.433333333333334,31.266666666666666,25.333333333333332,0,0,0,0,52,9,0.6846153846153845,0.2333333333333333,28.666666666666668
objects > sacrifice,dense3,,4,60,3,3.5,3.5,3.5,3,0,0,0,0,77,3,0.5168831168831168,0.06666666666666667,3
objects > rally,dense3,,5,60,3,76.21666666666665,61.61666666666667,83.51666666666667,63.666666666666664,0,0,0,0,28,57,1.957142857142858,0.16666666666666666,66.66666666666667
objects > ward,dense3,,7,60,3,0.3666666666666667,0.3,0.4,0,0,0,0,0,47,13,0.8085106382978723,0.25555555555555554,7
objects > spread,dense3,,4,60,3,9.244444444444445,8.066666666666666,9.833333333333334,7.333333333333333,0,0,0,0,68,14,0.6235294117647059,0.2333333333333333,8.333333333333334
objects > snipe,dense3,,6,60,3,0,0,0,0,0,0,0,0,67,3,0.5328358208955224,,3
objects > refresh,dense3,,4,60,3,48.22222222222223,39.266666666666666,52.7,41,0,0,0,0,34,69,1.5544117647058815,0.2333333333333333,43.666666666666664
objects > split,dense3,,4,60,3,34.06666666666666,30.933333333333334,38.68333333333333,28,0,0,0,0,58,33,0.6982758620689656,0.2333333333333333,47
objects > absorb,dense3,,4,60,3,0,0,0,0,0,18,0,0,80,3,0.515,,3
objects > swap,dense3,,4,60,3,6.116666666666667,5.516666666666667,6.416666666666667,3.6666666666666665,0,0,0,22,62,13,0.6362903225806452,0.2333333333333333,3.3333333333333335
allies > bolt,dense3,,4,60,3,19.377777777777776,18.5,20,15.333333333333334,0,0,0,0,72,18,0.6000000000000001,0.2333333333333333,21.333333333333332
allies > slash,dense3,,5,60,3,3.9,3.9,3.9,3,0,0,0,0,76,9,0.5611842105263157,0.2333333333333333,6
allies > explode,dense3,,5,60,3,2.2444444444444445,2.2333333333333334,2.2666666666666666,0.6666666666666666,0,0,0,0,65,6,0.556923076923077,0.2333333333333333,3.6666666666666665
allies > frost,dense3,,5,60,3,5.011111111111111,5,5.033333333333333,3.6666666666666665,0,0,0,0,64,12,0.609375,1.2666666666666673,7
allies > poison,dense3,,6,60,3,3.3333333333333335,3.3333333333333335,3.3333333333333335,2,0,0,0,0,64,6,0.56875,0.2333333333333333,11
allies > vortex,dense3,,5,60,3,5.0888888888888895,5,5.133333333333334,3.3333333333333335,0,0,0,0,61,12,0.621311475409836,0.2333333333333333,10.333333333333334
allies > shockwave,dense3,,4,60,3,7.8,7.8,7.8,6,0,0,0,0,64,15,0.609375,0.2333333333333333,9.333333333333334
allies > summon,dense3,,6,60,3,107.16666666666667,107.16666666666667,107.16666666666667,91,0,0,0,0,14,81,4.014285714285715,0.2333333333333333,98.66666666666667
allies > heal,dense3,,6,60,3,8.911111111111111,8.9,8.933333333333334,6.666666666666667,0,0,0,0,59,12,0.6491525423728813,0.2333333333333333,10
allies > mend,dense3,,6,60,3,8.911111111111111,8.9,8.933333333333334,6.666666666666667,0,0,0,0,59,12,0.6491525423728813,0.2333333333333333,10
allies > shield,dense3,,5,60,3,8.911111111111111,8.9,8.933333333333334,6.666666666666667,0,0,0,0,61,12,0.621311475409836,0.2333333333333333,10
allies > haste,dense3,,5,60,3,8.911111111111111,8.9,8.933333333333334,6.666666666666667,0,0,0,0,68,15,0.6213235294117647,0.2333333333333333,10
allies > rage,dense3,,5,60,3,13.083333333333334,13.083333333333334,13.083333333333334,11,0,0,0,0,68,15,0.6213235294117647,0.2333333333333333,14
allies > scatter,dense3,,5,60,3,0,0,0,0,0,0,0,0,76,3,0.5217105263157894,,3
allies > lance,dense3,,5,60,3,6.666666666666667,6.666666666666667,6.666666666666667,5,0,0,0,0,70,12,0.5942857142857143,0.2333333333333333,8.333333333333334
allies > focus,dense3,,5,60,3,13.9,13.9,13.9,11,0,0,0,0,68,15,0.6213235294117647,0.16666666666666666,14.333333333333334
allies > amplify,dense3,,5,60,3,8.911111111111111,8.9,8.933333333333334,6.666666666666667,0,0,0,0,68,15,0.6213235294117647,0.2333333333333333,10
allies > prolong,dense3,,4,60,3,52.81111111111111,52.8,52.833333333333336,43.666666666666664,0,0,0,0,30,90,1.7999999999999992,0.2333333333333333,47.666666666666664
allies > regen,dense3,,5,60,3,8.911111111111111,8.9,8.933333333333334,6.666666666666667,0,0,0,0,68,15,0.6213235294117647,0.2333333333333333,10
allies > armor,dense3,,5,60,3,8.911111111111111,8.9,8.933333333333334,6.666666666666667,0,0,0,0,68,15,0.6213235294117647,0.2333333333333333,10
allies > pull,dense3,,4,60,3,6.855555555555557,6.166666666666667,7.4,5.666666666666667,0,0,0,0,70,15,0.5928571428571429,0.4333333333333333,9
allies > orb,dense3,,5,60,3,59.888888888888886,47.36666666666667,66.83333333333333,50.333333333333336,0,0,0,0,68,15,0.6213235294117647,0.2333333333333333,55.333333333333336
allies > mine,dense3,,5,60,3,30.388888888888886,28.833333333333332,33.5,24.333333333333332,0,0,0,0,68,15,0.6213235294117647,0.2333333333333333,27.333333333333332
allies > turret,dense3,,6,60,3,41.06666666666667,41.016666666666666,41.166666666666664,34,0,0,0,0,55,12,0.6672727272727274,0.2333333333333333,39.333333333333336
allies > decoy,dense3,,6,60,3,8.911111111111111,8.9,8.933333333333334,6.666666666666667,0,0,0,0,59,12,0.6491525423728813,0.2333333333333333,15.666666666666666
allies > detonate,dense3,,4,60,3,3.5,3.5,3.5,3,0,0,0,0,77,3,0.5168831168831168,0.06666666666666667,3
allies > launch,dense3,,4,60,3,4.277777777777778,3.6666666666666665,4.833333333333333,1.6666666666666667,0,0,0,0,80,3,0.515,0.06666666666666667,4.666666666666667
allies > boomerang,dense3,,5,60,3,6.666666666666667,6.666666666666667,6.666666666666667,5,0,0,0,0,70,12,0.5942857142857143,0.2333333333333333,8.333333333333334
allies > homing,dense3,,5,60,3,0,0,0,0,0,0,0,0,76,3,0.5217105263157894,,3
allies > laser,dense3,,5,60,3,7.233333333333333,7.233333333333333,7.233333333333333,5,0,0,0,0,61,12,0.621311475409836,0.2333333333333333,8.333333333333334
allies > chain,dense3,,5,60,3,15.133333333333333,15.1,15.2,12,0,0,0,0,61,12,0.621311475409836,0.06666666666666667,15
allies > meteor,dense3,,5,60,3,3.3333333333333335,3.3333333333333335,3.3333333333333335,2,0,0,0,0,65,6,0.556923076923077,0.2333333333333333,8
allies > blades,dense3,,6,60,3,1.1333333333333333,1.1333333333333333,1.1333333333333333,0,0,0,0,0,67,3,0.5328358208955224,0.2333333333333333,6
allies > root,dense3,,5,60,3,8.911111111111111,8.9,8.933333333333334,6.666666666666667,0,0,0,0,68,15,0.6213235294117647,0.2333333333333333,10
allies > mark,dense3,,4,60,3,8.911111111111111,8.9,8.933333333333334,6.666666666666667,0,0,0,0,81,18,0.5814814814814815,0.2333333333333333,10
allies > burn,dense3,,5,60,3,1.6777777777777778,1.6666666666666667,1.7,0.6666666666666666,0,0,0,0,76,3,0.5217105263157894,0.2333333333333333,3.6666666666666665
allies > fear,dense3,,5,60,3,1.3555555555555554,1.3333333333333333,1.4,0.6666666666666666,0,0,0,0,68,15,0.6213235294117647,0.2333333333333333,4.333333333333333
allies > execute,dense3,,5,60,3,0,0,0,0,0,0,0,0,76,3,0.5217105263157894,,3
allies > drain,dense3,,5,60,3,0,0,0,0,0,18,0,0,76,3,0.5217105263157894,,3
allies > blink,dense3,,5,60,3,8.022222222222224,7.933333333333334,8.166666666666666,6,0,0,0,0,64,12,0.609375,0.4444444444444444,9
allies > dash,dense3,,5,60,3,7.900000000000001,7.766666666666667,7.966666666666667,6,0,0,0,0,64,12,0.609375,0.4666666666666666,9
allies > archer,dense3,,6,60,3,91.61111111111113,91.16666666666667,92.16666666666667,77.33333333333333,0,0,0,0,14,81,4.014285714285715,0.2333333333333333,88.33333333333333
allies > sacrifice,dense3,,4,60,3,3.5,3.5,3.5,3,0,0,0,0,77,3,0.5168831168831168,0.06666666666666667,3
allies > rally,dense3,,5,60,3,83.33333333333333,83.33333333333333,83.33333333333333,71,0,0,0,0,25,75,2.149999999999999,0.16666666666666666,75
allies > ward,dense3,,7,60,3,0.7666666666666666,0.7,0.9,0,0,0,0,0,54,9,0.6527777777777778,0.2333333333333333,7
allies > spread,dense3,,4,60,3,8.911111111111111,8.9,8.933333333333334,6.666666666666667,0,0,0,0,70,15,0.5928571428571429,0.2333333333333333,10
allies > snipe,dense3,,6,60,3,0,0,0,0,0,0,0,0,67,3,0.5328358208955224,,3
allies > refresh,dense3,,4,60,3,52.81111111111111,52.8,52.833333333333336,43.666666666666664,0,0,0,0,32,96,1.7000000000000008,0.2333333333333333,47.666666666666664
allies > split,dense3,,4,60,3,18.255555555555556,18,18.533333333333335,14.333333333333334,0,0,0,0,63,21,0.6246031746031746,0.2333333333333333,20.666666666666668
allies > absorb,dense3,,4,60,3,0,0,0,0,0,18,0,0,80,3,0.515,,3
allies > swap,dense3,,4,60,3,8.47777777777778,8.333333333333334,8.633333333333333,5.333333333333333,0,0,0,32,64,15,0.609375,0.2333333333333333,4.333333333333333
zones > bolt,dense3,,4,60,3,12.122222222222222,11.5,12.433333333333334,9,0,0,0,0,77,9,0.5467532467532468,0.03333333333333333,14
zones > slash,dense3,,5,60,3,0.9,0.9,0.9,0,0,0,0,0,80,3,0.5193749999999999,0.03333333333333333,3
zones > explode,dense3,,5,60,3,0.9,0.9,0.9,0,0,0,0,0,67,3,0.5276119402985074,0.03333333333333333,3
zones > frost,dense3,,5,60,3,7,7,7,6,0,0,0,0,68,6,0.5514705882352942,0.03333333333333333,9.333333333333334
zones > poison,dense3,,6,60,3,0.9,0.9,0.9,0,0,0,0,0,67,3,0.5328358208955224,0.03333333333333333,3
zones > vortex,dense3,,5,60,3,0.9,0.9,0.9,0,0,0,0,0,65,6,0.556923076923077,0.03333333333333333,6
zones > shockwave,dense3,,4,60,3,0.9,0.9,0.9,0,0,0,0,0,70,3,0.52,0.03333333333333333,3
zones > summon,dense3,,6,60,3,24.766666666666666,24.7,24.9,21,0,0,0,0,57,6,0.5842105263157894,0.03333333333333333,24
zones > rage,dense3,,5,60,3,9.7,9.7,9.7,6,0,0,0,0,74,6,0.5445945945945946,0.03333333333333333,9
zones > scatter,dense3,,5,60,3,0.9,0.9,0.9,0,0,0,0,0,76,3,0.5217105263157894,0.03333333333333333,3
zones > lance,dense3,,5,60,3,0.9,0.9,0.9,0,0,0,0,0,76,3,0.5217105263157894,0.03333333333333333,3
zones > focus,dense3,,5,60,3,11.4,11.4,11.4,9,0,0,0,0,74,6,0.5445945945945946,0.03333333333333333,12.333333333333334
zones > amplify,dense3,,5,60,3,7,7,7,6,0,0,0,0,74,6,0.5445945945945946,0.03333333333333333,9.333333333333334
zones > prolong,dense3,,4,60,3,33.3,33.3,33.3,27,0,0,0,0,62,30,0.7096774193548386,0.03333333333333333,30.666666666666668
zones > pull,dense3,,4,60,3,0.9,0.9,0.9,0,0,0,0,0,75,6,0.5346666666666667,0.03333333333333333,3
zones > orb,dense3,,5,60,3,28,21,31.5,24,0,0,0,0,74,6,0.5445945945945946,0.03333333333333333,27.333333333333332
zones > mine,dense3,,5,60,3,17.5,17.5,17.5,15,0,0,0,0,74,6,0.5445945945945946,0.03333333333333333,18
zones > turret,dense3,,6,60,3,23.677777777777777,23.666666666666668,23.7,18.666666666666668,0,0,0,0,59,6,0.5779661016949152,0.03333333333333333,24.333333333333332
zones > decoy,dense3,,6,60,3,7,7,7,6,0,0,0,0,64,6,0.56875,0.03333333333333333,15
zones > detonate,dense3,,4,60,3,3.5,3.5,3.5,3,0,0,0,0,77,3,0.5168831168831168,0.03333333333333333,3
zones > launch,dense3,,4,60,3,4.9222222222222225,4.633333333333334,5.5,2.3333333333333335,0,0,0,0,80,3,0.515,0.03333333333333333,5.333333333333333
zones > boomerang,dense3,,5,60,3,0.9,0.9,0.9,0,0,0,0,0,76,3,0.5217105263157894,0.03333333333333333,3
zones > homing,dense3,,5,60,3,0.9,0.9,0.9,0,0,0,0,0,76,3,0.5217105263157894,0.03333333333333333,3
zones > laser,dense3,,5,60,3,0.9,0.9,0.9,0,0,0,0,0,67,3,0.5276119402985074,0.03333333333333333,3
zones > chain,dense3,,5,60,3,10.5,10.5,10.5,9,0,0,0,0,65,6,0.556923076923077,0.03333333333333333,12
zones > meteor,dense3,,5,60,3,1.8,1.8,1.8,0,0,0,0,0,67,3,0.5276119402985074,0.03333333333333333,6
zones > blades,dense3,,6,60,3,0.9,0.9,0.9,0,0,0,0,0,67,3,0.5328358208955224,0.03333333333333333,3
zones > root,dense3,,5,60,3,7,7,7,6,0,0,0,0,74,6,0.5445945945945946,0.03333333333333333,9.333333333333334
zones > mark,dense3,,4,60,3,7,7,7,6,0,0,0,0,85,9,0.5388235294117647,0.03333333333333333,9.333333333333334
zones > burn,dense3,,5,60,3,0.9,0.9,0.9,0,0,0,0,0,76,3,0.5217105263157894,0.03333333333333333,3
zones > fear,dense3,,5,60,3,1.5666666666666667,1.5,1.6,0,0,0,0,0,74,6,0.5445945945945946,0.03333333333333333,3
zones > execute,dense3,,5,60,3,0.9,0.9,0.9,0,0,0,0,0,76,3,0.5217105263157894,0.03333333333333333,3
zones > drain,dense3,,5,60,3,0.9,0.9,0.9,0,0,18,0,0,76,3,0.5217105263157894,0.03333333333333333,3
zones > blink,dense3,,5,60,3,0.9,0.9,0.9,0,0,0,0,0,68,6,0.5514705882352942,0.03333333333333333,3
zones > dash,dense3,,5,60,3,0.9,0.9,0.9,0,0,0,0,0,68,6,0.5514705882352942,0.03333333333333333,3
zones > archer,dense3,,6,60,3,21.98888888888889,21.166666666666668,22.466666666666665,17.666666666666668,0,0,0,0,57,6,0.5842105263157894,0.03333333333333333,22.333333333333332
zones > sacrifice,dense3,,4,60,3,3.5,3.5,3.5,3,0,0,0,0,77,3,0.5168831168831168,0.03333333333333333,3
zones > rally,dense3,,5,60,3,161.9,161.9,161.9,138,0,0,0,0,25,75,2.149999999999999,0.03333333333333333,142.66666666666666
zones > ward,dense3,,7,60,3,0.9,0.9,0.9,0,0,0,0,0,56,6,0.5982142857142857,0.03333333333333333,6
zones > spread,dense3,,4,60,3,7,7,7,6,0,0,0,0,75,6,0.5346666666666667,0.03333333333333333,9.333333333333334
zones > snipe,dense3,,6,60,3,0.9,0.9,0.9,0,0,0,0,0,67,3,0.5328358208955224,0.03333333333333333,3
zones > refresh,dense3,,4,60,3,105,105,105,90,0,0,0,0,32,96,1.7000000000000008,0.03333333333333333,94
zones > split,dense3,,4,60,3,16.2,14.833333333333334,17.5,13,0,0,0,0,68,9,0.5522058823529411,0.03333333333333333,25
zones > absorb,dense3,,4,60,3,0.9,0.9,0.9,0,0,18,0,0,80,3,0.515,0.03333333333333333,3
zones > swap,dense3,,4,60,3,4.7,4.7,4.7,3,0,0,0,18,69,6,0.5405797101449274,0.03333333333333333,5.333333333333333
shots > bolt,dense3,,4,60,3,0.5,0.5,0.5,0,0,0,0,0,82,0,0.5,0.03333333333333333,0
shots > slash,dense3,,5,60,3,0.5,0.5,0.5,0,0,0,0,0,82,0,0.5,0.03333333333333333,0
shots > explode,dense3,,5,60,3,0.5,0.5,0.5,0,0,0,0,0,69,0,0.5,0.03333333333333333,0
shots > frost,dense3,,5,60,3,0.5,0.5,0.5,0,0,0,0,0,72,0,0.5,0.03333333333333333,0
shots > poison,dense3,,6,60,3,0.5,0.5,0.5,0,0,0,0,0,69,0,0.5,0.03333333333333333,0
shots > vortex,dense3,,5,60,3,0.5,0.5,0.5,0,0,0,0,0,69,0,0.5,0.03333333333333333,0
shots > shockwave,dense3,,4,60,3,0.5,0.5,0.5,0,0,0,0,0,72,0,0.5,0.03333333333333333,0
shots > summon,dense3,,6,60,3,0.5,0.5,0.5,0,0,0,0,0,62,0,0.5,0.03333333333333333,0
shots > haste,dense3,,5,60,3,0.5,0.5,0.5,0,0,0,0,0,78,0,0.5,0.03333333333333333,0
shots > rage,dense3,,5,60,3,0.5,0.5,0.5,0,0,0,0,0,78,0,0.5,0.03333333333333333,0
shots > scatter,dense3,,5,60,3,0.5,0.5,0.5,0,0,0,0,0,78,0,0.5,0.03333333333333333,0
shots > lance,dense3,,5,60,3,0.5,0.5,0.5,0,0,0,0,0,78,0,0.5,0.03333333333333333,0
shots > amplify,dense3,,5,60,3,0.5,0.5,0.5,0,0,0,0,0,78,0,0.5,0.03333333333333333,0
shots > prolong,dense3,,4,60,3,0.5,0.5,0.5,0,0,0,0,0,78,0,0.5,0.03333333333333333,0
shots > pull,dense3,,4,60,3,0.5,0.5,0.5,0,0,0,0,0,78,0,0.5,0.03333333333333333,0
shots > orb,dense3,,5,60,3,0.5,0.5,0.5,0,0,0,0,0,78,0,0.5,0.03333333333333333,0
shots > mine,dense3,,5,60,3,0.5,0.5,0.5,0,0,0,0,0,78,0,0.5,0.03333333333333333,0
shots > turret,dense3,,6,60,3,0.5,0.5,0.5,0,0,0,0,0,64,0,0.5,0.03333333333333333,0
shots > decoy,dense3,,6,60,3,0.5,0.5,0.5,0,0,0,0,0,69,0,0.5,0.03333333333333333,0
shots > detonate,dense3,,4,60,3,0.5,0.5,0.5,0,0,0,0,0,78,0,0.5,0.03333333333333333,0
shots > launch,dense3,,4,60,3,0.5,0.5,0.5,0,0,0,0,0,82,0,0.5,0.03333333333333333,0
shots > boomerang,dense3,,5,60,3,0.5,0.5,0.5,0,0,0,0,0,78,0,0.5,0.03333333333333333,0
shots > homing,dense3,,5,60,3,0.5,0.5,0.5,0,0,0,0,0,78,0,0.5,0.03333333333333333,0
shots > laser,dense3,,5,60,3,0.5,0.5,0.5,0,0,0,0,0,69,0,0.5,0.03333333333333333,0
shots > chain,dense3,,5,60,3,0.5,0.5,0.5,0,0,0,0,0,69,0,0.5,0.03333333333333333,0
shots > meteor,dense3,,5,60,3,0.5,0.5,0.5,0,0,0,0,0,69,0,0.5,0.03333333333333333,0
shots > blades,dense3,,6,60,3,0.5,0.5,0.5,0,0,0,0,0,69,0,0.5,0.03333333333333333,0
shots > root,dense3,,5,60,3,0.5,0.5,0.5,0,0,0,0,0,78,0,0.5,0.03333333333333333,0
shots > mark,dense3,,4,60,3,0.5,0.5,0.5,0,0,0,0,0,90,0,0.5,0.03333333333333333,0
shots > burn,dense3,,5,60,3,0.5,0.5,0.5,0,0,0,0,0,78,0,0.5,0.03333333333333333,0
shots > fear,dense3,,5,60,3,0.5,0.5,0.5,0,0,0,0,0,78,0,0.5,0.03333333333333333,0
shots > execute,dense3,,5,60,3,0.5,0.5,0.5,0,0,0,0,0,78,0,0.5,0.03333333333333333,0
shots > drain,dense3,,5,60,3,0.5,0.5,0.5,0,0,0,0,0,78,0,0.5,0.03333333333333333,0
shots > blink,dense3,,5,60,3,0.5,0.5,0.5,0,0,0,0,0,72,0,0.5,0.03333333333333333,0
shots > dash,dense3,,5,60,3,0.5,0.5,0.5,0,0,0,0,0,72,0,0.5,0.03333333333333333,0
shots > archer,dense3,,6,60,3,0.5,0.5,0.5,0,0,0,0,0,62,0,0.5,0.03333333333333333,0
shots > sacrifice,dense3,,4,60,3,0.5,0.5,0.5,0,0,0,0,0,78,0,0.5,0.03333333333333333,0
shots > rally,dense3,,5,60,3,0.5,0.5,0.5,0,0,0,0,0,78,0,0.5,0.03333333333333333,0
shots > ward,dense3,,7,60,3,0.5,0.5,0.5,0,0,0,0,0,62,0,0.5,0.03333333333333333,0
shots > spread,dense3,,4,60,3,0.5,0.5,0.5,0,0,0,0,0,78,0,0.5,0.03333333333333333,0
shots > snipe,dense3,,6,60,3,0.5,0.5,0.5,0,0,0,0,0,69,0,0.5,0.03333333333333333,0
shots > refresh,dense3,,4,60,3,0.5,0.5,0.5,0,0,0,0,0,82,0,0.5,0.03333333333333333,0
shots > split,dense3,,4,60,3,0.5,0.5,0.5,0,0,0,0,0,72,0,0.5,0.03333333333333333,0
shots > absorb,dense3,,4,60,3,0.5,0.5,0.5,0,0,0,0,0,82,0,0.5,0.03333333333333333,0
shots > swap,dense3,,4,60,3,0.5,0.5,0.5,0,0,0,0,0,72,0,0.5,0.03333333333333333,0
gems > bolt,dense3,,3,60,3,71.16666666666667,49,82.83333333333333,61,0,0,0,0,13.666666666666666,337.3333333333333,4.662339743589744,0.37777777777777777,118
gems > slash,dense3,,4,60,3,0,0,0,0,0,0,0,0,80,3,0.515,,3
gems > explode,dense3,,4,60,3,0,0,0,0,0,0,0,0,68,3,0.5220588235294118,,3
gems > frost,dense3,,4,60,3,0,0,0,0,0,0,0,0,28,84,1.8999999999999992,,3
gems > poison,dense3,,5,60,3,0,0,0,0,0,0,0,0,67,3,0.5276119402985074,,3
gems > vortex,dense3,,4,60,3,0,0,0,0,0,0,0,6,68,3,0.5220588235294118,,6
gems > shockwave,dense3,,3,60,3,0,0,0,0,0,0,0,0,71,3,0.5147887323943662,,3
gems > summon,dense3,,5,60,3,77.07777777777777,76.03333333333333,77.6,65.66666666666667,0,0,0,0,6,128,9.883333333333335,0.26666666666666666,77.33333333333333
gems > haste,dense3,,4,60,3,0,0,0,0,0,0,0,0,30,90,1.7999999999999992,,3
gems > scatter,dense3,,4,60,3,0,0,0,0,0,0,0,0,77,3,0.5168831168831168,,3
gems > lance,dense3,,4,60,3,0,0,0,0,0,0,0,0,77,3,0.5168831168831168,,3
gems > amplify,dense3,,4,60,3,0,0,0,0,0,0,0,0,30,90,1.7999999999999992,,3
gems > pull,dense3,,3,60,3,0,0,0,0,0,0,0,6,77,3,0.5123376623376624,,3
gems > magnet,dense3,,3,60,3,0,0,0,0,0,0,0,6,81,3,0.5104938271604939,,3
gems > harvest,dense3,,4,60,3,0,0,0,0,0,0,0,0,30,90,1.7999999999999992,,3
gems > orb,dense3,,4,60,3,182.84444444444446,160.36666666666667,209.83333333333334,155.66666666666666,0,0,0,0,7.333333333333333,340,10.522619047619047,0.26666666666666666,173.66666666666666
gems > mine,dense3,,4,60,3,121,121,121,102,0,0,0,0,7,264,8.742857142857144,0.5666666666666667,108.33333333333333
gems > turret,dense3,,5,60,3,106.37777777777778,105.3,107.51666666666667,90.66666666666667,0,0,0,0,7,180.33333333333334,10.416666666666666,0.26666666666666666,111.33333333333333
gems > decoy,dense3,,5,60,3,0,0,0,0,0,0,0,0,23,69,2.350000000000001,,12
gems > detonate,dense3,,3,60,3,126,126,126,108,0,0,0,0,36,108,1.4500000000000004,0.06666666666666667,6.333333333333333
gems > launch,dense3,,3,60,3,5.444444444444444,4.333333333333333,6.5,2.6666666666666665,0,0,0,0,79,5.666666666666667,0.5259493670886076,0.06666666666666667,4.666666666666667
gems > boomerang,dense3,,4,60,3,0,0,0,0,0,0,0,0,77,3,0.5168831168831168,,3
gems > homing,dense3,,4,60,3,0,0,0,0,0,0,0,0,77,3,0.5168831168831168,,3
gems > laser,dense3,,4,60,3,0,0,0,0,0,0,0,0,68,3,0.5220588235294118,,3
gems > chain,dense3,,4,60,3,35,35,35,30,0,0,0,0,11,168,5.681818181818181,0.06666666666666667,33.333333333333336
gems > meteor,dense3,,4,60,3,0,0,0,0,0,0,0,0,68,3,0.5220588235294118,,6
gems > blades,dense3,,5,60,3,0,0,0,0,0,0,0,0,67,3,0.5276119402985074,,3
gems > root,dense3,,4,60,3,0,0,0,0,0,0,0,0,30,90,1.7999999999999992,,3
gems > mark,dense3,,3,60,3,0,0,0,0,0,0,0,0,43,129,1.2499999999999998,,3
gems > burn,dense3,,4,60,3,0,0,0,0,0,0,0,0,77,3,0.5168831168831168,,3
gems > fear,dense3,,4,60,3,0,0,0,0,0,0,0,0,75,6,0.5346666666666667,,3
gems > execute,dense3,,4,60,3,0,0,0,0,0,0,0,0,77,3,0.5168831168831168,,3
gems > drain,dense3,,4,60,3,0,0,0,0,0,18,0,0,77,3,0.5168831168831168,,3
gems > blink,dense3,,4,60,3,0,0,0,0,0,0,0,0,67,9,0.5626865671641792,,3
gems > dash,dense3,,4,60,3,0,0,0,0,0,0,0,0,67,9,0.5626865671641792,,3
gems > archer,dense3,,5,60,3,73.94444444444444,72.16666666666667,75.5,62,0,0,0,0,7,150.33333333333334,9.940476190476192,0.26666666666666666,74.66666666666667
gems > sacrifice,dense3,,3,60,3,126,126,126,108,0,0,0,0,36,108,1.4500000000000004,0.06666666666666667,6.333333333333333
gems > rally,dense3,,4,60,3,0,0,0,0,0,0,0,0,30,90,1.7999999999999992,,3
gems > ward,dense3,,6,60,3,0,0,0,0,0,0,0,0,60,3,0.5399999999999999,,6
gems > spread,dense3,,3,60,3,0,0,0,0,0,0,0,0,36,108,1.4500000000000004,,3
gems > snipe,dense3,,5,60,3,0,0,0,0,0,0,0,0,67,3,0.5276119402985074,,3
gems > split,dense3,,3,60,3,0,0,0,0,0,0,0,0.015625,7,380.6666666666667,14.395238095238094,,383.3333333333333
gems > absorb,dense3,,3,60,3,0,0,0,0,0,0,0,6,81,3,0.5104938271604939,,3
gems > swap,dense3,,3,60,3,0,0,0,0,0,0,0,4,44,46,1.0613636363636358,,3
prey > bolt,dense3,,3,60,3,24.944444444444443,19.5,28,20.333333333333332,0,0,0,0,48,48,1.0499999999999992,0.36666666666666664,35.333333333333336
prey > slash,dense3,,4,60,3,14.800000000000002,14.8,14.8,12,0,0,0,0,38,38,1.3999999999999992,0.06666666666666667,24.333333333333332
prey > explode,dense3,,4,60,3,13.699999999999998,13.7,13.7,11,0,0,0,0,35,35,1.3999999999999992,0.06666666666666667,22.333333333333332
prey > frost,dense3,,4,60,3,2.3333333333333335,2.3333333333333335,2.3333333333333335,2,0.19518518518518835,0,0,0,36,36,1.3999999999999992,0.06666666666666667,4
prey > poison,dense3,,5,60,3,16.633333333333333,16.633333333333333,16.633333333333333,14,0,0,0,0,29,29,1.75,0.06666666666666667,31
prey > vortex,dense3,,4,60,3,0,0,0,0,0,0,0,0,35,35,1.3999999999999992,,1
prey > shockwave,dense3,,3,60,3,8.566666666666666,8.566666666666666,8.566666666666666,7,0,0,0,0,44,44,1.0499999999999994,0.06666666666666667,14.666666666666666
prey > summon,dense3,,5,60,3,79.37777777777778,79.36666666666666,79.4,66.66666666666667,0,0,0,0,28,28,1.75,0.26666666666666666,92.33333333333333
prey > heal,dense3,,5,60,3,0,0,0,0,0,0,0,0,29,29,1.75,,0
prey > mend,dense3,,5,60,3,0,0,0,0,0,0,0,0,29,29,1.75,,0
prey > shield,dense3,,4,60,3,0,0,0,0,0,0,0,0,35,35,1.3999999999999992,,0
prey > haste,dense3,,4,60,3,0,0,0,0,0,0,0,0,37,37,1.3999999999999992,,0
prey > rage,dense3,,4,60,3,0,0,0,0,0,0,0,0,37,37,1.3999999999999992,,0
prey > scatter,dense3,,4,60,3,22,22,22,18,0,0,0,0,37,37,1.3999999999999992,0.06666666666666667,36.333333333333336
prey > lance,dense3,,4,60,3,8.7,8.7,8.7,7,0,0,0,0,37,37,1.3999999999999992,0.06666666666666667,14
prey > focus,dense3,,4,60,3,0,0,0,0,0,0,0,0,37,37,1.3999999999999992,,0
prey > amplify,dense3,,4,60,3,0,0,0,0,0,0,0,0,37,37,1.3999999999999992,,0
prey > prolong,dense3,,3,60,3,0,0,0,0,0,0,0,0,78,0,0.5,,0
prey > regen,dense3,,4,60,3,0,0,0,0,0,0,0,0,37,37,1.3999999999999992,,0
prey > armor,dense3,,4,60,3,0,0,0,0,0,0,0,0,37,37,1.3999999999999992,,0
prey > pull,dense3,,3,60,3,0,0,0,0,0,0,0,0,46,46,1.0499999999999994,,0
prey > harvest,dense3,,4,60,3,0,0,0,0,0,0,0,0,37,37,1.3999999999999992,,0
prey > orb,dense3,,4,60,3,129.9777777777778,90.4,180.3,109.66666666666667,0,0,0,0,39.666666666666664,35,1.295885750962772,0.26666666666666666,143
prey > mine,dense3,,4,60,3,65,65,65,54,0,0,0,0,37,37,1.3999999999999992,0.5666666666666667,73.66666666666667
prey > turret,dense3,,5,60,3,69.30555555555556,69.28333333333333,69.31666666666666,58.333333333333336,0,0,0,0,28,28,1.75,0.26666666666666666,82.33333333333333
prey > decoy,dense3,,5,60,3,0,0,0,0,0,0,0,0,29,29,1.75,,3
prey > detonate,dense3,,3,60,3,110,110,110,93,0,0,0,0,46,46,1.0499999999999994,0.06666666666666667,140.66666666666666
prey > launch,dense3,,3,60,3,96.27777777777779,74.66666666666667,111.66666666666667,81.66666666666667,0,0,0,0,48,48,1.0499999999999992,0.06666666666666667,135.33333333333334
prey > boomerang,dense3,,4,60,3,8.7,8.7,8.7,7,0,0,0,0,37,37,1.3999999999999992,0.06666666666666667,14
prey > homing,dense3,,4,60,3,22,22,22,18,0,0,0,0,37,37,1.3999999999999992,0.06666666666666667,36.333333333333336
prey > laser,dense3,,4,60,3,8.166666666666666,8.166666666666666,8.166666666666666,7,0,0,0,0,35,35,1.3999999999999992,0.06666666666666667,14
prey > chain,dense3,,4,60,3,20.5,20.5,20.5,15,0,0,0,0,35,35,1.3999999999999992,0.06666666666666667,20.333333333333332
prey > meteor,dense3,,4,60,3,20.633333333333333,20.633333333333333,20.633333333333333,17,0,0,0,0,35,35,1.3999999999999992,0.8666666666666666,35
prey > blades,dense3,,5,60,3,33.46666666666667,33.46666666666667,33.46666666666667,28,0,0,0,0,29,29,1.75,0.06666666666666667,57.333333333333336
prey > root,dense3,,4,60,3,0,0,0,0,0.3329629629629583,0,0,0,37,37,1.3999999999999992,,0
prey > mark,dense3,,3,60,3,0,0,0,0,0,0,0,0,50,50,1.0499999999999992,,0
prey > burn,dense3,,4,60,3,21.566666666666666,21.566666666666666,21.566666666666666,18,0,0,0,0,37,37,1.3999999999999992,0.10000000000000002,36
prey > fear,dense3,,4,60,3,0,0,0,0,0.08777777777777752,0,0,0,68,9,0.6191176470588236,,0
prey > execute,dense3,,4,60,3,21.833333333333332,21.833333333333332,21.833333333333332,18,0,0,0,0,37,37,1.3999999999999992,0.06666666666666667,36.666666666666664
prey > drain,dense3,,4,60,3,22,22,22,18,0,50,0,0,37,37,1.3999999999999992,0.06666666666666667,36.333333333333336
prey > blink,dense3,,4,60,3,0,0,0,0,0,0,0,0,63,9,0.6285714285714286,,0
prey > dash,dense3,,4,60,3,0,0,0,0,0,0,0,0,63,9,0.6285714285714286,,0
prey > archer,dense3,,5,60,3,68,68,68,57.333333333333336,0,0,0,0,28,28,1.75,0.26666666666666666,68.33333333333333
prey > sacrifice,dense3,,3,60,3,109.83333333333333,109.83333333333333,109.83333333333333,93,0,0,0,0,46,46,1.0499999999999994,0.06666666666666667,140.66666666666666
prey > rally,dense3,,4,60,3,0,0,0,0,0,0,0,0,37,37,1.3999999999999992,,0
prey > ward,dense3,,6,60,3,0,0,0,0,0,0,0,0,57,3,0.5842105263157894,,2
prey > spread,dense3,,3,60,3,0,0,0,0,0,0,0,0,46,46,1.0499999999999994,,0
prey > snipe,dense3,,5,60,3,33.833333333333336,33.833333333333336,33.833333333333336,29,0,0,0,0,29,29,1.75,0.06666666666666667,59
prey > refresh,dense3,,3,60,3,0,0,0,0,0,0,0,0,82,0,0.5,,0
prey > split,dense3,,3,60,3,0,0,0,0,0,0,0,0,44,44,1.0499999999999994,,0
prey > absorb,dense3,,3,60,3,56,56,56,48,0,50,0,0,48,48,1.0499999999999992,0.06666666666666667,97
prey > swap,dense3,,3,60,3,0,0,0,0,0,0,0,0,44,44,1.0499999999999994,,0
lastHit > bolt,dense3,,2,60,3,1.777777777777778,1.5,2.3333333333333335,1.3333333333333333,0,0,0,0,81,4,0.5098765432098765,0.36666666666666664,2.6666666666666665
lastHit > slash,dense3,,3,60,3,1.1666666666666667,1.1666666666666667,1.1666666666666667,1,0,0,0,0,80,3,0.520625,0.06666666666666667,1
lastHit > explode,dense3,,3,60,3,1.1666666666666667,1.1666666666666667,1.1666666666666667,1,0,0,0,0,67,3,0.5246268656716417,0.06666666666666667,1
lastHit > frost,dense3,,3,60,3,1.1666666666666667,1.1666666666666667,1.1666666666666667,1,0.09759259259259277,0,0,0,61,18,0.6622950819672132,0.06666666666666667,1
lastHit > poison,dense3,,4,60,3,1.1666666666666667,1.1666666666666667,1.1666666666666667,1,0,0,0,0,66,3,0.540909090909091,0.06666666666666667,4
lastHit > vortex,dense3,,3,60,3,0,0,0,0,0,0,0,0,43,43,1.0499999999999994,,2
lastHit > shockwave,dense3,,2,60,3,1.1666666666666667,1.1666666666666667,1.1666666666666667,1,0,0,0,0,71,6,0.5169014084507043,0.06666666666666667,1
lastHit > summon,dense3,,4,60,3,6.2444444444444445,6.233333333333333,6.266666666666667,4.666666666666667,0,0,0,0,60,2,0.53,0.26666666666666666,6
lastHit > heal,dense3,,4,60,3,0,0,0,0,0,0,0,0,35,35,1.3999999999999992,,0
lastHit > mend,dense3,,4,60,3,0,0,0,0,0,0,0,0,35,35,1.3999999999999992,,0
lastHit > shield,dense3,,3,60,3,0,0,0,0,0,0,0,0,43,43,1.0499999999999994,,0
lastHit > haste,dense3,,3,60,3,0,0,0,0,0,0,0,0,46,46,1.0499999999999994,,0
lastHit > rage,dense3,,3,60,3,0,0,0,0,0,0,0,0,46,46,1.0499999999999994,,0
lastHit > scatter,dense3,,3,60,3,1.1666666666666667,1.1666666666666667,1.1666666666666667,1,0,0,0,0,77,2,0.5142857142857143,0.06666666666666667,1
lastHit > lance,dense3,,3,60,3,1.1666666666666667,1.1666666666666667,1.1666666666666667,1,0,0,0,0,75,5,0.5366666666666666,0.06666666666666667,1
lastHit > focus,dense3,,3,60,3,0,0,0,0,0,0,0,0,46,46,1.0499999999999994,,0
lastHit > amplify,dense3,,3,60,3,0,0,0,0,0,0,0,0,46,46,1.0499999999999994,,0
lastHit > prolong,dense3,,2,60,3,0,0,0,0,0,0,0,0,78,0,0.5,,0
lastHit > regen,dense3,,3,60,3,0,0,0,0,0,0,0,0,46,46,1.0499999999999994,,0
lastHit > armor,dense3,,3,60,3,0,0,0,0,0,0,0,0,46,46,1.0499999999999994,,0
lastHit > pull,dense3,,2,60,3,0,0,0,0,0,0,0,0,62,62,0.7000000000000005,,0
lastHit > harvest,dense3,,3,60,3,0,0,0,0,0,0,0,0,46,46,1.0499999999999994,,0
lastHit > orb,dense3,,3,60,3,10.333333333333334,5.166666666666667,15.5,8,0,0,0,0,76,3,0.5217105263157894,0.26666666666666666,10
lastHit > mine,dense3,,3,60,3,3.5,3.5,3.5,3,0,0,0,0,77,2,0.5142857142857143,0.5666666666666667,3
lastHit > turret,dense3,,4,60,3,5.566666666666666,5.566666666666666,5.566666666666666,4,0,0,0,0,62,2,0.529032258064516,0.26666666666666666,6
lastHit > decoy,dense3,,4,60,3,0,0,0,0,0,0,0,0,35,35,1.3999999999999992,,4
lastHit > detonate,dense3,,2,60,3,2.6666666666666665,2.6666666666666665,2.6666666666666665,1,0,0,0,0,78,1,0.5025641025641026,0.06666666666666667,1
lastHit > launch,dense3,,2,60,3,2,1.6666666666666667,2.1666666666666665,1,0,0,0,0,82,1,0.5024390243902439,0.06666666666666667,2
lastHit > boomerang,dense3,,3,60,3,1.1666666666666667,1.1666666666666667,1.1666666666666667,1,0,0,0,0,75,5,0.5366666666666666,0.06666666666666667,1
lastHit > homing,dense3,,3,60,3,1.1666666666666667,1.1666666666666667,1.1666666666666667,1,0,0,0,0,77,2,0.5142857142857143,0.06666666666666667,1
lastHit > laser,dense3,,3,60,3,1.1666666666666667,1.1666666666666667,1.1666666666666667,1,0,0,0,0,66,5,0.5416666666666666,0.06666666666666667,1
lastHit > chain,dense3,,3,60,3,3.5,3.5,3.5,3,0,0,0,0,66,6,0.5499999999999999,0.06666666666666667,3
lastHit > meteor,dense3,,3,60,3,1.1666666666666667,1.1666666666666667,1.1666666666666667,1,0,0,0,0,68,2,0.5161764705882353,0.8666666666666666,1
lastHit > blades,dense3,,4,60,3,1.1666666666666667,1.1666666666666667,1.1666666666666667,1,0,0,0,0,68,1,0.513235294117647,0.06666666666666667,2
lastHit > root,dense3,,3,60,3,0,0,0,0,0.3329629629629583,0,0,0,46,46,1.0499999999999994,,0
lastHit > mark,dense3,,2,60,3,0,0,0,0,0,0,0,0,70,70,0.7000000000000007,,0
lastHit > burn,dense3,,3,60,3,1.1666666666666667,1.1666666666666667,1.1666666666666667,1,0,0,0,0,77,2,0.5142857142857143,0.10000000000000002,1
lastHit > fear,dense3,,3,60,3,0,0,0,0,0.3329629629629583,0,0,0,46,46,1.0499999999999994,,0
lastHit > execute,dense3,,3,60,3,1.1666666666666667,1.1666666666666667,1.1666666666666667,1,0,0,0,0,77,2,0.5142857142857143,0.06666666666666667,1
lastHit > drain,dense3,,3,60,3,1.1666666666666667,1.1666666666666667,1.1666666666666667,1,0,12,0,0,77,2,0.5142857142857143,0.06666666666666667,1
lastHit > blink,dense3,,3,60,3,0,0,0,0,0,0,0,0,44,44,1.0499999999999994,,0
lastHit > dash,dense3,,3,60,3,0,0,0,0,0,0,0,0,44,44,1.0499999999999994,,0
lastHit > archer,dense3,,4,60,3,5.333333333333333,5.333333333333333,5.333333333333333,4,0,0,0,0,60,2,0.53,0.26666666666666666,6
lastHit > sacrifice,dense3,,2,60,3,2.5,2.5,2.5,1,0,0,0,0,78,1,0.5025641025641026,0.06666666666666667,1
lastHit > rally,dense3,,3,60,3,0,0,0,0,0,0,0,0,46,46,1.0499999999999994,,0
lastHit > ward,dense3,,5,60,3,0,0,0,0,0,0,0,0,28,28,1.75,,2
lastHit > spread,dense3,,2,60,3,0,0,0,0,0,0,0,0,62,62,0.7000000000000005,,0
lastHit > snipe,dense3,,4,60,3,1.1666666666666667,1.1666666666666667,1.1666666666666667,1,0,0,0,0,68,1,0.513235294117647,0.06666666666666667,1
lastHit > refresh,dense3,,2,60,3,0,0,0,0,0,0,0,0,82,0,0.5,,0
lastHit > split,dense3,,2,60,3,0,0,0,0,0,0,0,0,58,58,0.7000000000000003,,0
lastHit > absorb,dense3,,2,60,3,1.1666666666666667,1.1666666666666667,1.1666666666666667,1,0,6,0,0,82,1,0.5024390243902439,0.06666666666666667,1
lastHit > swap,dense3,,2,60,3,0,0,0,0,0,0,0,0,58,58,0.7000000000000003,,0
all > bolt,dense3,,6,60,3,99.94444444444446,95.66666666666667,106.16666666666667,85.66666666666667,0,0,0,0,6.666666666666667,358.6666666666667,10.008333333333333,0.03333333333333333,170.66666666666666
all > slash,dense3,,7,60,3,36.84444444444444,36.2,37.36666666666667,30.666666666666668,0,0,408,0,17,119.33333333333333,3.352941176470587,0.03333333333333333,15.333333333333334
all > explode,dense3,,7,60,3,30.95555555555556,30.033333333333335,31.633333333333333,25.666666666666668,0,0,338,0,13,95.66666666666667,4.357692307692307,0.03333333333333333,19
all > frost,dense3,,7,60,3,22.96666666666667,22,23.6,18.333333333333332,0.08814814814814798,0,24,0,6,163,8.991666666666667,0.03333333333333333,27
all > poison,dense3,,8,60,3,34.05555555555555,32.5,35.03333333333333,28.333333333333332,0,0,230,0,12,94.66666666666667,4.866666666666666,0.03333333333333333,19
all > vortex,dense3,,7,60,3,13.605555555555554,12.466666666666667,14.8,10.333333333333334,0,25,0,68,15,84,3.8300000000000014,0.03333333333333333,26.333333333333332
all > shockwave,dense3,,6,60,3,28.08888888888889,26.866666666666667,29,23.333333333333332,0,0,192,0,16,106,3.506250000000001,0.03333333333333333,16.666666666666668
all > summon,dense3,,8,60,3,84.67777777777778,84.23333333333333,85.4,71.66666666666667,0,0,0,0,4,178,20.200000000000003,0.03333333333333333,83.66666666666667
all > heal,dense3,,8,60,3,24.105555555555554,23.583333333333332,24.566666666666666,17.666666666666668,0,259.6666666666667,0,0,14,68,3.9571428571428577,0.03333333333333333,28
all > mend,dense3,,8,60,3,24.04444444444444,22.8,24.7,17.666666666666668,0,256,0,0,14,68,3.9571428571428577,0.03333333333333333,27.666666666666668
all > shield,dense3,,7,60,3,21.32777777777778,20.316666666666666,21.916666666666668,17.333333333333332,0,0,0,0,16,76,3.575000000000001,0.03333333333333333,27.333333333333332
all > haste,dense3,,7,60,3,23.522222222222222,23.2,23.866666666666667,18.333333333333332,0,0,0,0,8,212.33333333333334,7.558333333333333,0.03333333333333333,28.666666666666668
all > rage,dense3,,7,60,3,33.41388888888889,30.891666666666666,35.63333333333333,27.333333333333332,0,0,0,0,19,76,3.0500000000000007,0.03333333333333333,36.666666666666664
all > scatter,dense3,,7,60,3,31,31,31,24,0,0,80,0,16,103,3.537499999999999,0.03333333333333333,15
all > lance,dense3,,7,60,3,30.555555555555557,29.6,31.3,24.666666666666668,0,0,256,0,16,110.66666666666667,3.633333333333333,0.03333333333333333,17.666666666666668
all > focus,dense3,,7,60,3,36.49444444444444,35.03333333333333,37.56666666666667,29.666666666666668,0,0,0,0,19,75.66666666666667,3.046491228070176,0.03333333333333333,39.333333333333336
all > amplify,dense3,,7,60,3,23.972222222222225,23.5,24.6,19.333333333333332,0,0,0,0,8,226,7.8999999999999995,0.03333333333333333,29.333333333333332
all > prolong,dense3,,6,60,3,108.75,101.48333333333333,113.53333333333333,91.66666666666667,0,0,0,0,19,102,2.9736842105263146,0.03333333333333333,104.33333333333333
all > regen,dense3,,7,60,3,23.540000000000003,23.185555555555556,23.974444444444448,18.333333333333332,0,179.06666666665822,0,0,18,88,3.2277777777777765,0.03333333333333333,28
all > armor,dense3,,7,60,3,18.63888888888889,17.983333333333334,19.35,14.666666666666666,0,0,0,0,18,88,3.2277777777777765,0.03333333333333333,24.666666666666668
all > pull,dense3,,6,60,3,24.044444444444448,23.8,24.166666666666668,19.666666666666668,0,33.333333333333336,0,124,20,85,2.75,0.03333333333333333,15
all > magnet,dense3,,6,60,3,23.522222222222222,23.2,23.866666666666667,18.333333333333332,0,41.666666666666664,0,116,67.66666666666667,24.666666666666668,0.6548417333621747,0.03333333333333333,17.666666666666668
all > harvest,dense3,,7,60,3,23.522222222222222,23.2,23.866666666666667,18.333333333333332,0,0,0,0,9,192,6.516666666666666,0.03333333333333333,28.666666666666668
all > orb,dense3,,7,60,3,153.26666666666668,128,173.56666666666666,130,0,0,0,0,4.666666666666667,348.3333333333333,17.153333333333332,0.03333333333333333,150.66666666666666
all > mine,dense3,,7,60,3,116.94444444444446,116.66666666666667,117.5,99.66666666666667,0,0,0,0,5,283.3333333333333,13.583333333333334,0.03333333333333333,107.66666666666667
all > turret,dense3,,8,60,3,98.32222222222221,96.26666666666667,100.1,83.33333333333333,0,0,0,0,3.6666666666666665,203,21.641666666666666,0.03333333333333333,106
all > decoy,dense3,,8,60,3,15.777777777777779,15.733333333333333,15.833333333333334,12.666666666666666,0,0,0,0,7,156.66666666666666,9.214285714285714,0.03333333333333333,33.666666666666664
all > detonate,dense3,,6,60,3,63,63,63,54,0,0,0,0,17.666666666666668,118.33333333333333,3.2398692810457526,0.03333333333333333,15
all > launch,dense3,,6,60,3,81.83333333333333,74,86,69,0,0,0,0,19,138.66666666666666,3.0447368421052636,0.03333333333333333,24.333333333333332
all > boomerang,dense3,,7,60,3,30.555555555555557,29.6,31.3,24.666666666666668,0,0,256,0,16,110.66666666666667,3.633333333333333,0.03333333333333333,17.666666666666668
all > homing,dense3,,7,60,3,31,31,31,24,0,0,80,0,16,103,3.537499999999999,0.03333333333333333,15
all > laser,dense3,,7,60,3,28.433333333333334,27.266666666666666,29.333333333333332,23,0,0,208,0,13,94,4.319230769230769,0.03333333333333333,19.666666666666668
all > chain,dense3,,7,60,3,37.333333333333336,37.333333333333336,37.333333333333336,32,0,0,0,0,5,164,11.99,0.03333333333333333,39.666666666666664
all > meteor,dense3,,7,60,3,36.06666666666667,34.63333333333333,36.96666666666667,30,0,0,528,0,13,99.33333333333333,4.4423076923076925,0.03333333333333333,32.666666666666664
all > blades,dense3,,8,60,3,39.15555555555556,38.5,40.46666666666667,33.333333333333336,0,0,682.6666666666666,0,11,94.66666666666667,5.081818181818182,0.03333333333333333,19
all > root,dense3,,7,60,3,23.522222222222222,23.2,23.866666666666667,18.333333333333332,0.20154320987654598,0,0,0,8,222.33333333333334,7.808333333333333,0.03333333333333333,28.666666666666668
all > mark,dense3,,6,60,3,26.605555555555554,25.933333333333334,27.266666666666666,21.333333333333332,0,0,0,0,12,365.6666666666667,5.0472222222222225,0.03333333333333333,31.666666666666668
all > burn,dense3,,7,60,3,54.05555555555555,53.666666666666664,54.833333333333336,46.333333333333336,0,0,89.33333333333333,0,15,119,3.836666666666666,0.03333333333333333,15
all > fear,dense3,,7,60,3,13.18888888888889,13.016666666666667,13.283333333333333,10.333333333333334,0.2656172839506164,0,0,0,9,190.33333333333334,6.47962962962963,0.03333333333333333,22.333333333333332
all > execute,dense3,,7,60,3,29.38888888888889,28.833333333333332,29.666666666666668,24,0,0,0,0,16,102,3.5250000000000004,0.03333333333333333,15
all > drain,dense3,,7,60,3,31,31,31,24,0,162,16,0,16,103,3.537499999999999,0.03333333333333333,15
all > blink,dense3,,7,60,3,23.427777777777777,22.933333333333334,23.9,19,0,0,0,0,6.666666666666667,188,9.269444444444446,0.03333333333333333,29
all > dash,dense3,,7,60,3,23.311111111111114,22.933333333333334,23.7,19,0,0,0,0,7,197,9.235714285714288,0.03333333333333333,29.333333333333332
all > archer,dense3,,8,60,3,76.74444444444443,75.33333333333333,79.06666666666666,64.33333333333333,0,0,0,0,4,167.33333333333334,19.133333333333336,0.03333333333333333,78.66666666666667
all > sacrifice,dense3,,6,60,3,63,63,63,54,0,0,0,0,17.666666666666668,118.33333333333333,3.2398692810457526,0.03333333333333333,15
all > rally,dense3,,7,60,3,61.57777777777778,60.06666666666667,63.083333333333336,51.333333333333336,0,0,0,0,5,250,12.25,0.03333333333333333,60.666666666666664
all > ward,dense3,,9,60,3,7.044444444444444,6.933333333333334,7.1,5,0,0,0,0,6.666666666666667,107.66666666666667,9.223015873015873,0.03333333333333333,29.333333333333332
all > spread,dense3,,6,60,3,23.522222222222222,23.2,23.866666666666667,18.333333333333332,0,0,0,0,8,222.66666666666666,7.466666666666669,0.03333333333333333,28.666666666666668
all > snipe,dense3,,8,60,3,42,42,42,36,0,0,0,0,12,96,4.900000000000001,0.03333333333333333,15
all > refresh,dense3,,6,60,3,193.91666666666666,186.91666666666666,198.78333333333333,164.66666666666666,0,0,0,0,18,145.33333333333334,3.16111111111111,0.03333333333333333,181.66666666666666
all > split,dense3,,6,60,3,59.39166666666667,57.50833333333333,61.6,52,0,0,0,1,3,222.33333333333334,20.37777777777778,0.03333333333333333,239
all > absorb,dense3,,6,60,3,70,70,70,60,0,50,0,348,19,112,2.83421052631579,0.03333333333333333,15
all > swap,dense3,,6,60,3,19.066666666666666,18.166666666666668,20.25,15,0,33.333333333333336,0,96,18,61,2.697222222222223,0.03333333333333333,15
nearestEnemy > bolt,dense3,,2,60,3,33.22222222222222,24.833333333333332,37.5,28,0,0,0,0,65,65,0.7000000000000005,0.36666666666666664,29.333333333333332
nearestEnemy > slash,dense3,,3,60,3,18.666666666666668,18.666666666666668,18.666666666666668,16,0,0,0,0,48,48,1.0499999999999992,0.06666666666666667,16.333333333333332
nearestEnemy > explode,dense3,,3,60,3,16.766666666666666,16.766666666666666,16.766666666666666,14,0,0,0,0,43,43,1.0499999999999994,0.06666666666666667,14.333333333333334
nearestEnemy > frost,dense3,,3,60,3,2.8666666666666667,2.8666666666666667,2.8666666666666667,2,0.24111111111111164,0,0,0,44,44,1.0499999999999994,0.06666666666666667,2
nearestEnemy > poison,dense3,,4,60,3,13.733333333333333,13.733333333333333,13.733333333333333,11,0,0,0,0,35,35,1.3999999999999992,0.06666666666666667,15
nearestEnemy > vortex,dense3,,3,60,3,0,0,0,0,0,0,0,0,43,43,1.0499999999999994,,2
nearestEnemy > shockwave,dense3,,2,60,3,11.5,11.5,11.5,9,0,0,0,0,58,58,0.7000000000000003,0.06666666666666667,9
nearestEnemy > summon,dense3,,4,60,3,94.91111111111111,94.9,94.93333333333334,80.66666666666667,0,0,0,0,33,33,1.3999999999999992,0.26666666666666666,87
nearestEnemy > heal,dense3,,4,60,3,0,0,0,0,0,0,0,0,35,35,1.3999999999999992,,0
nearestEnemy > mend,dense3,,4,60,3,0,0,0,0,0,0,0,0,35,35,1.3999999999999992,,0
nearestEnemy > shield,dense3,,3,60,3,0,0,0,0,0,0,0,0,43,43,1.0499999999999994,,0
nearestEnemy > haste,dense3,,3,60,3,0,0,0,0,0,0,0,0,46,46,1.0499999999999994,,0
nearestEnemy > rage,dense3,,3,60,3,0,0,0,0,0,0,0,0,46,46,1.0499999999999994,,0
nearestEnemy > scatter,dense3,,3,60,3,27.833333333333332,27.833333333333332,27.833333333333332,23,0,0,0,0,46,46,1.0499999999999994,0.06666666666666667,24
nearestEnemy > lance,dense3,,3,60,3,11.033333333333333,11.033333333333333,11.033333333333333,9,0,0,0,0,46,46,1.0499999999999994,0.06666666666666667,9
nearestEnemy > focus,dense3,,3,60,3,0,0,0,0,0,0,0,0,46,46,1.0499999999999994,,0
nearestEnemy > amplify,dense3,,3,60,3,0,0,0,0,0,0,0,0,46,46,1.0499999999999994,,0
nearestEnemy > prolong,dense3,,2,60,3,0,0,0,0,0,0,0,0,78,0,0.5,,0
nearestEnemy > regen,dense3,,3,60,3,0,0,0,0,0,0,0,0,46,46,1.0499999999999994,,0
nearestEnemy > armor,dense3,,3,60,3,0,0,0,0,0,0,0,0,46,46,1.0499999999999994,,0
nearestEnemy > pull,dense3,,2,60,3,0,0,0,0,0,0,0,0,62,62,0.7000000000000005,,0
nearestEnemy > harvest,dense3,,3,60,3,0,0,0,0,0,0,0,0,46,46,1.0499999999999994,,0
nearestEnemy > orb,dense3,,3,60,3,150.53333333333333,75.26666666666667,225.8,128,0,0,0,0,46,46,1.0499999999999994,0.26666666666666666,136.66666666666666
nearestEnemy > mine,dense3,,3,60,3,80.5,80.5,80.5,69,0,0,0,0,46,46,1.0499999999999994,0.5666666666666667,70.33333333333333
nearestEnemy > turret,dense3,,4,60,3,83.13333333333334,83.13333333333334,83.13333333333334,71,0,0,0,0,34,34,1.3999999999999992,0.26666666666666666,82.33333333333333
nearestEnemy > decoy,dense3,,4,60,3,0,0,0,0,0,0,0,0,35,35,1.3999999999999992,,4
nearestEnemy > detonate,dense3,,2,60,3,147.33333333333334,147.33333333333334,147.33333333333334,125,0,0,0,0,62,62,0.7000000000000005,0.06666666666666667,127.66666666666667
nearestEnemy > launch,dense3,,2,60,3,130.66666666666666,101.33333333333333,151.5,111,0,0,0,0,65,65,0.7000000000000005,0.06666666666666667,115
nearestEnemy > boomerang,dense3,,3,60,3,11.033333333333333,11.033333333333333,11.033333333333333,9,0,0,0,0,46,46,1.0499999999999994,0.06666666666666667,9
nearestEnemy > homing,dense3,,3,60,3,27.833333333333332,27.833333333333332,27.833333333333332,23,0,0,0,0,46,46,1.0499999999999994,0.06666666666666667,24
nearestEnemy > laser,dense3,,3,60,3,10.133333333333333,10.133333333333333,10.133333333333333,8,0,0,0,0,43,43,1.0499999999999994,0.06666666666666667,8
nearestEnemy > chain,dense3,,3,60,3,25.100000000000005,25.1,25.1,21,0,0,0,0,43,43,1.0499999999999994,0.06666666666666667,21.333333333333332
nearestEnemy > meteor,dense3,,3,60,3,25.3,25.3,25.3,21,0,0,0,0,43,43,1.0499999999999994,0.8666666666666666,22.333333333333332
nearestEnemy > blades,dense3,,4,60,3,40.46666666666667,40.46666666666667,40.46666666666667,34,0,0,0,0,35,35,1.3999999999999992,0.06666666666666667,36
nearestEnemy > root,dense3,,3,60,3,0,0,0,0,0.3329629629629583,0,0,0,46,46,1.0499999999999994,,0
nearestEnemy > mark,dense3,,2,60,3,0,0,0,0,0,0,0,0,70,70,0.7000000000000007,,0
nearestEnemy > burn,dense3,,3,60,3,26.899999999999995,26.9,26.9,23,0,0,0,0,46,46,1.0499999999999994,0.10000000000000002,23.666666666666668
nearestEnemy > fear,dense3,,3,60,3,0,0,0,0,0.08111111111111088,0,0,0,73,8,0.5602739726027397,,0
nearestEnemy > execute,dense3,,3,60,3,27.666666666666668,27.666666666666668,27.666666666666668,23,0,0,0,0,46,46,1.0499999999999994,0.06666666666666667,23.666666666666668
nearestEnemy > drain,dense3,,3,60,3,27.833333333333332,27.833333333333332,27.833333333333332,23,0,50,0,0,46,46,1.0499999999999994,0.06666666666666667,24
nearestEnemy > blink,dense3,,3,60,3,0,0,0,0,0,0,0,0,66,9,0.5750000000000001,,0
nearestEnemy > dash,dense3,,3,60,3,0,0,0,0,0,0,0,0,66,9,0.5750000000000001,,0
nearestEnemy > archer,dense3,,4,60,3,81.33333333333333,81.33333333333333,81.33333333333333,69,0,0,0,0,33,33,1.3999999999999992,0.26666666666666666,76.66666666666667
nearestEnemy > sacrifice,dense3,,2,60,3,147.16666666666666,147.16666666666666,147.16666666666666,125,0,0,0,0,62,62,0.7000000000000005,0.06666666666666667,127.66666666666667
nearestEnemy > rally,dense3,,3,60,3,0,0,0,0,0,0,0,0,46,46,1.0499999999999994,,0
nearestEnemy > ward,dense3,,5,60,3,0,0,0,0,0,0,0,0,58,3,0.5646551724137931,,2
nearestEnemy > spread,dense3,,2,60,3,0,0,0,0,0,0,0,0,62,62,0.7000000000000005,,0
nearestEnemy > snipe,dense3,,4,60,3,40.833333333333336,40.833333333333336,40.833333333333336,35,0,0,0,0,35,35,1.3999999999999992,0.06666666666666667,36
nearestEnemy > refresh,dense3,,2,60,3,0,0,0,0,0,0,0,0,82,0,0.5,,0
nearestEnemy > split,dense3,,2,60,3,0,0,0,0,0,0,0,0,58,58,0.7000000000000003,,0
nearestEnemy > absorb,dense3,,2,60,3,75.83333333333333,75.83333333333333,75.83333333333333,65,0,50,0,0,65,65,0.7000000000000005,0.06666666666666667,66
nearestEnemy > swap,dense3,,2,60,3,0,0,0,0,0,0,0,0,58,58,0.7000000000000003,,0
woundedEnemies > bolt,dense3,,4,60,3,0,0,0,0,0,0,0,0,82,0,0.5,,0
woundedEnemies > slash,dense3,,5,60,3,0,0,0,0,0,0,0,0,82,0,0.5,,0
woundedEnemies > explode,dense3,,5,60,3,0,0,0,0,0,0,0,0,69,0,0.5,,0
woundedEnemies > frost,dense3,,5,60,3,0,0,0,0,0,0,0,0,72,0,0.5,,0
woundedEnemies > poison,dense3,,6,60,3,0,0,0,0,0,0,0,0,69,0,0.5,,0
woundedEnemies > vortex,dense3,,5,60,3,0,0,0,0,0,0,0,0,69,0,0.5,,0
woundedEnemies > shockwave,dense3,,4,60,3,0,0,0,0,0,0,0,0,72,0,0.5,,0
woundedEnemies > summon,dense3,,6,60,3,0,0,0,0,0,0,0,0,62,0,0.5,,0
woundedEnemies > heal,dense3,,6,60,3,0,0,0,0,0,0,0,0,69,0,0.5,,0
woundedEnemies > mend,dense3,,6,60,3,0,0,0,0,0,0,0,0,69,0,0.5,,0
woundedEnemies > shield,dense3,,5,60,3,0,0,0,0,0,0,0,0,69,0,0.5,,0
woundedEnemies > haste,dense3,,5,60,3,0,0,0,0,0,0,0,0,78,0,0.5,,0
woundedEnemies > rage,dense3,,5,60,3,0,0,0,0,0,0,0,0,78,0,0.5,,0
woundedEnemies > scatter,dense3,,5,60,3,0,0,0,0,0,0,0,0,78,0,0.5,,0
woundedEnemies > lance,dense3,,5,60,3,0,0,0,0,0,0,0,0,78,0,0.5,,0
woundedEnemies > focus,dense3,,5,60,3,0,0,0,0,0,0,0,0,78,0,0.5,,0
woundedEnemies > amplify,dense3,,5,60,3,0,0,0,0,0,0,0,0,78,0,0.5,,0
woundedEnemies > prolong,dense3,,4,60,3,0,0,0,0,0,0,0,0,78,0,0.5,,0
woundedEnemies > regen,dense3,,5,60,3,0,0,0,0,0,0,0,0,78,0,0.5,,0
woundedEnemies > armor,dense3,,5,60,3,0,0,0,0,0,0,0,0,78,0,0.5,,0
woundedEnemies > pull,dense3,,4,60,3,0,0,0,0,0,0,0,0,78,0,0.5,,0
woundedEnemies > harvest,dense3,,5,60,3,0,0,0,0,0,0,0,0,78,0,0.5,,0
woundedEnemies > orb,dense3,,5,60,3,0,0,0,0,0,0,0,0,78,0,0.5,,0
woundedEnemies > mine,dense3,,5,60,3,0,0,0,0,0,0,0,0,78,0,0.5,,0
woundedEnemies > turret,dense3,,6,60,3,0,0,0,0,0,0,0,0,64,0,0.5,,0
woundedEnemies > decoy,dense3,,6,60,3,0,0,0,0,0,0,0,0,69,0,0.5,,0
woundedEnemies > detonate,dense3,,4,60,3,0,0,0,0,0,0,0,0,78,0,0.5,,0
woundedEnemies > launch,dense3,,4,60,3,0,0,0,0,0,0,0,0,82,0,0.5,,0
woundedEnemies > boomerang,dense3,,5,60,3,0,0,0,0,0,0,0,0,78,0,0.5,,0
woundedEnemies > homing,dense3,,5,60,3,0,0,0,0,0,0,0,0,78,0,0.5,,0
woundedEnemies > laser,dense3,,5,60,3,0,0,0,0,0,0,0,0,69,0,0.5,,0
woundedEnemies > chain,dense3,,5,60,3,0,0,0,0,0,0,0,0,69,0,0.5,,0
woundedEnemies > meteor,dense3,,5,60,3,0,0,0,0,0,0,0,0,69,0,0.5,,0
woundedEnemies > blades,dense3,,6,60,3,0,0,0,0,0,0,0,0,69,0,0.5,,0
woundedEnemies > root,dense3,,5,60,3,0,0,0,0,0,0,0,0,78,0,0.5,,0
woundedEnemies > mark,dense3,,4,60,3,0,0,0,0,0,0,0,0,90,0,0.5,,0
woundedEnemies > burn,dense3,,5,60,3,0,0,0,0,0,0,0,0,78,0,0.5,,0
woundedEnemies > fear,dense3,,5,60,3,0,0,0,0,0,0,0,0,78,0,0.5,,0
woundedEnemies > execute,dense3,,5,60,3,0,0,0,0,0,0,0,0,78,0,0.5,,0
woundedEnemies > drain,dense3,,5,60,3,0,0,0,0,0,0,0,0,78,0,0.5,,0
woundedEnemies > blink,dense3,,5,60,3,0,0,0,0,0,0,0,0,72,0,0.5,,0
woundedEnemies > dash,dense3,,5,60,3,0,0,0,0,0,0,0,0,72,0,0.5,,0
woundedEnemies > archer,dense3,,6,60,3,0,0,0,0,0,0,0,0,62,0,0.5,,0
woundedEnemies > sacrifice,dense3,,4,60,3,0,0,0,0,0,0,0,0,78,0,0.5,,0
woundedEnemies > rally,dense3,,5,60,3,0,0,0,0,0,0,0,0,78,0,0.5,,0
woundedEnemies > ward,dense3,,7,60,3,0,0,0,0,0,0,0,0,62,0,0.5,,0
woundedEnemies > spread,dense3,,4,60,3,0,0,0,0,0,0,0,0,78,0,0.5,,0
woundedEnemies > snipe,dense3,,6,60,3,0,0,0,0,0,0,0,0,69,0,0.5,,0
woundedEnemies > refresh,dense3,,4,60,3,0,0,0,0,0,0,0,0,82,0,0.5,,0
woundedEnemies > split,dense3,,4,60,3,0,0,0,0,0,0,0,0,72,0,0.5,,0
woundedEnemies > absorb,dense3,,4,60,3,0,0,0,0,0,0,0,0,82,0,0.5,,0
woundedEnemies > swap,dense3,,4,60,3,0,0,0,0,0,0,0,0,72,0,0.5,,0
pickups > bolt,dense3,,3,60,3,65,45.333333333333336,81.16666666666667,54.666666666666664,0,0,0,0,38,124.33333333333333,1.3930555555555564,0.37777777777777777,61.333333333333336
pickups > slash,dense3,,4,60,3,0,0,0,0,0,0,0,0,80,3,0.515,,3
pickups > explode,dense3,,4,60,3,0,0,0,0,0,0,0,0,68,3,0.5220588235294118,,3
pickups > frost,dense3,,4,60,3,0,0,0,0,0,0,0,0,28,84,1.8999999999999992,,3
pickups > poison,dense3,,5,60,3,0,0,0,0,0,0,0,0,67,3,0.5276119402985074,,3
pickups > vortex,dense3,,4,60,3,0,0,0,0,0,25,0,0,68,3,0.5220588235294118,,6
pickups > shockwave,dense3,,3,60,3,0,0,0,0,0,0,0,0,71,3,0.5147887323943662,,3
pickups > summon,dense3,,5,60,3,112.59999999999998,111.03333333333333,113.4,96,0,0,0,0,18.333333333333332,69.33333333333333,2.8744008714596956,0.26666666666666666,107
pickups > haste,dense3,,4,60,3,0,0,0,0,0,0,0,0,30,90,1.7999999999999992,,3
pickups > scatter,dense3,,4,60,3,0,0,0,0,0,0,0,0,77,3,0.5168831168831168,,3
pickups > lance,dense3,,4,60,3,0,0,0,0,0,0,0,0,77,3,0.5168831168831168,,3
pickups > amplify,dense3,,4,60,3,0,0,0,0,0,0,0,0,30,90,1.7999999999999992,,3
pickups > pull,dense3,,3,60,3,0,0,0,0,0,25,0,0,77,3,0.5123376623376624,,3
pickups > magnet,dense3,,3,60,3,0,0,0,0,0,25,0,0,81,3,0.5104938271604939,,3
pickups > orb,dense3,,4,60,3,283.13333333333327,252.43333333333334,336.3333333333333,241,0,0,0,0,25.333333333333332,125,2.1919753086419753,0.26666666666666666,261
pickups > mine,dense3,,4,60,3,170.33333333333334,157.5,189,146,0,0,0,0,28.666666666666668,97.33333333333333,1.8827586206896552,0.5666666666666667,150.33333333333334
pickups > turret,dense3,,5,60,3,133.7888888888889,129.38333333333333,136.5,114.33333333333333,0,0,0,0,19.333333333333332,75,2.7733918128654973,0.26666666666666666,132.33333333333334
pickups > decoy,dense3,,5,60,3,0,0,0,0,0,0,0,0,23,69,2.350000000000001,,12
pickups > detonate,dense3,,3,60,3,3.5,3.5,3.5,3,0,0,0,0,77,3,0.5123376623376624,0.06666666666666667,3
pickups > launch,dense3,,3,60,3,4.277777777777778,3.6666666666666665,4.833333333333333,1.6666666666666667,0,0,0,0,81,3,0.5104938271604939,0.06666666666666667,4.666666666666667
pickups > boomerang,dense3,,4,60,3,0,0,0,0,0,0,0,0,77,3,0.5168831168831168,,3
pickups > homing,dense3,,4,60,3,0,0,0,0,0,0,0,0,77,3,0.5168831168831168,,3
pickups > laser,dense3,,4,60,3,0,0,0,0,0,0,0,0,68,3,0.5220588235294118,,3
pickups > chain,dense3,,4,60,3,44.333333333333336,42,45.5,38,0,0,0,0,25.333333333333332,82.66666666666667,2.083333333333333,0.06666666666666667,41.333333333333336
pickups > meteor,dense3,,4,60,3,0,0,0,0,0,0,0,0,68,3,0.5220588235294118,,6
pickups > blades,dense3,,5,60,3,0,0,0,0,0,0,0,0,67,3,0.5276119402985074,,3
pickups > root,dense3,,4,60,3,0,0,0,0,0,0,0,0,30,90,1.7999999999999992,,3
pickups > mark,dense3,,3,60,3,0,0,0,0,0,0,0,0,43,129,1.2499999999999998,,3
pickups > burn,dense3,,4,60,3,0,0,0,0,0,0,0,0,77,3,0.5168831168831168,,3
pickups > fear,dense3,,4,60,3,0,0,0,0,0,0,0,0,75,6,0.5346666666666667,,3
pickups > execute,dense3,,4,60,3,0,0,0,0,0,0,0,0,77,3,0.5168831168831168,,3
pickups > drain,dense3,,4,60,3,0,0,0,0,0,18,0,0,77,3,0.5168831168831168,,3
pickups > blink,dense3,,4,60,3,0,0,0,0,0,0,0,0,67,9,0.5626865671641792,,3
pickups > dash,dense3,,4,60,3,0,0,0,0,0,0,0,0,67,9,0.5626865671641792,,3
pickups > archer,dense3,,5,60,3,96,93.66666666666667,97.5,81.66666666666667,0,0,0,0,18.666666666666668,67.66666666666667,2.80925925925926,0.26666666666666666,93.33333333333333
pickups > sacrifice,dense3,,3,60,3,3.5,3.5,3.5,3,0,0,0,0,77,3,0.5123376623376624,0.06666666666666667,3
pickups > rally,dense3,,4,60,3,0,0,0,0,0,0,0,0,30,90,1.7999999999999992,,3
pickups > ward,dense3,,6,60,3,0,0,0,0,0,0,0,0,60,3,0.5399999999999999,,6
pickups > spread,dense3,,3,60,3,0,0,0,0,0,0,0,0,36,108,1.4500000000000004,,3
pickups > snipe,dense3,,5,60,3,0,0,0,0,0,0,0,0,67,3,0.5276119402985074,,3
pickups > split,dense3,,3,60,3,0,0,0,0,0,16.666666666666668,0,0,7,380.3333333333333,14.383333333333333,,382.6666666666667
pickups > absorb,dense3,,3,60,3,0,0,0,0,0,25,0,0,81,0,0.5,,3
pickups > swap,dense3,,3,60,3,0,0,0,0,0,0,0,0,43,43,1.0499999999999994,,3
,dense8,,0,60,3,0,0,0,0,0,0,0,0,0,0,0,,0
self,dense8,,1,60,3,0,0,0,0,0,0,0,0,0,0,0,,0
enemies,dense8,,6,60,3,0,0,0,0,0,0,0,0,0,0,0,,0
ahead,dense8,,1,60,3,0,0,0,0,0,0,0,0,0,0,0,,0
behind,dense8,,1,60,3,0,0,0,0,0,0,0,0,0,0,0,,0
randomPoint,dense8,,1,60,3,0,0,0,0,0,0,0,0,0,0,0,,0
fallen,dense8,,2,60,3,0,0,0,0,0,0,0,0,0,0,0,,0
objects,dense8,,3,60,3,21.788888888888888,21.266666666666666,22.833333333333332,16.333333333333332,0,0,0,0,0,0,0,0.2333333333333333,18.333333333333332
allies,dense8,,3,60,3,16.311111111111114,16.066666666666666,16.666666666666668,13,0,0,0,0,0,0,0,0.2333333333333333,20
zones,dense8,,3,60,3,37.333333333333336,37.333333333333336,37.333333333333336,32,0,0,0,0,0,0,0,0.03333333333333333,38
shots,dense8,,3,60,3,0.5,0.5,0.5,0,0,0,0,0,0,0,0,0.03333333333333333,3
gems,dense8,,2,60,3,0,0,0,0,0,0,0,0,0,0,0,,6
prey,dense8,,2,60,3,0,0,0,0,0,0,0,0,0,0,0,,0
lastHit,dense8,,1,60,3,0,0,0,0,0,0,0,0,0,0,0,,0
all,dense8,,5,60,3,43.588888888888896,43.06666666666667,44.56666666666667,34.333333333333336,0,0,0,0,0,0,0,0.03333333333333333,54.333333333333336
nearestEnemy,dense8,,1,60,3,0,0,0,0,0,0,0,0,0,0,0,,0
woundedEnemies,dense8,,3,60,3,0,0,0,0,0,0,0,0,0,0,0,,0
pickups,dense8,,2,60,3,0,0,0,0,0,0,0,0,0,0,0,,6
self > bolt,dense8,,2,60,3,37.333333333333336,37.333333333333336,37.333333333333336,32,0,0,0,0,65,65,0.7000000000000005,0.36666666666666664,33.333333333333336
self > slash,dense8,,3,60,3,0,0,0,0,0,0,1152,0,48,48,1.0499999999999992,,0
self > explode,dense8,,3,60,3,0,0,0,0,0,0,1118,0,43,43,1.0499999999999994,,0
self > frost,dense8,,3,60,3,0,0,0,0,0,0,100,0,25,25,1.0500000000000005,,0
self > poison,dense8,,4,60,3,0,0,0,0,0,0,486,0,35,35,1.3999999999999992,,3
self > vortex,dense8,,3,60,3,0,0,0,0,0,0,0,0,43,43,1.0499999999999994,,2
self > shockwave,dense8,,2,60,3,0,0,0,0,0,0,708,0,58,58,0.7000000000000003,,0
self > summon,dense8,,4,60,3,88.56666666666666,88.5,88.7,75,0,0,0,0,33,33,1.3999999999999992,0.7555555555555555,82
self > heal,dense8,,4,60,3,0,0,0,0,0,50,0,0,35,35,1.3999999999999992,,0
self > mend,dense8,,4,60,3,0,0,0,0,0,50,0,0,35,35,1.3999999999999992,,0
self > shield,dense8,,3,60,3,0,0,0,0,0,0,0,0,43,43,1.0499999999999994,,0
self > haste,dense8,,3,60,3,0,0,0,0,0,0,0,0,46,46,1.0499999999999994,,0
self > scatter,dense8,,3,60,3,0,0,0,0,0,0,230,0,46,46,1.0499999999999994,,0
self > lance,dense8,,3,60,3,0,0,0,0,0,0,752,0,46,46,1.0499999999999994,,0
self > amplify,dense8,,3,60,3,0,0,0,0,0,0,0,0,46,46,1.0499999999999994,,0
self > regen,dense8,,3,60,3,0,0,0,0,0,50,0,0,46,46,1.0499999999999994,,0
self > armor,dense8,,3,60,3,0,0,0,0,0,0,0,0,46,46,1.0499999999999994,,0
self > orb,dense8,,3,60,3,0,0,0,0,0,0,0,0,46,46,1.0499999999999994,,7
self > mine,dense8,,3,60,3,0,0,0,0,0,0,0,0,46,46,1.0499999999999994,,12
self > turret,dense8,,4,60,3,82.83333333333333,82.83333333333333,82.83333333333333,71,0,0,0,0,34,34,1.3999999999999992,0.5333333333333333,82
self > decoy,dense8,,4,60,3,0,0,0,0,0,0,0,0,35,35,1.3999999999999992,,4
self > boomerang,dense8,,3,60,3,0,0,0,0,0,0,752,0,46,46,1.0499999999999994,,0
self > homing,dense8,,3,60,3,0,0,0,0,0,0,230,0,46,46,1.0499999999999994,,0
self > laser,dense8,,3,60,3,0,0,0,0,0,0,688,0,43,43,1.0499999999999994,,0
self > chain,dense8,,3,60,3,22.311111111111114,0,66.93333333333334,18.666666666666668,0,0,0,0,43,43,1.0499999999999994,0.06666666666666667,19.333333333333332
self > meteor,dense8,,3,60,3,0,0,0,0,0,0,2064,0,43,43,1.0499999999999994,,1
self > blades,dense8,,4,60,3,0,0,0,0,0,0,896,0,35,35,1.3999999999999992,,3
self > root,dense8,,3,60,3,0,0,0,0,0,0,0,0,46,46,1.0499999999999994,,0
self > mark,dense8,,2,60,3,0,0,0,0,0,0,0,0,70,70,0.7000000000000007,,0
self > burn,dense8,,3,60,3,0,0,0,0,0,0,113,0,46,46,1.0499999999999994,,0
self > fear,dense8,,3,60,3,0,0,0,0,0,0,0,0,46,46,1.0499999999999994,,0
self > execute,dense8,,3,60,3,0,0,0,0,0,0,0,0,46,46,1.0499999999999994,,0
self > drain,dense8,,3,60,3,0,0,0,0,0,0,230,0,46,46,1.0499999999999994,,0
self > blink,dense8,,3,60,3,0,0,0,0,0,0,0,0,44,44,1.0499999999999994,,0
self > dash,dense8,,3,60,3,0,0,0,0,0,0,0,0,44,44,1.0499999999999994,,0
self > archer,dense8,,4,60,3,81.11111111111111,81,81.16666666666667,69,0,0,0,0,33,33,1.3999999999999992,0.4777777777777777,78.33333333333333
self > rally,dense8,,3,60,3,0,0,0,0,0,0,0,0,46,46,1.0499999999999994,,0
self > ward,dense8,,5,60,3,0,0,0,0,0,0,0,0,28,28,1.75,,2
self > spread,dense8,,2,60,3,0,0,0,0,0,0,0,0,62,62,0.7000000000000005,,0
self > snipe,dense8,,4,60,3,0,0,0,0,0,0,0,0,35,35,1.3999999999999992,,0
self > split,dense8,,2,60,3,0,0,0,0,0,0,0,0,58,58,0.7000000000000003,,6
enemies > bolt,dense8,,7,60,3,74,72.16666666666667,75,61.333333333333336,0,0,0,0,17,136,3.5,0.3444444444444444,70.66666666666667
enemies > slash,dense8,,8,60,3,46.666666666666664,46.666666666666664,46.666666666666664,40,0,0,0,0,15,120,3.850000000000001,0.06666666666666667,40.333333333333336
enemies > explode,dense8,,8,60,3,37.333333333333336,37.333333333333336,37.333333333333336,32,0,0,0,0,12,96,4.8999999999999995,0.06666666666666667,32.333333333333336
enemies > frost,dense8,,8,60,3,6.933333333333334,6.933333333333334,6.933333333333334,0,0.22388888888888156,0,0,0,13,104,4.549999999999999,0.06666666666666667,0
enemies > poison,dense8,,9,60,3,53.06666666666667,53.06666666666667,53.06666666666667,40,0,0,0,0,11,88,5.25,0.06666666666666667,48.333333333333336
enemies > vortex,dense8,,8,60,3,0,0,0,0,0,0,0,0,12,96,4.8999999999999995,,8
enemies > shockwave,dense8,,7,60,3,21.866666666666664,21.866666666666667,21.866666666666667,16,0,0,0,0,14,112,4.200000000000001,0.06666666666666667,17
enemies > summon,dense8,,9,60,3,109.78888888888889,109.76666666666667,109.83333333333333,90.33333333333333,0,0,0,0,10,80,5.95,0.26666666666666666,97.66666666666667
enemies > heal,dense8,,9,60,3,0,0,0,0,0,0,0,0,11,88,5.25,,0
enemies > mend,dense8,,9,60,3,0,0,0,0,0,0,0,0,11,88,5.25,,0
enemies > shield,dense8,,8,60,3,0,0,0,0,0,0,0,0,12,96,4.8999999999999995,,0
enemies > haste,dense8,,8,60,3,0,0,0,0,0,0,0,0,14,112,4.200000000000001,,0
enemies > rage,dense8,,8,60,3,0,0,0,0,0,0,0,0,14,112,4.200000000000001,,0
enemies > scatter,dense8,,8,60,3,65.33333333333333,65.33333333333333,65.33333333333333,56,0,0,0,0,14,112,4.200000000000001,0.06666666666666667,56.666666666666664
enemies > lance,dense8,,8,60,3,27.2,27.2,27.2,16,0,0,0,0,14,112,4.200000000000001,0.06666666666666667,16
enemies > focus,dense8,,8,60,3,0,0,0,0,0,0,0,0,14,112,4.200000000000001,,0
enemies > amplify,dense8,,8,60,3,0,0,0,0,0,0,0,0,14,112,4.200000000000001,,0
enemies > prolong,dense8,,7,60,3,0,0,0,0,0,0,0,0,78,0,0.5,,0
enemies > regen,dense8,,8,60,3,0,0,0,0,0,0,0,0,14,112,4.200000000000001,,0
enemies > armor,dense8,,8,60,3,0,0,0,0,0,0,0,0,14,112,4.200000000000001,,0
enemies > pull,dense8,,7,60,3,0,0,0,0,0,0,0,0,15,120,3.850000000000001,,0
enemies > harvest,dense8,,8,60,3,0,0,0,0,0,0,0,0,14,112,4.200000000000001,,0
enemies > orb,dense8,,8,60,3,675.8111111111111,549.5,862.0666666666667,574.6666666666666,0,0,0,0,14,112,4.200000000000001,0.26666666666666666,366.6666666666667
enemies > mine,dense8,,8,60,3,522.6666666666666,522.6666666666666,522.6666666666666,448,0,0,0,0,14,112,4.200000000000001,0.5666666666666667,360
enemies > turret,dense8,,9,60,3,137.22222222222223,132.76666666666668,140.06666666666666,116.33333333333333,0,0,0,0,10,80,5.6000000000000005,0.26666666666666666,130
enemies > decoy,dense8,,9,60,3,0,0,0,0,0,0,0,0,11,88,5.25,,12
enemies > detonate,dense8,,7,60,3,140,140,140,120,0,0,0,0,15,120,3.850000000000001,0.06666666666666667,122
enemies > launch,dense8,,7,60,3,263.8333333333333,229.66666666666666,281.6666666666667,223,0,0,0,0,17,136,3.5,0.06666666666666667,234.66666666666666
enemies > boomerang,dense8,,8,60,3,27.2,27.2,27.2,16,0,0,0,0,14,112,4.200000000000001,0.06666666666666667,16
enemies > homing,dense8,,8,60,3,65.33333333333333,65.33333333333333,65.33333333333333,56,0,0,0,0,14,112,4.200000000000001,0.06666666666666667,56.666666666666664
enemies > laser,dense8,,8,60,3,22.933333333333334,22.933333333333334,22.933333333333334,16,0,0,0,0,12,96,4.8999999999999995,0.06666666666666667,16
enemies > chain,dense8,,8,60,3,112,112,112,96,0,0,0,0,12,96,4.8999999999999995,0.06666666666666667,99
enemies > meteor,dense8,,8,60,3,56,56,56,48,0,0,0,0,12,96,4.8999999999999995,0.8666666666666666,49
enemies > blades,dense8,,9,60,3,102.66666666666667,102.66666666666667,102.66666666666667,88,0,0,0,0,11,88,5.25,0.06666666666666667,97.33333333333333
enemies > root,dense8,,8,60,3,0,0,0,0,0.4199999999999815,0,0,0,14,112,4.200000000000001,,0
enemies > mark,dense8,,7,60,3,0,0,0,0,0,0,0,0,19,152,3.149999999999999,,0
enemies > burn,dense8,,8,60,3,128.8,128.8,128.8,104,0,0,0,0,14,112,4.200000000000001,0.10000000000000002,106
enemies > fear,dense8,,8,60,3,0,0,0,0,0.06666666666666822,0,0,0,69,16,0.6072463768115942,,0
enemies > execute,dense8,,8,60,3,65.33333333333333,65.33333333333333,65.33333333333333,56,0,0,0,0,14,112,4.200000000000001,0.06666666666666667,56.666666666666664
enemies > drain,dense8,,8,60,3,65.33333333333333,65.33333333333333,65.33333333333333,56,0,50,0,0,14,112,4.200000000000001,0.06666666666666667,56.666666666666664
enemies > blink,dense8,,8,60,3,0,0,0,0,0,0,0,0,58,24,0.7094827586206897,,0
enemies > dash,dense8,,8,60,3,0,0,0,0,0,0,0,0,58,24,0.7094827586206897,,0
enemies > archer,dense8,,9,60,3,93.72222222222223,93.16666666666667,94,77.66666666666667,0,0,0,0,10,80,5.95,0.26666666666666666,85
enemies > sacrifice,dense8,,7,60,3,140,140,140,120,0,0,0,0,15,120,3.850000000000001,0.06666666666666667,122
enemies > rally,dense8,,8,60,3,0,0,0,0,0,0,0,0,14,112,4.200000000000001,,0
enemies > ward,dense8,,10,60,3,0,0,0,0,0,0,0,0,56,8,0.6035714285714285,,8
enemies > spread,dense8,,7,60,3,0,0,0,0,0,0,0,0,15,120,3.850000000000001,,0
enemies > snipe,dense8,,9,60,3,102.66666666666667,102.66666666666667,102.66666666666667,88,0,0,0,0,11,88,5.25,0.06666666666666667,90.66666666666667
enemies > refresh,dense8,,7,60,3,0,0,0,0,0,0,0,0,82,0,0.5,,0
enemies > split,dense8,,7,60,3,0,0,0,0,0,0,0,0,5,248,14.6,,0
enemies > absorb,dense8,,7,60,3,158.66666666666666,158.66666666666666,158.66666666666666,136,0,50,0,0,17,136,3.5,0.06666666666666667,141
enemies > swap,dense8,,7,60,3,0,0,0,0,0,0,0,0,14,112,4.200000000000001,,0
ahead > bolt,dense8,,2,60,3,37.333333333333336,37.333333333333336,37.333333333333336,32,0,0,0,0,65,65,0.7000000000000005,0.36666666666666664,33.333333333333336
ahead > poison,dense8,,4,60,3,212.53333333333333,212.53333333333333,212.53333333333333,176,0,0,0,0,35,35,1.3999999999999992,0.06666666666666667,182.66666666666666
ahead > vortex,dense8,,3,60,3,0,0,0,0,0,0,0,0,43,43,1.0499999999999994,,2
ahead > summon,dense8,,4,60,3,94.93333333333334,94.93333333333334,94.93333333333334,80,0,0,0,0,33,33,1.3999999999999992,0.26666666666666666,89.66666666666667
ahead > orb,dense8,,3,60,3,501.7777777777778,451.6,526.8666666666667,426.6666666666667,0,0,0,0,46,46,1.0499999999999994,0.26666666666666666,358.6666666666667
ahead > mine,dense8,,3,60,3,214.66666666666666,214.66666666666666,214.66666666666666,184,0,0,0,0,46,46,1.0499999999999994,0.5666666666666667,191
ahead > turret,dense8,,4,60,3,83.13333333333334,83.13333333333334,83.13333333333334,71,0,0,0,0,34,34,1.3999999999999992,0.26666666666666666,79
ahead > decoy,dense8,,4,60,3,0,0,0,0,0,0,0,0,35,35,1.3999999999999992,,4
ahead > chain,dense8,,3,60,3,66.93333333333334,66.93333333333334,66.93333333333334,56,0,0,0,0,43,43,1.0499999999999994,0.06666666666666667,58.666666666666664
ahead > meteor,dense8,,3,60,3,202.4,202.4,202.4,168,0,0,0,0,43,43,1.0499999999999994,0.8666666666666666,175
ahead > blades,dense8,,4,60,3,318.5444444444444,281.9,337.8,270.3333333333333,0,0,0,0,35,35,1.3999999999999992,0.13333333333333333,276.3333333333333
ahead > archer,dense8,,4,60,3,81.33333333333333,81.33333333333333,81.33333333333333,68.33333333333333,0,0,0,0,33,33,1.3999999999999992,0.26666666666666666,75.66666666666667
ahead > rally,dense8,,3,60,3,0,0,0,0,0,0,0,0,46,46,1.0499999999999994,,0
ahead > ward,dense8,,5,60,3,0,0,0,0,0,0,0,0,28,28,1.75,,2
ahead > swap,dense8,,2,60,3,0,0,0,0,0,0,0,0,58,58,0.7000000000000003,,0
behind > bolt,dense8,,2,60,3,0,0,0,0,0,0,0,0,65,65,0.7000000000000005,,2
behind > poison,dense8,,4,60,3,0,0,0,0,0,0,0,0,35,35,1.3999999999999992,,3
behind > vortex,dense8,,3,60,3,0,0,0,0,0,0,0,0,43,43,1.0499999999999994,,2
behind > summon,dense8,,4,60,3,82.07777777777777,82.06666666666666,82.1,69.66666666666667,0,0,0,0,33,33,1.3999999999999992,1.5555555555555571,76.66666666666667
behind > orb,dense8,,3,60,3,0,0,0,0,0,0,0,0,46,46,1.0499999999999994,,7
behind > mine,dense8,,3,60,3,0,0,0,0,0,0,0,0,46,46,1.0499999999999994,,12
behind > turret,dense8,,4,60,3,82.41666666666667,82.41666666666667,82.41666666666667,70,0,0,0,0,34,34,1.3999999999999992,0.7777777777777777,85
behind > decoy,dense8,,4,60,3,0,0,0,0,0,0,0,0,35,35,1.3999999999999992,,4
behind > chain,dense8,,3,60,3,0,0,0,0,0,0,0,0,43,43,1.0499999999999994,,0
behind > meteor,dense8,,3,60,3,0,0,0,0,0,0,0,0,43,43,1.0499999999999994,,1
behind > blades,dense8,,4,60,3,0,0,0,0,0,0,0,0,35,35,1.3999999999999992,,3
behind > archer,dense8,,4,60,3,81,81,81,69,0,0,0,0,33,33,1.3999999999999992,0.6555555555555554,79.66666666666667
behind > rally,dense8,,3,60,3,0,0,0,0,0,0,0,0,46,46,1.0499999999999994,,0
behind > ward,dense8,,5,60,3,0,0,0,0,0,0,0,0,28,28,1.75,,2
behind > swap,dense8,,2,60,3,0,0,0,0,0,0,0,0,58,58,0.7000000000000003,,0
randomPoint > bolt,dense8,,2,60,3,5.166666666666667,4.166666666666667,6.333333333333333,1.6666666666666667,0,0,0,0,65,65,0.7000000000000005,3.1666666666666656,3.6666666666666665
randomPoint > poison,dense8,,4,60,3,18.28888888888889,10.233333333333333,28.1,11.333333333333334,0,0,0,0,35,35,1.3999999999999992,3.5333333333333274,14.333333333333334
randomPoint > vortex,dense8,,3,60,3,0,0,0,0,0,0,0,0,43,43,1.0499999999999994,,2
randomPoint > summon,dense8,,4,60,3,86.03333333333332,85.26666666666667,86.6,71,0,0,0,0,33,33,1.3999999999999992,1.1666666666666672,77.66666666666667
randomPoint > orb,dense8,,3,60,3,8.411111111111111,3.533333333333333,14.6,4.666666666666667,0,0,0,0,46,46,1.0499999999999994,11.533333333333369,11.666666666666666
randomPoint > mine,dense8,,3,60,3,19.72222222222222,14.666666666666666,27.5,15,0,0,0,0,46,46,1.0499999999999994,7.499999999999983,27.666666666666668
randomPoint > turret,dense8,,4,60,3,82.71111111111111,82.63333333333334,82.75,68.66666666666667,0,0,0,0,34,34,1.3999999999999992,0.6444444444444444,83.66666666666667
randomPoint > decoy,dense8,,4,60,3,0,0,0,0,0,0,0,0,35,35,1.3999999999999992,,4
randomPoint > chain,dense8,,3,60,3,15.111111111111109,12.533333333333333,18.666666666666668,10.666666666666666,0,0,0,0,43,43,1.0499999999999994,1.933333333333333,10.666666666666666
randomPoint > meteor,dense8,,3,60,3,26.799999999999997,25.066666666666666,27.7,20,0,0,0,0,43,43,1.0499999999999994,3.199999999999996,21.333333333333332
randomPoint > blades,dense8,,4,60,3,69.26666666666667,64.06666666666666,75.7,55.333333333333336,0,0,0,0,35,35,1.3999999999999992,3.6666666666666607,59.333333333333336
randomPoint > archer,dense8,,4,60,3,81.16666666666667,81,81.33333333333333,66.66666666666667,0,0,0,0,33,33,1.3999999999999992,0.6222222222222222,78
randomPoint > rally,dense8,,3,60,3,0,0,0,0,0,0,0,0,46,46,1.0499999999999994,,0
randomPoint > ward,dense8,,5,60,3,0,0,0,0,0,0,0,0,28,28,1.75,,2
randomPoint > swap,dense8,,2,60,3,0,0,0,0,0,0,0,0,58,58,0.7000000000000003,,0
fallen > bolt,dense8,,3,60,3,3.6111111111111107,3.5,3.6666666666666665,2.3333333333333335,0,0,0,0,80,6,0.51625,0.36666666666666664,7
fallen > poison,dense8,,5,60,3,112,112,112,96,0,0,0,0,60,22,0.6416666666666667,0.06666666666666667,113.33333333333333
fallen > vortex,dense8,,4,60,3,0,0,0,0,0,0,0,0,67,6,0.535820895522388,,6
fallen > summon,dense8,,5,60,3,112.26666666666667,111.9,112.63333333333334,94,0,0,0,0,21.333333333333332,54,2.3638528138528137,0.26666666666666666,101.66666666666667
fallen > orb,dense8,,4,60,3,690.6999999999999,584.1666666666666,897.0333333333333,590,0,0,0,0,15,200,3.9153846153846152,0.26666666666666666,366
fallen > mine,dense8,,4,60,3,28,28,28,24,0,0,0,0,76,6,0.525,0.5666666666666667,24.333333333333332
fallen > turret,dense8,,5,60,3,136.26666666666665,135.7,137.01666666666668,115,0,0,0,0,21,66.66666666666667,2.511111111111112,0.26666666666666666,129
fallen > decoy,dense8,,5,60,3,0,0,0,0,0,0,0,0,66,6,0.5416666666666666,,6
fallen > chain,dense8,,4,60,3,9.333333333333334,9.333333333333334,9.333333333333334,8,0,0,0,0,67,6,0.535820895522388,0.06666666666666667,8.333333333333334
fallen > meteor,dense8,,4,60,3,9.333333333333334,9.333333333333334,9.333333333333334,8,0,0,0,0,67,6,0.535820895522388,0.8666666666666666,8
fallen > blades,dense8,,5,60,3,154.57777777777775,123.06666666666666,173.23333333333332,130.66666666666666,0,0,0,0,59.666666666666664,22.666666666666668,0.6458568738229755,0.06666666666666667,148
fallen > archer,dense8,,5,60,3,95,94.66666666666667,95.33333333333333,79.33333333333333,0,0,0,0,22.666666666666668,49.333333333333336,2.2088274044795777,0.26666666666666666,87.66666666666667
fallen > rally,dense8,,4,60,3,0,0,0,0,0,0,0,0,76,6,0.525,,0
fallen > ward,dense8,,6,60,3,0,0,0,0,0,0,0,0,58,6,0.5620689655172414,,6
fallen > swap,dense8,,3,60,3,0,0,0,0,0,0,0,0,70,6,0.5257142857142857,,0
objects > bolt,dense8,,4,60,3,34.98888888888889,34.2,36.166666666666664,27.333333333333332,0,0,0,0,70,21,0.6307142857142857,0.2333333333333333,29.666666666666668
objects > slash,dense8,,5,60,3,16.53333333333333,16.2,17.2,9,0,0,0,0,75,14,0.572,0.2333333333333333,13
objects > explode,dense8,,5,60,3,13.700000000000001,13.5,14.1,9,0,0,0,0,64,10,0.5765625,0.2333333333333333,13
objects > frost,dense8,,5,60,3,21.788888888888888,21.266666666666666,22.833333333333332,16.333333333333332,0,0,0,0,60,16,0.6666666666666666,0.2333333333333333,18.333333333333332
objects > poison,dense8,,6,60,3,19.305555555555554,18.85,20.216666666666665,15.333333333333334,0,0,0,0,63,10,0.5888888888888889,0.2333333333333333,22.333333333333332
objects > vortex,dense8,,5,60,3,3.1333333333333333,3.033333333333333,3.183333333333333,2,0,0,4,0,35,38,1.5764876632801161,0.2333333333333333,12.666666666666666
objects > shockwave,dense8,,4,60,3,21.17222222222222,20.65,22.216666666666665,15.333333333333334,0,0,0,0,63,18,0.623015873015873,0.2333333333333333,18.333333333333332
objects > summon,dense8,,6,60,3,53.62777777777777,52.36666666666667,54.78333333333333,43.666666666666664,0,0,0,0,51,13,0.719607843137255,0.2333333333333333,46.333333333333336
objects > heal,dense8,,6,60,3,21.788888888888888,21.266666666666666,22.833333333333332,16.333333333333332,0,0,0,0,57,15,0.6929824561403509,0.2333333333333333,18.333333333333332
objects > mend,dense8,,6,60,3,21.788888888888888,21.266666666666666,22.833333333333332,16.333333333333332,0,0,0,0,57,15,0.6929824561403509,0.2333333333333333,18.333333333333332
objects > shield,dense8,,5,60,3,21.788888888888888,21.266666666666666,22.833333333333332,16.333333333333332,0,0,0,0,57,16,0.6842105263157895,0.2333333333333333,18.333333333333332
objects > rage,dense8,,5,60,3,28.51111111111111,27.733333333333334,30.066666666666666,23.666666666666668,0,0,0,0,66,17,0.646969696969697,0.2333333333333333,26
objects > scatter,dense8,,5,60,3,6,6,6,0,0,0,0,0,76,6,0.5296052631578947,0.06666666666666667,6
objects > lance,dense8,,5,60,3,20.722222222222225,20.2,21.766666666666666,15.333333333333334,0,0,0,0,69,15,0.6043478260869566,0.2333333333333333,18.333333333333332
objects > focus,dense8,,5,60,3,30.494444444444444,29.583333333333332,32.31666666666667,23.666666666666668,0,0,0,0,66,17,0.646969696969697,0.16666666666666666,26
objects > amplify,dense8,,5,60,3,22.833333333333332,21.266666666666666,24.4,17,0,0,0,0,66,17,0.646969696969697,0.2333333333333333,19
objects > prolong,dense8,,4,60,3,103.59444444444445,99.18333333333334,112.41666666666667,86.66666666666667,0,0,0,0,27,110,2.0148148148148146,0.2333333333333333,93
objects > regen,dense8,,5,60,3,21.788888888888888,21.266666666666666,22.833333333333332,16.333333333333332,0,0,0,0,66,17,0.646969696969697,0.2333333333333333,18.333333333333332
objects > armor,dense8,,5,60,3,21.788888888888888,21.266666666666666,22.833333333333332,16.333333333333332,0,0,0,0,66,17,0.646969696969697,0.2333333333333333,18.333333333333332
objects > pull,dense8,,4,60,3,6.611111111111112,6.35,7.1,2.6666666666666665,0,0,12,0,62,29,0.7064516129032258,0.4333333333333333,7.666666666666667
objects > orb,dense8,,5,60,3,338.74444444444447,311.73333333333335,365.53333333333336,288.6666666666667,0,0,0,0,15,172,3.843333333333334,0.2333333333333333,306.3333333333333
objects > mine,dense8,,5,60,3,93.28333333333335,93.28333333333333,93.28333333333333,75,0,0,0,0,66,17,0.646969696969697,0.2333333333333333,80
objects > turret,dense8,,6,60,3,158.51666666666668,157.71666666666667,159.36666666666667,133,0,0,0,0,10,112,5.669999999999999,0.2333333333333333,152.33333333333334
objects > decoy,dense8,,6,60,3,14.483333333333334,14.25,14.95,9,0,0,0,0,12,116,4.699999999999998,0.2333333333333333,21
objects > detonate,dense8,,4,60,3,9.333333333333334,9.333333333333334,9.333333333333334,8,0,0,0,0,76,6,0.525,0.06666666666666667,8
objects > launch,dense8,,4,60,3,16.13888888888889,14.916666666666666,17,11.333333333333334,0,0,0,0,80,6,0.520625,0.06666666666666667,14.666666666666666
objects > boomerang,dense8,,5,60,3,20.722222222222225,20.2,21.766666666666666,15.333333333333334,0,0,0,0,69,15,0.6043478260869566,0.2333333333333333,18.333333333333332
objects > homing,dense8,,5,60,3,6,6,6,0,0,0,0,0,76,6,0.5296052631578947,0.06666666666666667,6
objects > laser,dense8,,5,60,3,21.022222222222222,20.5,22.066666666666666,15.333333333333334,0,0,0,0,60,14,0.6333333333333333,0.2333333333333333,18.333333333333332
objects > chain,dense8,,5,60,3,44.67222222222222,44.18333333333333,45.65,32.333333333333336,0,0,0,0,57,16,0.6842105263157895,0.06666666666666667,35.333333333333336
objects > meteor,dense8,,5,60,3,15.116666666666667,14.85,15.65,9,0,0,0,0,64,10,0.5765625,0.2333333333333333,17
objects > blades,dense8,,6,60,3,10.116666666666667,10.083333333333334,10.183333333333334,8,0,0,0,0,66,6,0.546969696969697,0.2333333333333333,16
objects > root,dense8,,5,60,3,21.788888888888888,21.266666666666666,22.833333333333332,16.333333333333332,0,0,0,0,66,17,0.646969696969697,0.2333333333333333,18.333333333333332
objects > mark,dense8,,4,60,3,21.788888888888888,21.266666666666666,22.833333333333332,16.333333333333332,0,0,0,0,76,25,0.6276315789473684,0.2333333333333333,18.333333333333332
objects > burn,dense8,,5,60,3,10.9,10.833333333333334,11.033333333333333,8,0,0,0,0,76,6,0.5296052631578947,0.2333333333333333,12
objects > fear,dense8,,5,60,3,5.2555555555555555,1.2,7.283333333333333,1.3333333333333333,0,0,0,0,64,19.666666666666668,0.6782575757575757,0.2333333333333333,7
objects > execute,dense8,,5,60,3,6,6,6,0,0,0,0,0,76,6,0.5296052631578947,0.06666666666666667,6
objects > drain,dense8,,5,60,3,6,6,6,0,0,36,0,0,76,6,0.5296052631578947,0.06666666666666667,6
objects > blink,dense8,,5,60,3,1.3277777777777777,1.3166666666666667,1.35,0.6666666666666666,0,0,0,0,55,24,0.7545454545454545,0.5333333333333333,7
objects > dash,dense8,,5,60,3,1.3166666666666667,1.3166666666666667,1.3166666666666667,1,0,0,0,0,55,24,0.7545454545454545,0.5666666666666667,7
objects > archer,dense8,,6,60,3,49.36666666666667,47.96666666666667,51,40.333333333333336,0,0,0,0,51,13,0.719607843137255,0.2333333333333333,43.333333333333336
objects > sacrifice,dense8,,4,60,3,9.333333333333334,9.333333333333334,9.333333333333334,8,0,0,0,0,76,6,0.525,0.06666666666666667,8
objects > rally,dense8,,5,60,3,162.39999999999998,155.16666666666666,176.86666666666667,136,0,0,0,0,23,94,2.367391304347827,0.16666666666666666,141
objects > ward,dense8,,7,60,3,0.43333333333333335,0.3,0.5,0,0,0,0,0,46,17,0.85,0.25555555555555554,13
objects > spread,dense8,,4,60,3,21.788888888888888,21.266666666666666,22.833333333333332,16.333333333333332,0,0,0,0,67,20,0.6328358208955224,0.2333333333333333,18.333333333333332
objects > snipe,dense8,,6,60,3,6,6,6,0,0,0,0,0,66,6,0.546969696969697,0.06666666666666667,6
objects > refresh,dense8,,4,60,3,103.59444444444445,99.18333333333334,112.41666666666667,86.66666666666667,0,0,0,0,29,118,1.8603448275862078,0.2333333333333333,93
objects > split,dense8,,4,60,3,46.672222222222224,43.65,48.9,36.333333333333336,0,0,0,0,58,35,0.7068965517241379,0.2333333333333333,51
objects > absorb,dense8,,4,60,3,0,0,0,0,0,36,0,0,80,6,0.520625,,6
objects > swap,dense8,,4,60,3,16.561111111111114,16.183333333333334,17.216666666666665,10.666666666666666,0,8.333333333333334,12,64,61,20,0.6565573770491803,0.2333333333333333,12.333333333333334
allies > bolt,dense8,,4,60,3,34.05555555555556,33.5,34.333333333333336,28.333333333333332,0,0,0,0,71,30,0.6161971830985915,0.2333333333333333,38
allies > slash,dense8,,5,60,3,9.344444444444445,9.066666666666666,9.6,6.333333333333333,0,0,0,0,74,18,0.581081081081081,0.2333333333333333,13.333333333333334
allies > explode,dense8,,5,60,3,6.2444444444444445,6.166666666666667,6.366666666666666,4,0,0,0,0,63,12,0.5873015873015873,0.2333333333333333,11.333333333333334
allies > frost,dense8,,5,60,3,11.366666666666667,11.266666666666667,11.566666666666666,7.666666666666667,0,0,0,0,63,18,0.6190476190476191,1.2666666666666673,15.666666666666666
allies > poison,dense8,,6,60,3,7.3,7.133333333333334,7.466666666666667,5,0,0,0,0,62,12,0.6000000000000001,0.2333333333333333,17.666666666666668
allies > vortex,dense8,,5,60,3,12.866666666666665,12.666666666666666,13.233333333333333,9.333333333333334,0,0,0,0,60,18,0.6375,0.2333333333333333,22
allies > shockwave,dense8,,4,60,3,16.311111111111114,16.066666666666666,16.666666666666668,13,0,0,0,0,62,24,0.6387096774193549,0.2333333333333333,20
allies > summon,dense8,,6,60,3,107.40000000000002,107.36666666666666,107.43333333333334,90,0,0,0,0,14,84,4.1000000000000005,0.26666666666666666,99.33333333333333
allies > heal,dense8,,6,60,3,16.311111111111114,16.066666666666666,16.666666666666668,13,0,0,0,0,59,18,0.6576271186440678,0.2333333333333333,20
allies > mend,dense8,,6,60,3,16.311111111111114,16.066666666666666,16.666666666666668,13,0,0,0,0,59,18,0.6576271186440678,0.2333333333333333,20
allies > shield,dense8,,5,60,3,16.311111111111114,16.066666666666666,16.666666666666668,13,0,0,0,0,60,18,0.6375,0.2333333333333333,20
allies > haste,dense8,,5,60,3,16.311111111111114,16.066666666666666,16.666666666666668,13,0,0,0,0,67,24,0.6343283582089553,0.2333333333333333,20
allies > rage,dense8,,5,60,3,23.3,22.65,23.783333333333335,18,0,0,0,0,67,24,0.6343283582089553,0.2333333333333333,25
allies > scatter,dense8,,5,60,3,0,0,0,0,0,0,0,0,76,6,0.5296052631578947,,6
allies > lance,dense8,,5,60,3,14.377777777777778,14.133333333333333,14.7,11,0,0,0,0,67,24,0.6343283582089553,0.2333333333333333,18
allies > focus,dense8,,5,60,3,25.42222222222222,25.133333333333333,25.9,20.333333333333332,0,0,0,0,67,24,0.6343283582089553,0.16666666666666666,27.333333333333332
allies > amplify,dense8,,5,60,3,16.311111111111114,16.066666666666666,16.666666666666668,13,0,0,0,0,67,24,0.6343283582089553,0.2333333333333333,20
allies > prolong,dense8,,4,60,3,96.1111111111111,95.23333333333333,97.86666666666666,80.33333333333333,0,0,0,0,23,138,2.399999999999999,0.2333333333333333,89
allies > regen,dense8,,5,60,3,16.311111111111114,16.066666666666666,16.666666666666668,13,0,0,0,0,67,24,0.6343283582089553,0.2333333333333333,20
allies > armor,dense8,,5,60,3,16.311111111111114,16.066666666666666,16.666666666666668,13,0,0,0,0,67,24,0.6343283582089553,0.2333333333333333,20
allies > pull,dense8,,4,60,3,15.322222222222223,14.866666666666667,16.1,11.666666666666666,0,0,0,0,69,24,0.610144927536232,0.3444444444444444,20.333333333333332
allies > orb,dense8,,5,60,3,116.7,108.3,125.93333333333334,97,0,0,0,0,67,24,0.6343283582089553,0.2333333333333333,105.33333333333333
allies > mine,dense8,,5,60,3,121.26666666666667,121.26666666666667,121.26666666666667,103,0,0,0,0,67,24,0.6343283582089553,0.2333333333333333,112.33333333333333
allies > turret,dense8,,6,60,3,60.22777777777778,59.36666666666667,60.88333333333333,49.666666666666664,0,0,0,0,54,18,0.686111111111111,0.2333333333333333,58.666666666666664
allies > decoy,dense8,,6,60,3,16.311111111111114,16.066666666666666,16.666666666666668,13,0,0,0,0,59,18,0.6576271186440678,0.2333333333333333,31.666666666666668
allies > detonate,dense8,,4,60,3,9.333333333333334,9.333333333333334,9.333333333333334,8,0,0,0,0,76,6,0.525,0.06666666666666667,8
allies > launch,dense8,,4,60,3,15.944444444444445,15.5,16.166666666666668,9.666666666666666,0,0,0,0,80,6,0.520625,0.06666666666666667,12.666666666666666
allies > boomerang,dense8,,5,60,3,14.377777777777778,14.133333333333333,14.7,11,0,0,0,0,67,24,0.6343283582089553,0.2333333333333333,18
allies > homing,dense8,,5,60,3,0,0,0,0,0,0,0,0,76,6,0.5296052631578947,,6
allies > laser,dense8,,5,60,3,16.311111111111114,16.066666666666666,16.666666666666668,13,0,0,0,0,60,18,0.6375,0.2333333333333333,20
allies > chain,dense8,,5,60,3,41.93333333333333,40.266666666666666,43.96666666666667,33.666666666666664,0,0,0,0,60,18,0.6375,0.06666666666666667,41
allies > meteor,dense8,,5,60,3,7.3,7.133333333333334,7.466666666666667,5,0,0,0,0,63,12,0.5873015873015873,0.2333333333333333,17.666666666666668
allies > blades,dense8,,6,60,3,2.1333333333333333,2.066666666666667,2.2,0.6666666666666666,0,0,0,0,66,6,0.546969696969697,0.2333333333333333,13.666666666666666
allies > root,dense8,,5,60,3,16.311111111111114,16.066666666666666,16.666666666666668,13,0,0,0,0,67,24,0.6343283582089553,0.2333333333333333,20
allies > mark,dense8,,4,60,3,16.311111111111114,16.066666666666666,16.666666666666668,13,0,0,0,0,80,30,0.5875,0.2333333333333333,20
allies > burn,dense8,,5,60,3,3.1777777777777776,3.1333333333333333,3.2333333333333334,1,0,0,0,0,76,6,0.5296052631578947,0.2333333333333333,8.333333333333334
allies > fear,dense8,,5,60,3,4.344444444444444,4.333333333333333,4.366666666666666,2.3333333333333335,0,0,0,0,67,24,0.6343283582089553,0.2333333333333333,11.666666666666666
allies > execute,dense8,,5,60,3,0,0,0,0,0,0,0,0,76,6,0.5296052631578947,,6
allies > drain,dense8,,5,60,3,0,0,0,0,0,36,0,0,76,6,0.5296052631578947,,6
allies > blink,dense8,,5,60,3,16.066666666666666,15.9,16.333333333333332,11.333333333333334,0,0,0,0,63,18,0.6190476190476191,0.3444444444444444,20
allies > dash,dense8,,5,60,3,16.166666666666668,15.833333333333334,16.5,11.333333333333334,0,0,0,0,63,18,0.6190476190476191,0.36666666666666664,20.333333333333332
allies > archer,dense8,,6,60,3,92,92,92,77,0,0,0,0,14,84,4.1000000000000005,0.26666666666666666,87.33333333333333
allies > sacrifice,dense8,,4,60,3,9.333333333333334,9.333333333333334,9.333333333333334,8,0,0,0,0,76,6,0.525,0.06666666666666667,8
allies > rally,dense8,,5,60,3,151.58888888888887,150.16666666666666,154.33333333333334,128.66666666666666,0,0,0,0,20,120,2.75,0.16666666666666666,139.66666666666666
allies > ward,dense8,,7,60,3,2.9444444444444446,2.8333333333333335,3,1.6666666666666667,0,0,0,0,50,18,0.7369999999999998,0.2333333333333333,16.333333333333332
allies > spread,dense8,,4,60,3,16.311111111111114,16.066666666666666,16.666666666666668,13,0,0,0,0,69,24,0.610144927536232,0.2333333333333333,20
allies > snipe,dense8,,6,60,3,0,0,0,0,0,0,0,0,66,6,0.546969696969697,,6
allies > refresh,dense8,,4,60,3,96.1111111111111,95.23333333333333,97.86666666666666,80.33333333333333,0,0,0,0,26,156,2.149999999999999,0.2333333333333333,89
allies > split,dense8,,4,60,3,18.144444444444446,17.833333333333332,18.5,12.333333333333334,0,0,0,0,62,24,0.6387096774193549,0.26666666666666666,19
allies > absorb,dense8,,4,60,3,0,0,0,0,0,36,0,0,80,6,0.520625,,6
allies > swap,dense8,,4,60,3,16.42222222222222,16.233333333333334,16.566666666666666,12,0,8.333333333333334,0,72,62,24,0.6387096774193549,0.2333333333333333,8.666666666666666
zones > bolt,dense8,,4,60,3,44.333333333333336,44.333333333333336,44.333333333333336,38,0,0,0,0,78,12,0.5423076923076923,0.03333333333333333,45
zones > slash,dense8,,5,60,3,4.8,4.8,4.8,0,0,0,0,0,79,6,0.5253164556962026,0.03333333333333333,6
zones > explode,dense8,,5,60,3,4.8,4.8,4.8,0,0,0,0,0,66,6,0.5416666666666666,0.03333333333333333,6
zones > frost,dense8,,5,60,3,37.333333333333336,37.333333333333336,37.333333333333336,32,0,0,0,0,66,12,0.5757575757575758,0.03333333333333333,38
zones > poison,dense8,,6,60,3,4.8,4.8,4.8,0,0,0,0,0,66,6,0.546969696969697,0.03333333333333333,6
zones > vortex,dense8,,5,60,3,6.366666666666667,6.2,6.5,0,0,0,0,0,63,12,0.5873015873015873,0.03333333333333333,12
zones > shockwave,dense8,,4,60,3,4.8,4.8,4.8,0,0,0,0,0,70,6,0.5307142857142857,0.03333333333333333,6
zones > summon,dense8,,6,60,3,53.644444444444446,52.93333333333333,54.86666666666667,44.666666666666664,0,0,0,0,58,6,0.5620689655172414,0.03333333333333333,51
zones > rage,dense8,,5,60,3,37.333333333333336,37.333333333333336,37.333333333333336,32,0,0,0,0,73,12,0.5616438356164384,0.03333333333333333,39
zones > scatter,dense8,,5,60,3,4.8,4.8,4.8,0,0,0,0,0,76,6,0.5296052631578947,0.03333333333333333,6
zones > lance,dense8,,5,60,3,4.8,4.8,4.8,0,0,0,0,0,76,6,0.5296052631578947,0.03333333333333333,6
zones > focus,dense8,,5,60,3,60.79999999999999,60.8,60.8,48,0,0,0,0,73,12,0.5616438356164384,0.03333333333333333,54.333333333333336
zones > amplify,dense8,,5,60,3,37.333333333333336,37.333333333333336,37.333333333333336,32,0,0,0,0,73,12,0.5616438356164384,0.03333333333333333,38
zones > prolong,dense8,,4,60,3,88.8,88.8,88.8,72,0,0,0,0,69,24,0.610144927536232,0.03333333333333333,79.33333333333333
zones > pull,dense8,,4,60,3,4.8,4.8,4.8,0,0,0,0,0,74,12,0.5513513513513513,0.03333333333333333,6
zones > orb,dense8,,5,60,3,87.46666666666665,84.76666666666667,90.03333333333333,72,0,0,0,0,73,12,0.5616438356164384,0.03333333333333333,81
zones > mine,dense8,,5,60,3,93.33333333333333,93.33333333333333,93.33333333333333,80,0,0,0,0,73,12,0.5616438356164384,0.03333333333333333,87
zones > turret,dense8,,6,60,3,51.361111111111114,50.56666666666667,51.96666666666667,41.666666666666664,0,0,0,0,61,6,0.5549180327868852,0.03333333333333333,50
zones > decoy,dense8,,6,60,3,37.333333333333336,37.333333333333336,37.333333333333336,32,0,0,0,0,62,12,0.6000000000000001,0.03333333333333333,44.666666666666664
zones > detonate,dense8,,4,60,3,9.333333333333334,9.333333333333334,9.333333333333334,8,0,0,0,0,76,6,0.525,0.03333333333333333,8
zones > launch,dense8,,4,60,3,18.8,18.433333333333334,19.266666666666666,12,0,0,0,0,80,6,0.520625,0.03333333333333333,15
zones > boomerang,dense8,,5,60,3,4.8,4.8,4.8,0,0,0,0,0,76,6,0.5296052631578947,0.03333333333333333,6
zones > homing,dense8,,5,60,3,4.8,4.8,4.8,0,0,0,0,0,76,6,0.5296052631578947,0.03333333333333333,6
zones > laser,dense8,,5,60,3,4.8,4.8,4.8,0,0,0,0,0,66,6,0.5416666666666666,0.03333333333333333,6
zones > chain,dense8,,5,60,3,46.666666666666664,46.666666666666664,46.666666666666664,40,0,0,0,0,63,12,0.5873015873015873,0.03333333333333333,46.666666666666664
zones > meteor,dense8,,5,60,3,9.333333333333334,9.333333333333334,9.333333333333334,8,0,0,0,0,66,6,0.5416666666666666,0.03333333333333333,20.333333333333332
zones > blades,dense8,,6,60,3,4.8,4.8,4.8,0,0,0,0,0,66,6,0.546969696969697,0.03333333333333333,6
zones > root,dense8,,5,60,3,37.333333333333336,37.333333333333336,37.333333333333336,32,0,0,0,0,73,12,0.5616438356164384,0.03333333333333333,38
zones > mark,dense8,,4,60,3,37.333333333333336,37.333333333333336,37.333333333333336,32,0,0,0,0,86,12,0.5325581395348837,0.03333333333333333,38
zones > burn,dense8,,5,60,3,4.8,4.8,4.8,0,0,0,0,0,76,6,0.5296052631578947,0.03333333333333333,6
zones > fear,dense8,,5,60,3,6.433333333333334,6.3,6.5,0,0,0,0,0,73,12,0.5616438356164384,0.03333333333333333,6
zones > execute,dense8,,5,60,3,4.8,4.8,4.8,0,0,0,0,0,76,6,0.5296052631578947,0.03333333333333333,6
zones > drain,dense8,,5,60,3,4.8,4.8,4.8,0,0,36,0,0,76,6,0.5296052631578947,0.03333333333333333,6
zones > blink,dense8,,5,60,3,4.8,4.8,4.8,0,0,0,0,0,66,12,0.5757575757575758,0.03333333333333333,6
zones > dash,dense8,,5,60,3,4.8,4.8,4.8,0,0,0,0,0,66,12,0.5757575757575758,0.03333333333333333,6
zones > archer,dense8,,6,60,3,49.833333333333336,48.333333333333336,50.833333333333336,41,0,0,0,0,58,6,0.5620689655172414,0.03333333333333333,49
zones > sacrifice,dense8,,4,60,3,9.333333333333334,9.333333333333334,9.333333333333334,8,0,0,0,0,76,6,0.525,0.03333333333333333,8
zones > rally,dense8,,5,60,3,863.4666666666667,863.4666666666667,863.4666666666667,736,0,0,0,0,20,120,2.75,0.03333333333333333,361.6666666666667
zones > ward,dense8,,7,60,3,4.8,4.8,4.8,0,0,0,0,0,58,6,0.5681034482758621,0.03333333333333333,12
zones > spread,dense8,,4,60,3,37.333333333333336,37.333333333333336,37.333333333333336,32,0,0,0,0,74,12,0.5513513513513513,0.03333333333333333,38
zones > snipe,dense8,,6,60,3,4.8,4.8,4.8,0,0,0,0,0,66,6,0.546969696969697,0.03333333333333333,6
zones > refresh,dense8,,4,60,3,560,560,560,480,0,0,0,0,26,156,2.149999999999999,0.03333333333333333,358.6666666666667
zones > split,dense8,,4,60,3,55.611111111111114,47.833333333333336,65.33333333333333,47.666666666666664,0,0,0,0,65,18,0.5892307692307692,0.03333333333333333,64.66666666666667
zones > absorb,dense8,,4,60,3,4.8,4.8,4.8,0,0,36,0,0,80,6,0.520625,0.03333333333333333,6
zones > swap,dense8,,4,60,3,26.666666666666668,26.666666666666668,26.666666666666668,16,0,0,0,96,67,12,0.5641791044776119,0.03333333333333333,14
shots > bolt,dense8,,4,60,3,2.4444444444444446,2.3333333333333335,2.5,1,0,0,0,0,80,3,0.515,0.03333333333333333,6
shots > slash,dense8,,5,60,3,0.5,0.5,0.5,0,0,0,0,0,80,3,0.5193749999999999,0.03333333333333333,3
shots > explode,dense8,,5,60,3,0.5,0.5,0.5,0,0,0,0,0,67,3,0.5276119402985074,0.03333333333333333,3
shots > frost,dense8,,5,60,3,0.5,0.5,0.5,0,0,0,0,0,70,3,0.525,0.03333333333333333,3
shots > poison,dense8,,6,60,3,0.5,0.5,0.5,0,0,0,0,0,67,3,0.5328358208955224,0.03333333333333333,3
shots > vortex,dense8,,5,60,3,1,1,1,0,0,0,0,0,67,3,0.5276119402985074,0.03333333333333333,5.333333333333333
shots > shockwave,dense8,,4,60,3,0.5,0.5,0.5,0,0,0,0,0,70,3,0.52,0.03333333333333333,3
shots > summon,dense8,,6,60,3,9.78888888888889,9.733333333333333,9.866666666666667,7.666666666666667,0,0,0,0,60,3,0.5399999999999999,0.03333333333333333,11.333333333333334
shots > haste,dense8,,5,60,3,0.5,0.5,0.5,0,0,0,0,0,76,3,0.5217105263157894,0.03333333333333333,3
shots > rage,dense8,,5,60,3,0.5,0.5,0.5,0,0,0,0,0,76,3,0.5217105263157894,0.03333333333333333,3
shots > scatter,dense8,,5,60,3,0.5,0.5,0.5,0,0,0,0,0,76,3,0.5217105263157894,0.03333333333333333,3
shots > lance,dense8,,5,60,3,0.5,0.5,0.5,0,0,0,0,0,76,3,0.5217105263157894,0.03333333333333333,3
shots > amplify,dense8,,5,60,3,0.5,0.5,0.5,0,0,0,0,0,76,3,0.5217105263157894,0.03333333333333333,3
shots > prolong,dense8,,4,60,3,0.5,0.5,0.5,0,0,0,0,0,75,6,0.5346666666666667,0.03333333333333333,3
shots > pull,dense8,,4,60,3,1,1,1,0,0,0,0,0,77,3,0.5168831168831168,0.03333333333333333,3
shots > orb,dense8,,5,60,3,3.4555555555555557,2.3,4.033333333333333,1.6666666666666667,0,0,0,0,76,3,0.5217105263157894,0.03333333333333333,6
shots > mine,dense8,,5,60,3,14.666666666666666,14.666666666666666,14.666666666666666,8,0,0,0,0,76,3,0.5217105263157894,0.03333333333333333,12.333333333333334
shots > turret,dense8,,6,60,3,8.78888888888889,8.766666666666667,8.8,6.333333333333333,0,0,0,0,62,3,0.5370967741935483,0.03333333333333333,11.333333333333334
shots > decoy,dense8,,6,60,3,0.5,0.5,0.5,0,0,0,0,0,67,3,0.5328358208955224,0.03333333333333333,6
shots > detonate,dense8,,4,60,3,9.333333333333334,9.333333333333334,9.333333333333334,8,0,0,0,0,77,3,0.5168831168831168,0.03333333333333333,8.333333333333334
shots > launch,dense8,,4,60,3,9.277777777777779,9,9.5,5.666666666666667,0,0,0,0,80,3,0.515,0.03333333333333333,6.666666666666667
shots > boomerang,dense8,,5,60,3,0.5,0.5,0.5,0,0,0,0,0,76,3,0.5217105263157894,0.03333333333333333,3
shots > homing,dense8,,5,60,3,0.5,0.5,0.5,0,0,0,0,0,76,3,0.5217105263157894,0.03333333333333333,3
shots > laser,dense8,,5,60,3,0.5,0.5,0.5,0,0,0,0,0,67,3,0.5276119402985074,0.03333333333333333,3
shots > chain,dense8,,5,60,3,5.3,5.3,5.3,0,0,0,0,0,67,3,0.5276119402985074,0.03333333333333333,3
shots > meteor,dense8,,5,60,3,0.5,0.5,0.5,0,0,0,0,0,67,3,0.5276119402985074,0.03333333333333333,6
shots > blades,dense8,,6,60,3,0.5,0.5,0.5,0,0,0,0,0,67,3,0.5328358208955224,0.03333333333333333,3
shots > root,dense8,,5,60,3,0.5,0.5,0.5,0,0,0,0,0,76,3,0.5217105263157894,0.03333333333333333,3
shots > mark,dense8,,4,60,3,0.5,0.5,0.5,0,0,0,0,0,89,3,0.5123595505617977,0.03333333333333333,3
shots > burn,dense8,,5,60,3,0.5,0.5,0.5,0,0,0,0,0,76,3,0.5217105263157894,0.03333333333333333,3
shots > fear,dense8,,5,60,3,0.5,0.5,0.5,0,0,0,0,0,76,3,0.5217105263157894,0.03333333333333333,3
shots > execute,dense8,,5,60,3,0.5,0.5,0.5,0,0,0,0,0,76,3,0.5217105263157894,0.03333333333333333,3
shots > drain,dense8,,5,60,3,0.5,0.5,0.5,0,0,18,0,0,76,3,0.5217105263157894,0.03333333333333333,3
shots > blink,dense8,,5,60,3,0.5,0.5,0.5,0,0,0,0,0,70,3,0.525,0.03333333333333333,3
shots > dash,dense8,,5,60,3,0.5,0.5,0.5,0,0,0,0,0,70,3,0.525,0.03333333333333333,3
shots > archer,dense8,,6,60,3,8.5,8.5,8.5,6.666666666666667,0,0,0,0,60,3,0.5399999999999999,0.03333333333333333,11.333333333333334
shots > sacrifice,dense8,,4,60,3,9.333333333333334,9.333333333333334,9.333333333333334,8,0,0,0,0,77,3,0.5168831168831168,0.03333333333333333,8.333333333333334
shots > rally,dense8,,5,60,3,0.5,0.5,0.5,0,0,0,0,0,74,6,0.5445945945945946,0.03333333333333333,3
shots > ward,dense8,,7,60,3,0.5,0.5,0.5,0,0,0,0,0,59,3,0.5466101694915254,0.03333333333333333,6
shots > spread,dense8,,4,60,3,0.5,0.5,0.5,0,0,0,0,0,77,3,0.5168831168831168,0.03333333333333333,3
shots > snipe,dense8,,6,60,3,0.5,0.5,0.5,0,0,0,0,0,67,3,0.5328358208955224,0.03333333333333333,3
shots > refresh,dense8,,4,60,3,0.5,0.5,0.5,0,0,0,0,0,80,3,0.515,0.03333333333333333,3
shots > split,dense8,,4,60,3,0.5,0.5,0.5,0,0,0,0,0,70,3,0.52,0.03333333333333333,6
shots > absorb,dense8,,4,60,3,0.5,0.5,0.5,0,0,6,0,0,80,3,0.515,0.03333333333333333,3
shots > swap,dense8,,4,60,3,0.6666666666666666,0.6666666666666666,0.6666666666666666,0,0,0,0,0,70,3,0.52,0.03333333333333333,3
gems > bolt,dense8,,3,60,3,157.66666666666666,155.83333333333334,160.83333333333334,134.66666666666666,0,0,0,0,9,367.3333333333333,7.022222222222221,0.36666666666666664,225.33333333333334
gems > slash,dense8,,4,60,3,0,0,0,0,0,0,0,0,80,6,0.520625,,6
gems > explode,dense8,,4,60,3,0,0,0,0,0,0,0,0,67,6,0.535820895522388,,6
gems > frost,dense8,,4,60,3,0,0,0,0,0,0,0,0,21,126,2.6499999999999995,,6
gems > poison,dense8,,5,60,3,0,0,0,0,0,0,0,0,66,6,0.5416666666666666,,6
gems > vortex,dense8,,4,60,3,0,0,0,0,0,0,0,12,67,6,0.535820895522388,,12
gems > shockwave,dense8,,3,60,3,0,0,0,0,0,0,0,0,70,6,0.5257142857142857,,6
gems > summon,dense8,,5,60,3,77,77,77,66,0,0,0,0,5,138,12.39,0.26666666666666666,79.33333333333333
gems > haste,dense8,,4,60,3,0,0,0,0,0,0,0,0,23,138,2.399999999999999,,6
gems > scatter,dense8,,4,60,3,0,0,0,0,0,0,0,0,76,6,0.525,,6
gems > lance,dense8,,4,60,3,0,0,0,0,0,0,0,0,76,6,0.525,,6
gems > amplify,dense8,,4,60,3,0,0,0,0,0,0,0,0,23,138,2.399999999999999,,6
gems > pull,dense8,,3,60,3,0,0,0,0,0,0,0,12,76,6,0.5203947368421052,,6
gems > magnet,dense8,,3,60,3,0,0,0,0,0,0,0,12,80,6,0.51625,,6
gems > harvest,dense8,,4,60,3,0,0,0,0,0,0,0,0,23,138,2.399999999999999,,6
gems > orb,dense8,,4,60,3,217.7777777777778,187,238.9,182.66666666666666,0,0,0,0,5.333333333333333,338.6666666666667,13.817777777777778,0.26666666666666666,204
gems > mine,dense8,,4,60,3,252,252,252,216,0,0,0,0,5,414,17.759999999999998,0.5666666666666667,226
gems > turret,dense8,,5,60,3,109.88333333333333,105.36666666666666,118.35,92,0,0,0,0,6,208.66666666666666,13.572222222222221,0.26666666666666666,113.66666666666667
gems > decoy,dense8,,5,60,3,0,0,0,0,0,0,0,0,17,102,3.25,,18
gems > detonate,dense8,,3,60,3,214.66666666666666,214.66666666666666,214.66666666666666,184,0,0,0,0,23,182,2.432608695652175,0.06666666666666667,12.333333333333334
gems > launch,dense8,,3,60,3,157.83333333333334,29.166666666666668,232.66666666666666,132,0,0,0,0,44,134,1.4444723294723296,0.06666666666666667,16.333333333333332
gems > boomerang,dense8,,4,60,3,0,0,0,0,0,0,0,0,76,6,0.525,,6
gems > homing,dense8,,4,60,3,0,0,0,0,0,0,0,0,76,6,0.525,,6
gems > laser,dense8,,4,60,3,0,0,0,0,0,0,0,0,67,6,0.535820895522388,,6
gems > chain,dense8,,4,60,3,65.33333333333333,65.33333333333333,65.33333333333333,56,0,0,0,0,7,210,10.099999999999998,0.06666666666666667,63.666666666666664
gems > meteor,dense8,,4,60,3,0,0,0,0,0,0,0,0,67,6,0.535820895522388,,12
gems > blades,dense8,,5,60,3,0,0,0,0,0,0,0,0,66,6,0.5416666666666666,,6
gems > root,dense8,,4,60,3,0,0,0,0,0,0,0,0,23,138,2.399999999999999,,6
gems > mark,dense8,,3,60,3,0,0,0,0,0,0,0,0,36,216,1.549999999999999,,6
gems > burn,dense8,,4,60,3,0,0,0,0,0,0,0,0,76,6,0.525,,6
gems > fear,dense8,,4,60,3,0,0,0,0,0,0,0,0,74,12,0.5513513513513513,,6
gems > execute,dense8,,4,60,3,0,0,0,0,0,0,0,0,76,6,0.525,,6
gems > drain,dense8,,4,60,3,0,0,0,0,0,36,0,0,76,6,0.525,,6
gems > blink,dense8,,4,60,3,0,0,0,0,0,0,0,0,64,18,0.60078125,,6
gems > dash,dense8,,4,60,3,0,0,0,0,0,0,0,0,64,18,0.60078125,,6
gems > archer,dense8,,5,60,3,74.33333333333333,73,75,61.333333333333336,0,0,0,0,6,168,12.550000000000002,0.26666666666666666,75.66666666666667
gems > sacrifice,dense8,,3,60,3,214.66666666666666,214.66666666666666,214.66666666666666,184,0,0,0,0,23,182,2.432608695652175,0.06666666666666667,12.333333333333334
gems > rally,dense8,,4,60,3,0,0,0,0,0,0,0,0,23,138,2.399999999999999,,6
gems > ward,dense8,,6,60,3,0,0,0,0,0,0,0,0,58,6,0.5620689655172414,,12
gems > spread,dense8,,3,60,3,0,0,0,0,0,0,0,0,26,156,2.049999999999999,,6
gems > snipe,dense8,,5,60,3,0,0,0,0,0,0,0,0,66,6,0.5416666666666666,,6
gems > split,dense8,,3,60,3,0,0,0,0,0,0,0,0.041666666666666664,6,378,16.55,,384
gems > absorb,dense8,,3,60,3,0,0,0,0,0,0,0,12,80,6,0.51625,,6
gems > swap,dense8,,3,60,3,0,0,0,0,0,0,0,10,43,48,1.07906976744186,,6
prey > bolt,dense8,,3,60,3,28,28,28,24,0,0,0,0,48,48,1.0499999999999992,0.3444444444444444,36.333333333333336
prey > slash,dense8,,4,60,3,14.800000000000002,14.8,14.8,12,0,0,0,0,38,38,1.3999999999999992,0.06666666666666667,24.333333333333332
prey > explode,dense8,,4,60,3,13.699999999999998,13.7,13.7,11,0,0,0,0,35,35,1.3999999999999992,0.06666666666666667,22.333333333333332
prey > frost,dense8,,4,60,3,2.3333333333333335,2.3333333333333335,2.3333333333333335,2,0.07319444444444563,0,0,0,36,36,1.3999999999999992,0.06666666666666667,4
prey > poison,dense8,,5,60,3,16.633333333333333,16.633333333333333,16.633333333333333,14,0,0,0,0,29,29,1.75,0.06666666666666667,30
prey > vortex,dense8,,4,60,3,0,0,0,0,0,0,0,0,35,35,1.3999999999999992,,1
prey > shockwave,dense8,,3,60,3,8.566666666666666,8.566666666666666,8.566666666666666,7,0,0,0,0,44,44,1.0499999999999994,0.06666666666666667,14
prey > summon,dense8,,5,60,3,79.46666666666667,79.46666666666667,79.46666666666667,64,0,0,0,0,28,28,1.75,0.26666666666666666,82.33333333333333
prey > heal,dense8,,5,60,3,0,0,0,0,0,0,0,0,29,29,1.75,,0
prey > mend,dense8,,5,60,3,0,0,0,0,0,0,0,0,29,29,1.75,,0
prey > shield,dense8,,4,60,3,0,0,0,0,0,0,0,0,35,35,1.3999999999999992,,0
prey > haste,dense8,,4,60,3,0,0,0,0,0,0,0,0,37,37,1.3999999999999992,,0
prey > rage,dense8,,4,60,3,0,0,0,0,0,0,0,0,37,37,1.3999999999999992,,0
prey > scatter,dense8,,4,60,3,22,22,22,18,0,0,0,0,37,37,1.3999999999999992,0.06666666666666667,36.666666666666664
prey > lance,dense8,,4,60,3,8.7,8.7,8.7,7,0,0,0,0,37,37,1.3999999999999992,0.06666666666666667,14
prey > focus,dense8,,4,60,3,0,0,0,0,0,0,0,0,37,37,1.3999999999999992,,0
prey > amplify,dense8,,4,60,3,0,0,0,0,0,0,0,0,37,37,1.3999999999999992,,0
prey > prolong,dense8,,3,60,3,0,0,0,0,0,0,0,0,78,0,0.5,,0
prey > regen,dense8,,4,60,3,0,0,0,0,0,0,0,0,37,37,1.3999999999999992,,0
prey > armor,dense8,,4,60,3,0,0,0,0,0,0,0,0,37,37,1.3999999999999992,,0
prey > pull,dense8,,3,60,3,0,0,0,0,0,0,0,0,46,46,1.0499999999999994,,0
prey > harvest,dense8,,4,60,3,0,0,0,0,0,0,0,0,37,37,1.3999999999999992,,0
prey > orb,dense8,,4,60,3,286.5,181.3,480.8,243,0,0,0,0,42.666666666666664,32.333333333333336,1.1921052631578941,0.26666666666666666,239
prey > mine,dense8,,4,60,3,173.33333333333334,173.33333333333334,173.33333333333334,144,0,0,0,0,37,37,1.3999999999999992,0.5666666666666667,165
prey > turret,dense8,,5,60,3,69.28333333333333,69.28333333333333,69.28333333333333,59,0,0,0,0,28,28,1.75,0.26666666666666666,66.33333333333333
prey > decoy,dense8,,5,60,3,0,0,0,0,0,0,0,0,29,29,1.75,,3
prey > detonate,dense8,,3,60,3,247.91666666666666,247.91666666666666,247.91666666666666,208,0,0,0,0,46,46,1.0499999999999994,0.06666666666666667,258.3333333333333
prey > launch,dense8,,3,60,3,164.05555555555557,139.5,185.83333333333334,138.33333333333334,0,0,0,0,48,48,1.0499999999999992,0.06666666666666667,190
prey > boomerang,dense8,,4,60,3,8.7,8.7,8.7,7,0,0,0,0,37,37,1.3999999999999992,0.06666666666666667,14
prey > homing,dense8,,4,60,3,22,22,22,18,0,0,0,0,37,37,1.3999999999999992,0.06666666666666667,36.666666666666664
prey > laser,dense8,,4,60,3,8.166666666666666,8.166666666666666,8.166666666666666,7,0,0,0,0,35,35,1.3999999999999992,0.06666666666666667,14
prey > chain,dense8,,4,60,3,54.666666666666664,54.666666666666664,54.666666666666664,40,0,0,0,0,35,35,1.3999999999999992,0.06666666666666667,45.333333333333336
prey > meteor,dense8,,4,60,3,20.633333333333333,20.633333333333333,20.633333333333333,17,0,0,0,0,35,35,1.3999999999999992,0.8666666666666666,35
prey > blades,dense8,,5,60,3,33.46666666666667,33.46666666666667,33.46666666666667,28,0,0,0,0,29,29,1.75,0.06666666666666667,57.333333333333336
prey > root,dense8,,4,60,3,0,0,0,0,0.12486111111110935,0,0,0,37,37,1.3999999999999992,,0
prey > mark,dense8,,3,60,3,0,0,0,0,0,0,0,0,50,50,1.0499999999999992,,0
prey > burn,dense8,,4,60,3,21.566666666666666,21.566666666666666,21.566666666666666,18,0,0,0,0,37,37,1.3999999999999992,0.10000000000000002,36.333333333333336
prey > fear,dense8,,4,60,3,0,0,0,0,0.08777777777777813,0,0,0,51,24,0.9235294117647056,,0
prey > execute,dense8,,4,60,3,21.833333333333332,21.833333333333332,21.833333333333332,18,0,0,0,0,37,37,1.3999999999999992,0.06666666666666667,36.333333333333336
prey > drain,dense8,,4,60,3,22,22,22,18,0,50,0,0,37,37,1.3999999999999992,0.06666666666666667,36.666666666666664
prey > blink,dense8,,4,60,3,0,0,0,0,0,0,0,0,47,24,0.9595744680851062,,0
prey > dash,dense8,,4,60,3,0,0,0,0,0,0,0,0,47,24,0.9595744680851062,,0
prey > archer,dense8,,5,60,3,68,68,68,57.333333333333336,0,0,0,0,28,28,1.75,0.26666666666666666,65
prey > sacrifice,dense8,,3,60,3,247.33333333333334,247.33333333333334,247.33333333333334,208,0,0,0,0,46,46,1.0499999999999994,0.06666666666666667,258.3333333333333
prey > rally,dense8,,4,60,3,0,0,0,0,0,0,0,0,37,37,1.3999999999999992,,0
prey > ward,dense8,,6,60,3,0,0,0,0,0,0,0,0,49,8,0.7612244897959183,,2
prey > spread,dense8,,3,60,3,0,0,0,0,0,0,0,0,46,46,1.0499999999999994,,0
prey > snipe,dense8,,5,60,3,33.833333333333336,33.833333333333336,33.833333333333336,29,0,0,0,0,29,29,1.75,0.06666666666666667,58.333333333333336
prey > refresh,dense8,,3,60,3,0,0,0,0,0,0,0,0,82,0,0.5,,0
prey > split,dense8,,3,60,3,0,0,0,0,0,0,0,0,44,44,1.0499999999999994,,0
prey > absorb,dense8,,3,60,3,56,56,56,48,0,50,0,0,48,48,1.0499999999999992,0.06666666666666667,96
prey > swap,dense8,,3,60,3,0,0,0,0,0,0,0,0,44,44,1.0499999999999994,,0
lastHit > bolt,dense8,,2,60,3,2.3333333333333335,2.3333333333333335,2.3333333333333335,2,0,0,0,0,81,4,0.5098765432098765,0.35555555555555557,2
lastHit > slash,dense8,,3,60,3,1.1666666666666667,1.1666666666666667,1.1666666666666667,1,0,0,0,0,80,3,0.520625,0.06666666666666667,1.3333333333333333
lastHit > explode,dense8,,3,60,3,1.1666666666666667,1.1666666666666667,1.1666666666666667,1,0,0,0,0,67,3,0.5246268656716417,0.06666666666666667,1.3333333333333333
lastHit > frost,dense8,,3,60,3,1.1666666666666667,1.1666666666666667,1.1666666666666667,1,0.03659722222222229,0,0,0,61,18,0.6622950819672132,0.06666666666666667,1
lastHit > poison,dense8,,4,60,3,1.1666666666666667,1.1666666666666667,1.1666666666666667,1,0,0,0,0,66,3,0.540909090909091,0.06666666666666667,4
lastHit > vortex,dense8,,3,60,3,0,0,0,0,0,0,0,0,43,43,1.0499999999999994,,2
lastHit > shockwave,dense8,,2,60,3,1.1666666666666667,1.1666666666666667,1.1666666666666667,1,0,0,0,0,71,6,0.5169014084507043,0.06666666666666667,1
lastHit > summon,dense8,,4,60,3,13.52222222222222,6.266666666666667,24.933333333333334,10.333333333333334,0,0,0,0,58,4.333333333333333,0.5688906009244993,0.26666666666666666,12.333333333333334
lastHit > heal,dense8,,4,60,3,0,0,0,0,0,0,0,0,35,35,1.3999999999999992,,0
lastHit > mend,dense8,,4,60,3,0,0,0,0,0,0,0,0,35,35,1.3999999999999992,,0
lastHit > shield,dense8,,3,60,3,0,0,0,0,0,0,0,0,43,43,1.0499999999999994,,0
lastHit > haste,dense8,,3,60,3,0,0,0,0,0,0,0,0,46,46,1.0499999999999994,,0
lastHit > rage,dense8,,3,60,3,0,0,0,0,0,0,0,0,46,46,1.0499999999999994,,0
lastHit > scatter,dense8,,3,60,3,1.1666666666666667,1.1666666666666667,1.1666666666666667,1,0,0,0,0,77,2,0.5142857142857143,0.06666666666666667,1
lastHit > lance,dense8,,3,60,3,1.1666666666666667,1.1666666666666667,1.1666666666666667,1,0,0,0,0,75,5,0.5366666666666666,0.06666666666666667,1
lastHit > focus,dense8,,3,60,3,0,0,0,0,0,0,0,0,46,46,1.0499999999999994,,0
lastHit > amplify,dense8,,3,60,3,0,0,0,0,0,0,0,0,46,46,1.0499999999999994,,0
lastHit > prolong,dense8,,2,60,3,0,0,0,0,0,0,0,0,78,0,0.5,,0
lastHit > regen,dense8,,3,60,3,0,0,0,0,0,0,0,0,46,46,1.0499999999999994,,0
lastHit > armor,dense8,,3,60,3,0,0,0,0,0,0,0,0,46,46,1.0499999999999994,,0
lastHit > pull,dense8,,2,60,3,0,0,0,0,0,0,0,0,62,62,0.7000000000000005,,0
lastHit > harvest,dense8,,3,60,3,0,0,0,0,0,0,0,0,46,46,1.0499999999999994,,0
lastHit > orb,dense8,,3,60,3,29.277777777777782,20.666666666666668,36.166666666666664,22.666666666666668,0,0,0,0,76,3,0.5217105263157894,0.26666666666666666,25.333333333333332
lastHit > mine,dense8,,3,60,3,9.333333333333334,9.333333333333334,9.333333333333334,8,0,0,0,0,77,2,0.5142857142857143,0.5666666666666667,8.333333333333334
lastHit > turret,dense8,,4,60,3,5.566666666666666,5.566666666666666,5.566666666666666,4,0,0,0,0,62,2,0.529032258064516,0.26666666666666666,6
lastHit > decoy,dense8,,4,60,3,0,0,0,0,0,0,0,0,35,35,1.3999999999999992,,4
lastHit > detonate,dense8,,2,60,3,6.416666666666667,6.416666666666667,6.416666666666667,1,0,0,0,0,78,1,0.5025641025641026,0.06666666666666667,1
lastHit > launch,dense8,,2,60,3,3.1666666666666665,2.1666666666666665,4.666666666666667,1,0,0,0,0,82,1,0.5024390243902439,0.06666666666666667,1.6666666666666667
lastHit > boomerang,dense8,,3,60,3,1.1666666666666667,1.1666666666666667,1.1666666666666667,1,0,0,0,0,75,5,0.5366666666666666,0.06666666666666667,1
lastHit > homing,dense8,,3,60,3,1.1666666666666667,1.1666666666666667,1.1666666666666667,1,0,0,0,0,77,2,0.5142857142857143,0.06666666666666667,1
lastHit > laser,dense8,,3,60,3,1.1666666666666667,1.1666666666666667,1.1666666666666667,1,0,0,0,0,66,5,0.5416666666666666,0.06666666666666667,1
lastHit > chain,dense8,,3,60,3,9.333333333333334,9.333333333333334,9.333333333333334,8,0,0,0,0,66,6,0.5499999999999999,0.06666666666666667,8.333333333333334
lastHit > meteor,dense8,,3,60,3,1.1666666666666667,1.1666666666666667,1.1666666666666667,1,0,0,0,0,68,2,0.5161764705882353,0.8666666666666666,1.3333333333333333
lastHit > blades,dense8,,4,60,3,1.1666666666666667,1.1666666666666667,1.1666666666666667,1,0,0,0,0,68,1,0.513235294117647,0.06666666666666667,2
lastHit > root,dense8,,3,60,3,0,0,0,0,0.12486111111110935,0,0,0,46,46,1.0499999999999994,,0
lastHit > mark,dense8,,2,60,3,0,0,0,0,0,0,0,0,70,70,0.7000000000000007,,0
lastHit > burn,dense8,,3,60,3,1.1666666666666667,1.1666666666666667,1.1666666666666667,1,0,0,0,0,77,2,0.5142857142857143,0.10000000000000002,1
lastHit > fear,dense8,,3,60,3,0,0,0,0,0.12486111111110935,0,0,0,46,46,1.0499999999999994,,0
lastHit > execute,dense8,,3,60,3,1.1666666666666667,1.1666666666666667,1.1666666666666667,1,0,0,0,0,77,2,0.5142857142857143,0.06666666666666667,1
lastHit > drain,dense8,,3,60,3,1.1666666666666667,1.1666666666666667,1.1666666666666667,1,0,12,0,0,77,2,0.5142857142857143,0.06666666666666667,1
lastHit > blink,dense8,,3,60,3,0,0,0,0,0,0,0,0,44,44,1.0499999999999994,,0
lastHit > dash,dense8,,3,60,3,0,0,0,0,0,0,0,0,44,44,1.0499999999999994,,0
lastHit > archer,dense8,,4,60,3,6.222222222222221,5.333333333333333,8,4.666666666666667,0,0,0,0,59.666666666666664,2.3333333333333335,0.5352542372881356,0.26666666666666666,6.666666666666667
lastHit > sacrifice,dense8,,2,60,3,5.833333333333333,5.833333333333333,5.833333333333333,1,0,0,0,0,78,1,0.5025641025641026,0.06666666666666667,1
lastHit > rally,dense8,,3,60,3,0,0,0,0,0,0,0,0,46,46,1.0499999999999994,,0
lastHit > ward,dense8,,5,60,3,0,0,0,0,0,0,0,0,28,28,1.75,,2
lastHit > spread,dense8,,2,60,3,0,0,0,0,0,0,0,0,62,62,0.7000000000000005,,0
lastHit > snipe,dense8,,4,60,3,1.1666666666666667,1.1666666666666667,1.1666666666666667,1,0,0,0,0,68,1,0.513235294117647,0.06666666666666667,1
lastHit > refresh,dense8,,2,60,3,0,0,0,0,0,0,0,0,82,0,0.5,,0
lastHit > split,dense8,,2,60,3,0,0,0,0,0,0,0,0,58,58,0.7000000000000003,,0
lastHit > absorb,dense8,,2,60,3,1.1666666666666667,1.1666666666666667,1.1666666666666667,1,0,6,0,0,82,1,0.5024390243902439,0.06666666666666667,1
lastHit > swap,dense8,,2,60,3,0,0,0,0,0,0,0,0,58,58,0.7000000000000003,,0
all > bolt,dense8,,6,60,3,180.44444444444446,162.16666666666666,191.33333333333334,154.66666666666666,0,0,0,0,4.666666666666667,444,16.1325,0.03333333333333333,287.6666666666667
all > slash,dense8,,7,60,3,78.0111111111111,77.43333333333334,78.7,63.666666666666664,0,0,288,0,12,209.33333333333334,4.916666666666665,0.03333333333333333,42.333333333333336
all > explode,dense8,,7,60,3,62.97777777777778,62.233333333333334,63.86666666666667,52,0,0,182,0,7,145.33333333333334,8.378571428571428,0.03333333333333333,44
all > frost,dense8,,7,60,3,44.48888888888889,43.03333333333333,45.86666666666667,35,0.052777777777778645,0,16,0,4,209.66666666666666,15.304166666666665,0.03333333333333333,53.666666666666664
all > poison,dense8,,8,60,3,57.044444444444444,56.43333333333333,57.833333333333336,46.666666666666664,0,0,70,0,6,151,10.049999999999999,0.03333333333333333,42
all > vortex,dense8,,7,60,3,44.46666666666666,43.266666666666666,45.833333333333336,35.333333333333336,0,50,0,224,8,141.33333333333334,7.45,0.03333333333333333,49
all > shockwave,dense8,,6,60,3,58.17777777777778,56.666666666666664,59.833333333333336,46.666666666666664,0,0,120,0,9.666666666666666,165,6.124074074074074,0.03333333333333333,43
all > summon,dense8,,8,60,3,82.53333333333333,81.95,83.36666666666666,67.66666666666667,0,0,0,0,3,173.66666666666666,25.555555555555557,0.03333333333333333,86.66666666666667
all > heal,dense8,,8,60,3,45.594444444444456,44.95,46.766666666666666,34,0,405.6666666666667,0,0,10,109,5.7700000000000005,0.03333333333333333,54
all > mend,dense8,,8,60,3,46.31666666666666,45.7,47.43333333333333,34,0,449,0,0,10,109,5.7700000000000005,0.03333333333333333,54
all > shield,dense8,,7,60,3,42.27777777777778,41.56666666666667,43.4,32.666666666666664,0,0,0,0,11,118,5.36818181818182,0.03333333333333333,53.666666666666664
all > haste,dense8,,7,60,3,43.588888888888896,43.06666666666667,44.56666666666667,34.333333333333336,0,0,0,0,5,256.6666666666667,12.516666666666666,0.03333333333333333,54.333333333333336
all > rage,dense8,,7,60,3,51.76666666666667,50.891666666666666,53.275,41,0,0,0,0,14,140,4.250000000000001,0.03333333333333333,60
all > scatter,dense8,,7,60,3,56,56,56,48,0,0,50,0,11,171.66666666666666,5.37121212121212,0.03333333333333333,32
all > lance,dense8,,7,60,3,63.86666666666667,62.96666666666667,64.86666666666666,52,0,0,176,0,11,183.33333333333334,5.583333333333333,0.03333333333333333,44
all > focus,dense8,,7,60,3,57.355555555555554,56.11666666666667,59.483333333333334,44.333333333333336,0,0,0,0,14,140,4.250000000000001,0.03333333333333333,65
all > amplify,dense8,,7,60,3,44.47777777777778,43.13333333333333,45.85,34.666666666666664,0,0,0,0,5,266.6666666666667,12.916666666666666,0.03333333333333333,54.333333333333336
all > prolong,dense8,,6,60,3,147.86666666666665,145.06666666666666,149.8,123.66666666666667,0,0,0,0,16,133,3.5624999999999987,0.03333333333333333,149
all > regen,dense8,,7,60,3,43.58296296296297,42.92444444444445,44.711111111111116,34.333333333333336,0,261.6444444444318,0,0,13,139,4.388461538461537,0.03333333333333333,54
all > armor,dense8,,7,60,3,41.555555555555564,40.833333333333336,42.75,31.333333333333332,0,0,0,0,13,139,4.388461538461537,0.03333333333333333,51
all > pull,dense8,,6,60,3,46.68333333333334,46.483333333333334,46.86666666666667,38.333333333333336,0,54,0,242,15,153,3.94,0.03333333333333333,32
all > magnet,dense8,,6,60,3,43.588888888888896,43.06666666666667,44.56666666666667,34.333333333333336,0,50,0,218,65.66666666666667,39,0.6850503637117443,0.03333333333333333,37
all > harvest,dense8,,7,60,3,43.588888888888896,43.06666666666667,44.56666666666667,34.333333333333336,0,0,0,0,6,244,10.383333333333333,0.03333333333333333,54.333333333333336
all > orb,dense8,,7,60,3,253.34444444444443,222.53333333333333,307.6666666666667,214.66666666666666,0,0,0,0,3,290,21.583333333333332,0.03333333333333333,242
all > mine,dense8,,7,60,3,190.94444444444446,190.16666666666666,191.33333333333334,163.66666666666666,0,0,0,0,3,268,20.11666666666667,0.03333333333333333,178
all > turret,dense8,,8,60,3,119.05000000000001,112.41666666666667,125.05,99.66666666666667,0,0,0,0,3,207.33333333333334,26.63888888888889,0.03333333333333333,127.66666666666667
all > decoy,dense8,,8,60,3,25.055555555555554,24.933333333333334,25.133333333333333,19.666666666666668,0,0,0,0,4,163,14.725,0.03333333333333333,45.666666666666664
all > detonate,dense8,,6,60,3,102.66666666666667,102.66666666666667,102.66666666666667,88,0,0,0,0,11,202,5.572727272727273,0.03333333333333333,32
all > launch,dense8,,6,60,3,230.38888888888889,217.33333333333334,237.16666666666666,193.33333333333334,0,0,0,0,9.666666666666666,284.6666666666667,6.375,0.03333333333333333,64
all > boomerang,dense8,,7,60,3,63.86666666666667,62.96666666666667,64.86666666666666,52,0,0,176,0,11,183.33333333333334,5.583333333333333,0.03333333333333333,44
all > homing,dense8,,7,60,3,56,56,56,48,0,0,50,0,11,171.66666666666666,5.37121212121212,0.03333333333333333,32
all > laser,dense8,,7,60,3,57.75555555555555,57.4,57.93333333333333,46,0,0,122.66666666666667,0,7.666666666666667,147,7.917857142857142,0.03333333333333333,44
all > chain,dense8,,7,60,3,71.16666666666667,67.66666666666667,75.83333333333333,61,0,0,0,0,3,177.33333333333334,19.883333333333336,0.03333333333333333,74
all > meteor,dense8,,7,60,3,57.37777777777777,56.43333333333333,58.833333333333336,46.666666666666664,0,0,144,0,6.666666666666667,161,9.426190476190476,0.03333333333333333,51.666666666666664
all > blades,dense8,,8,60,3,67.04444444444444,65.33333333333333,68.13333333333334,55.333333333333336,0,0,90.66666666666667,0,6,159,10.449999999999998,0.03333333333333333,42
all > root,dense8,,7,60,3,43.588888888888896,43.06666666666667,44.56666666666667,34.333333333333336,0.12194444444444286,0,0,0,5,266.6666666666667,12.916666666666664,0.03333333333333333,54.333333333333336
all > mark,dense8,,6,60,3,45.02222222222222,44.36666666666667,46,35.666666666666664,0,0,0,0,8,437.6666666666667,7.470833333333334,0.03333333333333333,56
all > burn,dense8,,7,60,3,92.5111111111111,91.56666666666666,93.6,76.66666666666667,0,0,56,0,10,200.33333333333334,6.256666666666665,0.03333333333333333,32
all > fear,dense8,,7,60,3,30.444444444444446,30.283333333333335,30.75,22,0.16831018518518095,0,0,0,6,257.3333333333333,10.827777777777778,0.03333333333333333,44
all > execute,dense8,,7,60,3,56,56,56,48,0,0,0,0,11,171.66666666666666,5.371212121212121,0.03333333333333333,32
all > drain,dense8,,7,60,3,56,56,56,48,0,588,0,0,11,171.66666666666666,5.37121212121212,0.03333333333333333,32
all > blink,dense8,,7,60,3,43.17777777777778,42.583333333333336,44.333333333333336,34.333333333333336,0,0,0,0,4,211,15.387499999999998,0.03333333333333333,56.333333333333336
all > dash,dense8,,7,60,3,43.17222222222222,42.416666666666664,44.233333333333334,35,0,0,0,0,4,209.66666666666666,15.304166666666665,0.03333333333333333,55.666666666666664
all > archer,dense8,,8,60,3,74,73.33333333333333,75,60.333333333333336,0,0,0,0,3,164.66666666666666,24.355555555555558,0.03333333333333333,78.66666666666667
all > sacrifice,dense8,,6,60,3,102.66666666666667,102.66666666666667,102.66666666666667,88,0,0,0,0,11,202,5.572727272727273,0.03333333333333333,32
all > rally,dense8,,7,60,3,81.87222222222222,80.15,84.98333333333333,67,0,0,0,0,4,299,17.2,0.03333333333333333,88.66666666666667
all > ward,dense8,,9,60,3,43.588888888888896,43.06666666666667,44.56666666666667,34.333333333333336,0,0,0,0,3,153,23.150000000000002,0.03333333333333333,63
all > spread,dense8,,6,60,3,43.588888888888896,43.06666666666667,44.56666666666667,34.333333333333336,0,0,0,0,5,266.6666666666667,12.566666666666668,0.03333333333333333,54.333333333333336
all > snipe,dense8,,8,60,3,65.33333333333333,65.33333333333333,65.33333333333333,56,0,0,0,0,7,144,8.671428571428573,0.03333333333333333,32
all > refresh,dense8,,6,60,3,205.7722222222222,200.38333333333333,213.8,173,0,0,0,0,16,170,3.543750000000001,0.03333333333333333,200.66666666666666
all > split,dense8,,6,60,3,87.80277777777776,77.59166666666667,94.2,77.33333333333333,0,0,0,0,3,399,35.1,0.03333333333333333,410.3333333333333
all > absorb,dense8,,6,60,3,136.88888888888889,130.66666666666666,140,117.33333333333333,0,50,0,668,13.666666666666666,205.33333333333334,4.205219780219781,0.03333333333333333,32
all > swap,dense8,,6,60,3,38.93888888888889,36.68333333333333,42.75,31,0,50,0,198,12,97,3.870833333333334,0.03333333333333333,32.333333333333336
nearestEnemy > bolt,dense8,,2,60,3,37.333333333333336,37.333333333333336,37.333333333333336,32,0,0,0,0,65,65,0.7000000000000005,0.3444444444444444,33.333333333333336
nearestEnemy > slash,dense8,,3,60,3,18.666666666666668,18.666666666666668,18.666666666666668,16,0,0,0,0,48,48,1.0499999999999992,0.06666666666666667,16.666666666666668
nearestEnemy > explode,dense8,,3,60,3,16.766666666666666,16.766666666666666,16.766666666666666,14,0,0,0,0,43,43,1.0499999999999994,0.06666666666666667,14.666666666666666
nearestEnemy > frost,dense8,,3,60,3,2.8666666666666667,2.8666666666666667,2.8666666666666667,2,0.09041666666666687,0,0,0,44,44,1.0499999999999994,0.06666666666666667,2
nearestEnemy > poison,dense8,,4,60,3,13.733333333333333,13.733333333333333,13.733333333333333,11,0,0,0,0,35,35,1.3999999999999992,0.06666666666666667,14
nearestEnemy > vortex,dense8,,3,60,3,0,0,0,0,0,0,0,0,43,43,1.0499999999999994,,2
nearestEnemy > shockwave,dense8,,2,60,3,11.5,11.5,11.5,9,0,0,0,0,58,58,0.7000000000000003,0.06666666666666667,9.333333333333334
nearestEnemy > summon,dense8,,4,60,3,94.94444444444446,94.93333333333334,94.96666666666667,79.66666666666667,0,0,0,0,33,33,1.3999999999999992,0.26666666666666666,86.66666666666667
nearestEnemy > heal,dense8,,4,60,3,0,0,0,0,0,0,0,0,35,35,1.3999999999999992,,0
nearestEnemy > mend,dense8,,4,60,3,0,0,0,0,0,0,0,0,35,35,1.3999999999999992,,0
nearestEnemy > shield,dense8,,3,60,3,0,0,0,0,0,0,0,0,43,43,1.0499999999999994,,0
nearestEnemy > haste,dense8,,3,60,3,0,0,0,0,0,0,0,0,46,46,1.0499999999999994,,0
nearestEnemy > rage,dense8,,3,60,3,0,0,0,0,0,0,0,0,46,46,1.0499999999999994,,0
nearestEnemy > scatter,dense8,,3,60,3,27.833333333333332,27.833333333333332,27.833333333333332,23,0,0,0,0,46,46,1.0499999999999994,0.06666666666666667,23.333333333333332
nearestEnemy > lance,dense8,,3,60,3,11.033333333333333,11.033333333333333,11.033333333333333,9,0,0,0,0,46,46,1.0499999999999994,0.06666666666666667,9
nearestEnemy > focus,dense8,,3,60,3,0,0,0,0,0,0,0,0,46,46,1.0499999999999994,,0
nearestEnemy > amplify,dense8,,3,60,3,0,0,0,0,0,0,0,0,46,46,1.0499999999999994,,0
nearestEnemy > prolong,dense8,,2,60,3,0,0,0,0,0,0,0,0,78,0,0.5,,0
nearestEnemy > regen,dense8,,3,60,3,0,0,0,0,0,0,0,0,46,46,1.0499999999999994,,0
nearestEnemy > armor,dense8,,3,60,3,0,0,0,0,0,0,0,0,46,46,1.0499999999999994,,0
nearestEnemy > pull,dense8,,2,60,3,0,0,0,0,0,0,0,0,62,62,0.7000000000000005,,0
nearestEnemy > harvest,dense8,,3,60,3,0,0,0,0,0,0,0,0,46,46,1.0499999999999994,,0
nearestEnemy > orb,dense8,,3,60,3,401.4222222222222,225.8,602.1333333333333,341.3333333333333,0,0,0,0,46,46,1.0499999999999994,0.26666666666666666,297.3333333333333
nearestEnemy > mine,dense8,,3,60,3,214.66666666666666,214.66666666666666,214.66666666666666,184,0,0,0,0,46,46,1.0499999999999994,0.5666666666666667,190.66666666666666
nearestEnemy > turret,dense8,,4,60,3,83.13333333333334,83.13333333333334,83.13333333333334,71,0,0,0,0,34,34,1.3999999999999992,0.26666666666666666,79
nearestEnemy > decoy,dense8,,4,60,3,0,0,0,0,0,0,0,0,35,35,1.3999999999999992,,4
nearestEnemy > detonate,dense8,,2,60,3,331.9166666666667,331.9166666666667,331.9166666666667,280,0,0,0,0,62,62,0.7000000000000005,0.06666666666666667,286.3333333333333
nearestEnemy > launch,dense8,,2,60,3,222.8888888888889,189.33333333333334,252.83333333333334,188.33333333333334,0,0,0,0,65,65,0.7000000000000005,0.06666666666666667,193
nearestEnemy > boomerang,dense8,,3,60,3,11.033333333333333,11.033333333333333,11.033333333333333,9,0,0,0,0,46,46,1.0499999999999994,0.06666666666666667,9
nearestEnemy > homing,dense8,,3,60,3,27.833333333333332,27.833333333333332,27.833333333333332,23,0,0,0,0,46,46,1.0499999999999994,0.06666666666666667,23.333333333333332
nearestEnemy > laser,dense8,,3,60,3,10.133333333333333,10.133333333333333,10.133333333333333,8,0,0,0,0,43,43,1.0499999999999994,0.06666666666666667,8
nearestEnemy > chain,dense8,,3,60,3,66.93333333333334,66.93333333333334,66.93333333333334,56,0,0,0,0,43,43,1.0499999999999994,0.06666666666666667,58.666666666666664
nearestEnemy > meteor,dense8,,3,60,3,25.3,25.3,25.3,21,0,0,0,0,43,43,1.0499999999999994,0.8666666666666666,22.333333333333332
nearestEnemy > blades,dense8,,4,60,3,40.46666666666667,40.46666666666667,40.46666666666667,34,0,0,0,0,35,35,1.3999999999999992,0.06666666666666667,36
nearestEnemy > root,dense8,,3,60,3,0,0,0,0,0.12486111111110935,0,0,0,46,46,1.0499999999999994,,0
nearestEnemy > mark,dense8,,2,60,3,0,0,0,0,0,0,0,0,70,70,0.7000000000000007,,0
nearestEnemy > burn,dense8,,3,60,3,26.899999999999995,26.9,26.9,23,0,0,0,0,46,46,1.0499999999999994,0.10000000000000002,23
nearestEnemy > fear,dense8,,3,60,3,0,0,0,0,0.07208333333333458,0,0,0,66,18,0.6500000000000001,,0
nearestEnemy > execute,dense8,,3,60,3,27.666666666666668,27.666666666666668,27.666666666666668,23,0,0,0,0,46,46,1.0499999999999994,0.06666666666666667,23
nearestEnemy > drain,dense8,,3,60,3,27.833333333333332,27.833333333333332,27.833333333333332,23,0,50,0,0,46,46,1.0499999999999994,0.06666666666666667,23.333333333333332
nearestEnemy > blink,dense8,,3,60,3,0,0,0,0,0,0,0,0,57,24,0.7315789473684212,,0
nearestEnemy > dash,dense8,,3,60,3,0,0,0,0,0,0,0,0,57,24,0.7315789473684212,,0
nearestEnemy > archer,dense8,,4,60,3,81.33333333333333,81.33333333333333,81.33333333333333,69,0,0,0,0,33,33,1.3999999999999992,0.26666666666666666,76
nearestEnemy > sacrifice,dense8,,2,60,3,331.3333333333333,331.3333333333333,331.3333333333333,280,0,0,0,0,62,62,0.7000000000000005,0.06666666666666667,286.3333333333333
nearestEnemy > rally,dense8,,3,60,3,0,0,0,0,0,0,0,0,46,46,1.0499999999999994,,0
nearestEnemy > ward,dense8,,5,60,3,0,0,0,0,0,0,0,0,52,8,0.6923076923076922,,2
nearestEnemy > spread,dense8,,2,60,3,0,0,0,0,0,0,0,0,62,62,0.7000000000000005,,0
nearestEnemy > snipe,dense8,,4,60,3,40.833333333333336,40.833333333333336,40.833333333333336,35,0,0,0,0,35,35,1.3999999999999992,0.06666666666666667,35
nearestEnemy > refresh,dense8,,2,60,3,0,0,0,0,0,0,0,0,82,0,0.5,,0
nearestEnemy > split,dense8,,2,60,3,0,0,0,0,0,0,0,0,58,58,0.7000000000000003,,0
nearestEnemy > absorb,dense8,,2,60,3,75.83333333333333,75.83333333333333,75.83333333333333,65,0,50,0,0,65,65,0.7000000000000005,0.06666666666666667,66
nearestEnemy > swap,dense8,,2,60,3,0,0,0,0,0,0,0,0,58,58,0.7000000000000003,,0
woundedEnemies > bolt,dense8,,4,60,3,0,0,0,0,0,0,0,0,82,0,0.5,,0
woundedEnemies > slash,dense8,,5,60,3,0,0,0,0,0,0,0,0,82,0,0.5,,0
woundedEnemies > explode,dense8,,5,60,3,0,0,0,0,0,0,0,0,69,0,0.5,,0
woundedEnemies > frost,dense8,,5,60,3,0,0,0,0,0,0,0,0,72,0,0.5,,0
woundedEnemies > poison,dense8,,6,60,3,0,0,0,0,0,0,0,0,69,0,0.5,,0
woundedEnemies > vortex,dense8,,5,60,3,0,0,0,0,0,0,0,0,69,0,0.5,,0
woundedEnemies > shockwave,dense8,,4,60,3,0,0,0,0,0,0,0,0,72,0,0.5,,0
woundedEnemies > summon,dense8,,6,60,3,0,0,0,0,0,0,0,0,62,0,0.5,,0
woundedEnemies > heal,dense8,,6,60,3,0,0,0,0,0,0,0,0,69,0,0.5,,0
woundedEnemies > mend,dense8,,6,60,3,0,0,0,0,0,0,0,0,69,0,0.5,,0
woundedEnemies > shield,dense8,,5,60,3,0,0,0,0,0,0,0,0,69,0,0.5,,0
woundedEnemies > haste,dense8,,5,60,3,0,0,0,0,0,0,0,0,78,0,0.5,,0
woundedEnemies > rage,dense8,,5,60,3,0,0,0,0,0,0,0,0,78,0,0.5,,0
woundedEnemies > scatter,dense8,,5,60,3,0,0,0,0,0,0,0,0,78,0,0.5,,0
woundedEnemies > lance,dense8,,5,60,3,0,0,0,0,0,0,0,0,78,0,0.5,,0
woundedEnemies > focus,dense8,,5,60,3,0,0,0,0,0,0,0,0,78,0,0.5,,0
woundedEnemies > amplify,dense8,,5,60,3,0,0,0,0,0,0,0,0,78,0,0.5,,0
woundedEnemies > prolong,dense8,,4,60,3,0,0,0,0,0,0,0,0,78,0,0.5,,0
woundedEnemies > regen,dense8,,5,60,3,0,0,0,0,0,0,0,0,78,0,0.5,,0
woundedEnemies > armor,dense8,,5,60,3,0,0,0,0,0,0,0,0,78,0,0.5,,0
woundedEnemies > pull,dense8,,4,60,3,0,0,0,0,0,0,0,0,78,0,0.5,,0
woundedEnemies > harvest,dense8,,5,60,3,0,0,0,0,0,0,0,0,78,0,0.5,,0
woundedEnemies > orb,dense8,,5,60,3,0,0,0,0,0,0,0,0,78,0,0.5,,0
woundedEnemies > mine,dense8,,5,60,3,0,0,0,0,0,0,0,0,78,0,0.5,,0
woundedEnemies > turret,dense8,,6,60,3,0,0,0,0,0,0,0,0,64,0,0.5,,0
woundedEnemies > decoy,dense8,,6,60,3,0,0,0,0,0,0,0,0,69,0,0.5,,0
woundedEnemies > detonate,dense8,,4,60,3,0,0,0,0,0,0,0,0,78,0,0.5,,0
woundedEnemies > launch,dense8,,4,60,3,0,0,0,0,0,0,0,0,82,0,0.5,,0
woundedEnemies > boomerang,dense8,,5,60,3,0,0,0,0,0,0,0,0,78,0,0.5,,0
woundedEnemies > homing,dense8,,5,60,3,0,0,0,0,0,0,0,0,78,0,0.5,,0
woundedEnemies > laser,dense8,,5,60,3,0,0,0,0,0,0,0,0,69,0,0.5,,0
woundedEnemies > chain,dense8,,5,60,3,0,0,0,0,0,0,0,0,69,0,0.5,,0
woundedEnemies > meteor,dense8,,5,60,3,0,0,0,0,0,0,0,0,69,0,0.5,,0
woundedEnemies > blades,dense8,,6,60,3,0,0,0,0,0,0,0,0,69,0,0.5,,0
woundedEnemies > root,dense8,,5,60,3,0,0,0,0,0,0,0,0,78,0,0.5,,0
woundedEnemies > mark,dense8,,4,60,3,0,0,0,0,0,0,0,0,90,0,0.5,,0
woundedEnemies > burn,dense8,,5,60,3,0,0,0,0,0,0,0,0,78,0,0.5,,0
woundedEnemies > fear,dense8,,5,60,3,0,0,0,0,0,0,0,0,78,0,0.5,,0
woundedEnemies > execute,dense8,,5,60,3,0,0,0,0,0,0,0,0,78,0,0.5,,0
woundedEnemies > drain,dense8,,5,60,3,0,0,0,0,0,0,0,0,78,0,0.5,,0
woundedEnemies > blink,dense8,,5,60,3,0,0,0,0,0,0,0,0,72,0,0.5,,0
woundedEnemies > dash,dense8,,5,60,3,0,0,0,0,0,0,0,0,72,0,0.5,,0
woundedEnemies > archer,dense8,,6,60,3,0,0,0,0,0,0,0,0,62,0,0.5,,0
woundedEnemies > sacrifice,dense8,,4,60,3,0,0,0,0,0,0,0,0,78,0,0.5,,0
woundedEnemies > rally,dense8,,5,60,3,0,0,0,0,0,0,0,0,78,0,0.5,,0
woundedEnemies > ward,dense8,,7,60,3,0,0,0,0,0,0,0,0,62,0,0.5,,0
woundedEnemies > spread,dense8,,4,60,3,0,0,0,0,0,0,0,0,78,0,0.5,,0
woundedEnemies > snipe,dense8,,6,60,3,0,0,0,0,0,0,0,0,69,0,0.5,,0
woundedEnemies > refresh,dense8,,4,60,3,0,0,0,0,0,0,0,0,82,0,0.5,,0
woundedEnemies > split,dense8,,4,60,3,0,0,0,0,0,0,0,0,72,0,0.5,,0
woundedEnemies > absorb,dense8,,4,60,3,0,0,0,0,0,0,0,0,82,0,0.5,,0
woundedEnemies > swap,dense8,,4,60,3,0,0,0,0,0,0,0,0,72,0,0.5,,0
pickups > bolt,dense8,,3,60,3,114.66666666666667,105,124.5,97.33333333333333,0,0,0,0,28,196.33333333333334,1.9596153846153843,0.36666666666666664,109.33333333333333
pickups > slash,dense8,,4,60,3,0,0,0,0,0,0,0,0,80,6,0.520625,,6
pickups > explode,dense8,,4,60,3,0,0,0,0,0,0,0,0,67,6,0.535820895522388,,6
pickups > frost,dense8,,4,60,3,0,0,0,0,0,0,0,0,21,126,2.6499999999999995,,6
pickups > poison,dense8,,5,60,3,0,0,0,0,0,0,0,0,66,6,0.5416666666666666,,6
pickups > vortex,dense8,,4,60,3,0,0,0,0,0,50,0,0,67,6,0.535820895522388,,12
pickups > shockwave,dense8,,3,60,3,0,0,0,0,0,0,0,0,70,6,0.5257142857142857,,6
pickups > summon,dense8,,5,60,3,113.97777777777777,112.03333333333333,116.7,96.66666666666667,0,0,0,0,14,93,4.021794871794872,0.26666666666666666,110
pickups > haste,dense8,,4,60,3,0,0,0,0,0,0,0,0,23,138,2.399999999999999,,6
pickups > scatter,dense8,,4,60,3,0,0,0,0,0,0,0,0,76,6,0.525,,6
pickups > lance,dense8,,4,60,3,0,0,0,0,0,0,0,0,76,6,0.525,,6
pickups > amplify,dense8,,4,60,3,0,0,0,0,0,0,0,0,23,138,2.399999999999999,,6
pickups > pull,dense8,,3,60,3,0,0,0,0,0,50,0,0,76,6,0.5203947368421052,,6
pickups > magnet,dense8,,3,60,3,0,0,0,0,0,50,0,0,80,6,0.51625,,6
pickups > orb,dense8,,4,60,3,435.0888888888889,397.8333333333333,475.8,370.3333333333333,0,0,0,0,19,169.66666666666666,2.9901949317738787,0.26666666666666666,363
pickups > mine,dense8,,4,60,3,762.6666666666666,733.3333333333334,793.3333333333334,650.6666666666666,0,0,0,0,18,180,3.247432306255836,0.5666666666666667,366
pickups > turret,dense8,,5,60,3,142.5888888888889,142.51666666666668,142.7,120.33333333333333,0,0,0,0,15.333333333333334,99.33333333333333,3.683333333333333,0.26666666666666666,140.66666666666666
pickups > decoy,dense8,,5,60,3,0,0,0,0,0,0,0,0,17,102,3.25,,18
pickups > detonate,dense8,,3,60,3,9.333333333333334,9.333333333333334,9.333333333333334,8,0,0,0,0,76,6,0.5203947368421052,0.06666666666666667,8
pickups > launch,dense8,,3,60,3,16.333333333333332,15.5,17.333333333333332,10,0,0,0,0,80,6.333333333333333,0.5185416666666667,0.06666666666666667,12.666666666666666
pickups > boomerang,dense8,,4,60,3,0,0,0,0,0,0,0,0,76,6,0.525,,6
pickups > homing,dense8,,4,60,3,0,0,0,0,0,0,0,0,76,6,0.525,,6
pickups > laser,dense8,,4,60,3,0,0,0,0,0,0,0,0,67,6,0.535820895522388,,6
pickups > chain,dense8,,4,60,3,152.44444444444446,140,168,130.66666666666666,0,0,0,0,16.333333333333332,126.33333333333333,3.4434722222222227,0.06666666666666667,139.33333333333334
pickups > meteor,dense8,,4,60,3,0,0,0,0,0,0,0,0,67,6,0.535820895522388,,12
pickups > blades,dense8,,5,60,3,0,0,0,0,0,0,0,0,66,6,0.5416666666666666,,6
pickups > root,dense8,,4,60,3,0,0,0,0,0,0,0,0,23,138,2.399999999999999,,6
pickups > mark,dense8,,3,60,3,0,0,0,0,0,0,0,0,36,216,1.549999999999999,,6
pickups > burn,dense8,,4,60,3,0,0,0,0,0,0,0,0,76,6,0.525,,6
pickups > fear,dense8,,4,60,3,0,0,0,0,0,0,0,0,74,12,0.5513513513513513,,6
pickups > execute,dense8,,4,60,3,0,0,0,0,0,0,0,0,76,6,0.525,,6
pickups > drain,dense8,,4,60,3,0,0,0,0,0,36,0,0,76,6,0.525,,6
pickups > blink,dense8,,4,60,3,0,0,0,0,0,0,0,0,64,18,0.60078125,,6
pickups > dash,dense8,,4,60,3,0,0,0,0,0,0,0,0,64,18,0.60078125,,6
pickups > archer,dense8,,5,60,3,94.8888888888889,94,96,79.66666666666667,0,0,0,0,13.333333333333334,94.66666666666667,4.208730158730158,0.26666666666666666,96
pickups > sacrifice,dense8,,3,60,3,9.333333333333334,9.333333333333334,9.333333333333334,8,0,0,0,0,76,6,0.5203947368421052,0.06666666666666667,8
pickups > rally,dense8,,4,60,3,0,0,0,0,0,0,0,0,23,138,2.399999999999999,,6
pickups > ward,dense8,,6,60,3,0,0,0,0,0,0,0,0,58,6,0.5620689655172414,,12
pickups > spread,dense8,,3,60,3,0,0,0,0,0,0,0,0,26,156,2.049999999999999,,6
pickups > snipe,dense8,,5,60,3,0,0,0,0,0,0,0,0,66,6,0.5416666666666666,,6
pickups > split,dense8,,3,60,3,0,0,0,0,0,25,0,0,6,377.3333333333333,16.522222222222222,,382.6666666666667
pickups > absorb,dense8,,3,60,3,0,0,0,0,0,50,0,0,81,0,0.5,,6
pickups > swap,dense8,,3,60,3,0,0,0,0,0,25,0,0,42,42,1.0499999999999996,,6
,dense20,,0,60,3,0,0,0,0,0,0,0,0,0,0,0,,0
self,dense20,,1,60,3,0,0,0,0,0,0,0,0,0,0,0,,0
enemies,dense20,,6,60,3,0,0,0,0,0,0,0,0,0,0,0,,0
ahead,dense20,,1,60,3,0,0,0,0,0,0,0,0,0,0,0,,0
behind,dense20,,1,60,3,0,0,0,0,0,0,0,0,0,0,0,,0
randomPoint,dense20,,1,60,3,0,0,0,0,0,0,0,0,0,0,0,,0
fallen,dense20,,2,60,3,0,0,0,0,0,0,0,0,0,0,0,,0
objects,dense20,,3,60,3,50.41111111111112,47.8,54.06666666666667,37.666666666666664,0,0,0,0,0,0,0,0.2333333333333333,40.666666666666664
allies,dense20,,3,60,3,17.377777777777776,17.366666666666667,17.4,12.666666666666666,0,0,0,0,0,0,0,0.2333333333333333,19.666666666666668
zones,dense20,,3,60,3,91.42222222222222,90.46666666666667,92,77.33333333333333,0,0,0,0,0,0,0,0.03333333333333333,84.66666666666667
shots,dense20,,3,60,3,0.5,0.5,0.5,0,0,0,0,0,0,0,0,0.03333333333333333,3
gems,dense20,,2,60,3,0,0,0,0,0,0,0,0,0,0,0,,6
prey,dense20,,2,60,3,0,0,0,0,0,0,0,0,0,0,0,,0
lastHit,dense20,,1,60,3,0,0,0,0,0,0,0,0,0,0,0,,0
all,dense20,,5,60,3,81.24444444444445,78.36666666666666,85.36666666666666,65,0,0,0,0,0,0,0,0.03333333333333333,85
nearestEnemy,dense20,,1,60,3,0,0,0,0,0,0,0,0,0,0,0,,0
woundedEnemies,dense20,,3,60,3,0,0,0,0,0,0,0,0,0,0,0,,0
pickups,dense20,,2,60,3,0,0,0,0,0,0,0,0,0,0,0,,6
self > bolt,dense20,,2,60,3,37.333333333333336,37.333333333333336,37.333333333333336,32,0,0,0,0,65,65,0.7000000000000005,0.35555555555555557,33.333333333333336
self > slash,dense20,,3,60,3,0,0,0,0,0,0,1152,0,48,48,1.0499999999999992,,0
self > explode,dense20,,3,60,3,0,0,0,0,0,0,1118,0,43,43,1.0499999999999994,,0
self > frost,dense20,,3,60,3,0,0,0,0,0,0,100,0,25,25,1.0500000000000005,,0
self > poison,dense20,,4,60,3,0,0,0,0,0,0,486,0,35,35,1.3999999999999992,,3
self > vortex,dense20,,3,60,3,0,0,0,0,0,0,0,0,43,43,1.0499999999999994,,2
self > shockwave,dense20,,2,60,3,0,0,0,0,0,0,708,0,58,58,0.7000000000000003,,0
self > summon,dense20,,4,60,3,88.63333333333333,88.5,88.7,75,0,0,0,0,33,33,1.3999999999999992,0.7222222222222222,83.66666666666667
self > heal,dense20,,4,60,3,0,0,0,0,0,50,0,0,35,35,1.3999999999999992,,0
self > mend,dense20,,4,60,3,0,0,0,0,0,50,0,0,35,35,1.3999999999999992,,0
self > shield,dense20,,3,60,3,0,0,0,0,0,0,0,0,43,43,1.0499999999999994,,0
self > haste,dense20,,3,60,3,0,0,0,0,0,0,0,0,46,46,1.0499999999999994,,0
self > scatter,dense20,,3,60,3,0,0,0,0,0,0,230,0,46,46,1.0499999999999994,,0
self > lance,dense20,,3,60,3,0,0,0,0,0,0,752,0,46,46,1.0499999999999994,,0
self > amplify,dense20,,3,60,3,0,0,0,0,0,0,0,0,46,46,1.0499999999999994,,0
self > regen,dense20,,3,60,3,0,0,0,0,0,50,0,0,46,46,1.0499999999999994,,0
self > armor,dense20,,3,60,3,0,0,0,0,0,0,0,0,46,46,1.0499999999999994,,0
self > orb,dense20,,3,60,3,0,0,0,0,0,0,0,0,46,46,1.0499999999999994,,7
self > mine,dense20,,3,60,3,0,0,0,0,0,0,0,0,46,46,1.0499999999999994,,12
self > turret,dense20,,4,60,3,82.83333333333333,82.83333333333333,82.83333333333333,71,0,0,0,0,34,34,1.3999999999999992,0.49999999999999994,82
self > decoy,dense20,,4,60,3,0,0,0,0,0,0,0,0,35,35,1.3999999999999992,,4
self > boomerang,dense20,,3,60,3,0,0,0,0,0,0,752,0,46,46,1.0499999999999994,,0
self > homing,dense20,,3,60,3,0,0,0,0,0,0,230,0,46,46,1.0499999999999994,,0
self > laser,dense20,,3,60,3,0,0,0,0,0,0,688,0,43,43,1.0499999999999994,,0
self > chain,dense20,,3,60,3,66.93333333333334,66.93333333333334,66.93333333333334,56,0,0,0,0,43,43,1.0499999999999994,0.06666666666666667,57.333333333333336
self > meteor,dense20,,3,60,3,0,0,0,0,0,0,2064,0,43,43,1.0499999999999994,,1
self > blades,dense20,,4,60,3,0,0,0,0,0,0,896,0,35,35,1.3999999999999992,,3
self > root,dense20,,3,60,3,0,0,0,0,0,0,0,0,46,46,1.0499999999999994,,0
self > mark,dense20,,2,60,3,0,0,0,0,0,0,0,0,70,70,0.7000000000000007,,0
self > burn,dense20,,3,60,3,0,0,0,0,0,0,113,0,46,46,1.0499999999999994,,0
self > fear,dense20,,3,60,3,0,0,0,0,0,0,0,0,46,46,1.0499999999999994,,0
self > execute,dense20,,3,60,3,0,0,0,0,0,0,0,0,46,46,1.0499999999999994,,0
self > drain,dense20,,3,60,3,0,0,0,0,0,0,230,0,46,46,1.0499999999999994,,0
self > blink,dense20,,3,60,3,0,0,0,0,0,0,0,0,44,44,1.0499999999999994,,0
self > dash,dense20,,3,60,3,0,0,0,0,0,0,0,0,44,44,1.0499999999999994,,0
self > archer,dense20,,4,60,3,81.16666666666667,81.16666666666667,81.16666666666667,68.33333333333333,0,0,0,0,33,33,1.3999999999999992,0.4666666666666666,77.66666666666667
self > rally,dense20,,3,60,3,0,0,0,0,0,0,0,0,46,46,1.0499999999999994,,0
self > ward,dense20,,5,60,3,0,0,0,0,0,0,0,0,28,28,1.75,,2
self > spread,dense20,,2,60,3,0,0,0,0,0,0,0,0,62,62,0.7000000000000005,,0
self > snipe,dense20,,4,60,3,0,0,0,0,0,0,0,0,35,35,1.3999999999999992,,0
self > split,dense20,,2,60,3,0,0,0,0,0,0,0,0,58,58,0.7000000000000003,,6
enemies > bolt,dense20,,7,60,3,128.88888888888889,128.83333333333334,129,106.66666666666667,0,0,0,0,11,220,5.299999999999999,0.3333333333333333,121.66666666666667
enemies > slash,dense20,,8,60,3,86,86,86,60,0,0,0,0,11,220,5.6499999999999995,0.06666666666666667,62
enemies > explode,dense20,,8,60,3,55.333333333333336,55.333333333333336,55.333333333333336,40,0,0,0,0,7,140,8.5,0.06666666666666667,41.333333333333336
enemies > frost,dense20,,8,60,3,10.666666666666666,10.666666666666666,10.666666666666666,0,0.13777777777777211,0,0,0,8,160,7.55,0.06666666666666667,0
enemies > poison,dense20,,9,60,3,68.8,68.8,68.8,48,0,0,0,0,7,140,8.85,0.06666666666666667,64.66666666666667
enemies > vortex,dense20,,8,60,3,0,0,0,0,0,0,0,0,7,140,8.5,,16
enemies > shockwave,dense20,,7,60,3,31.333333333333332,31.333333333333332,31.333333333333332,20,0,0,0,0,8,160,7.2,0.06666666666666667,20.333333333333332
enemies > summon,dense20,,9,60,3,100.5111111111111,100.5,100.53333333333333,80.66666666666667,0,0,0,0,6,120,10.75,0.26666666666666666,89
enemies > heal,dense20,,9,60,3,0,0,0,0,0,0,0,0,7,140,8.85,,0
enemies > mend,dense20,,9,60,3,0,0,0,0,0,0,0,0,7,140,8.85,,0
enemies > shield,dense20,,8,60,3,0,0,0,0,0,0,0,0,7,140,8.5,,0
enemies > haste,dense20,,8,60,3,0,0,0,0,0,0,0,0,9,180,6.6000000000000005,,0
enemies > rage,dense20,,8,60,3,0,0,0,0,0,0,0,0,9,180,6.6000000000000005,,0
enemies > scatter,dense20,,8,60,3,113.33333333333333,113.33333333333333,113.33333333333333,80,0,0,0,0,9,180,6.6000000000000005,0.06666666666666667,81.33333333333333
enemies > lance,dense20,,8,60,3,44.666666666666664,44.666666666666664,44.666666666666664,20,0,0,0,0,9,180,6.6000000000000005,0.06666666666666667,20.333333333333332
enemies > focus,dense20,,8,60,3,0,0,0,0,0,0,0,0,9,180,6.6000000000000005,,0
enemies > amplify,dense20,,8,60,3,0,0,0,0,0,0,0,0,9,180,6.6000000000000005,,0
enemies > prolong,dense20,,7,60,3,0,0,0,0,0,0,0,0,78,0,0.5,,0
enemies > regen,dense20,,8,60,3,0,0,0,0,0,0,0,0,9,180,6.6000000000000005,,0
enemies > armor,dense20,,8,60,3,0,0,0,0,0,0,0,0,9,180,6.6000000000000005,,0
enemies > pull,dense20,,7,60,3,0,0,0,0,0,0,0,0,10,200,6.25,,0
enemies > harvest,dense20,,8,60,3,0,0,0,0,0,0,0,0,9,180,6.6000000000000005,,0
enemies > orb,dense20,,8,60,3,1479.2,1429.2333333333333,1524.4666666666667,1266,0,0,0,0,9,180,6.6000000000000005,0.26666666666666666,378.3333333333333
enemies > mine,dense20,,8,60,3,1260,1260,1260,1080,0,0,0,0,9,180,6.6000000000000005,0.5666666666666667,373.6666666666667
enemies > turret,dense20,,9,60,3,141.60555555555558,137.65,143.6,118.33333333333333,0,0,0,0,6,120,9.799999999999999,0.26666666666666666,132.66666666666666
enemies > decoy,dense20,,9,60,3,0,0,0,0,0,0,0,0,7,140,8.85,,12
enemies > detonate,dense20,,7,60,3,233.33333333333334,233.33333333333334,233.33333333333334,200,0,0,0,0,10,200,6.25,0.06666666666666667,205
enemies > launch,dense20,,7,60,3,503,497.8333333333333,508.5,424,0,0,0,0,11,220,5.299999999999999,0.06666666666666667,373.3333333333333
enemies > boomerang,dense20,,8,60,3,44.666666666666664,44.666666666666664,44.666666666666664,20,0,0,0,0,9,180,6.6000000000000005,0.06666666666666667,20.333333333333332
enemies > homing,dense20,,8,60,3,113.33333333333333,113.33333333333333,113.33333333333333,80,0,0,0,0,9,180,6.6000000000000005,0.06666666666666667,81.33333333333333
enemies > laser,dense20,,8,60,3,34,34,34,20,0,0,0,0,7,140,8.5,0.06666666666666667,20.333333333333332
enemies > chain,dense20,,8,60,3,163.33333333333334,163.33333333333334,163.33333333333334,140,0,0,0,0,7,140,8.5,0.06666666666666667,143
enemies > meteor,dense20,,8,60,3,68.8,68.8,68.8,48,0,0,0,0,7,140,8.5,0.8666666666666666,65.66666666666667
enemies > blades,dense20,,9,60,3,130.66666666666666,130.66666666666666,130.66666666666666,112,0,0,0,0,7,140,8.85,0.06666666666666667,130.66666666666666
enemies > root,dense20,,8,60,3,0,0,0,0,0.2700000000000351,0,0,0,9,180,6.6000000000000005,,0
enemies > mark,dense20,,7,60,3,0,0,0,0,0,0,0,0,14,280,4.3500000000000005,,0
enemies > burn,dense20,,8,60,3,210,210,210,180,0,0,0,0,9,180,6.6000000000000005,0.10000000000000002,182
enemies > fear,dense20,,8,60,3,0,0,0,0,0.06666666666666501,0,0,0,63,40,0.6936507936507937,,0
enemies > execute,dense20,,8,60,3,110,110,110,80,0,0,0,0,9,180,6.6000000000000005,0.06666666666666667,81.33333333333333
enemies > drain,dense20,,8,60,3,113.33333333333333,113.33333333333333,113.33333333333333,80,0,50,0,0,9,180,6.6000000000000005,0.06666666666666667,81.33333333333333
enemies > blink,dense20,,8,60,3,0,0,0,0,0,0,0,0,47,60,0.9499999999999998,,0
enemies > dash,dense20,,8,60,3,0,0,0,0,0,0,0,0,47,60,0.9499999999999998,,0
enemies > archer,dense20,,9,60,3,86,86,86,70.66666666666667,0,0,0,0,6,120,10.75,0.26666666666666666,78
enemies > sacrifice,dense20,,7,60,3,233.33333333333334,233.33333333333334,233.33333333333334,200,0,0,0,0,10,200,6.25,0.06666666666666667,205
enemies > rally,dense20,,8,60,3,0,0,0,0,0,0,0,0,9,180,6.6000000000000005,,0
enemies > ward,dense20,,10,60,3,0,0,0,0,0,0,0,0,47,24,0.8148936170212765,,16
enemies > spread,dense20,,7,60,3,0,0,0,0,0,0,0,0,10,200,6.25,,0
enemies > snipe,dense20,,9,60,3,163.33333333333334,163.33333333333334,163.33333333333334,140,0,0,0,0,7,140,8.85,0.06666666666666667,142.33333333333334
enemies > refresh,dense20,,7,60,3,0,0,0,0,0,0,0,0,82,0,0.5,,0
enemies > split,dense20,,7,60,3,0,0,0,0,0,0,0,0,4,300,20.95,,0
enemies > absorb,dense20,,7,60,3,256.6666666666667,256.6666666666667,256.6666666666667,220,0,50,0,0,11,220,5.299999999999999,0.06666666666666667,225
enemies > swap,dense20,,7,60,3,0,0,0,0,0,0,0,0,8,160,7.2,,0
ahead > bolt,dense20,,2,60,3,37.333333333333336,37.333333333333336,37.333333333333336,32,0,0,0,0,65,65,0.7000000000000005,0.35555555555555557,33.333333333333336
ahead > poison,dense20,,4,60,3,531.3333333333334,531.3333333333334,531.3333333333334,440,0,0,0,0,35,35,1.3999999999999992,0.06666666666666667,356.3333333333333
ahead > vortex,dense20,,3,60,3,0,0,0,0,0,0,0,0,43,43,1.0499999999999994,,2
ahead > summon,dense20,,4,60,3,94.97777777777777,94.93333333333334,95,78.66666666666667,0,0,0,0,33,33,1.3999999999999992,0.26666666666666666,86
ahead > orb,dense20,,3,60,3,1129,1053.7333333333333,1204.2666666666667,960,0,0,0,0,46,46,1.0499999999999994,0.26666666666666666,364.3333333333333
ahead > mine,dense20,,3,60,3,536.6666666666666,536.6666666666666,536.6666666666666,460,0,0,0,0,46,46,1.0499999999999994,0.5666666666666667,353.6666666666667
ahead > turret,dense20,,4,60,3,83.13333333333334,83.13333333333334,83.13333333333334,71,0,0,0,0,34,34,1.3999999999999992,0.26666666666666666,79
ahead > decoy,dense20,,4,60,3,0,0,0,0,0,0,0,0,35,35,1.3999999999999992,,4
ahead > chain,dense20,,3,60,3,66.93333333333334,66.93333333333334,66.93333333333334,56,0,0,0,0,43,43,1.0499999999999994,0.06666666666666667,57.333333333333336
ahead > meteor,dense20,,3,60,3,506,506,506,420,0,0,0,0,43,43,1.0499999999999994,0.8666666666666666,353
ahead > blades,dense20,,4,60,3,801.8000000000001,741.1333333333333,877.6333333333333,682,0,0,0,0,35,35,1.3999999999999992,0.06666666666666667,358.3333333333333
ahead > archer,dense20,,4,60,3,81.33333333333333,81.33333333333333,81.33333333333333,67.33333333333333,0,0,0,0,33,33,1.3999999999999992,0.26666666666666666,74.66666666666667
ahead > rally,dense20,,3,60,3,0,0,0,0,0,0,0,0,46,46,1.0499999999999994,,0
ahead > ward,dense20,,5,60,3,0,0,0,0,0,0,0,0,28,28,1.75,,2
ahead > swap,dense20,,2,60,3,0,0,0,0,0,0,0,0,58,58,0.7000000000000003,,0
behind > bolt,dense20,,2,60,3,0,0,0,0,0,0,0,0,65,65,0.7000000000000005,,2
behind > poison,dense20,,4,60,3,0,0,0,0,0,0,0,0,35,35,1.3999999999999992,,3
behind > vortex,dense20,,3,60,3,0,0,0,0,0,0,0,0,43,43,1.0499999999999994,,2
behind > summon,dense20,,4,60,3,82.1,82.1,82.1,69,0,0,0,0,33,33,1.3999999999999992,1.5222222222222237,75
behind > orb,dense20,,3,60,3,0,0,0,0,0,0,0,0,46,46,1.0499999999999994,,7
behind > mine,dense20,,3,60,3,0,0,0,0,0,0,0,0,46,46,1.0499999999999994,,12
behind > turret,dense20,,4,60,3,82.41666666666667,82.41666666666667,82.41666666666667,70,0,0,0,0,34,34,1.3999999999999992,0.7666666666666666,85
behind > decoy,dense20,,4,60,3,0,0,0,0,0,0,0,0,35,35,1.3999999999999992,,4
behind > chain,dense20,,3,60,3,0,0,0,0,0,0,0,0,43,43,1.0499999999999994,,0
behind > meteor,dense20,,3,60,3,0,0,0,0,0,0,0,0,43,43,1.0499999999999994,,1
behind > blades,dense20,,4,60,3,0,0,0,0,0,0,0,0,35,35,1.3999999999999992,,3
behind > archer,dense20,,4,60,3,81,81,81,68,0,0,0,0,33,33,1.3999999999999992,0.6555555555555554,79
behind > rally,dense20,,3,60,3,0,0,0,0,0,0,0,0,46,46,1.0499999999999994,,0
behind > ward,dense20,,5,60,3,0,0,0,0,0,0,0,0,28,28,1.75,,2
behind > swap,dense20,,2,60,3,0,0,0,0,0,0,0,0,58,58,0.7000000000000003,,0
randomPoint > bolt,dense20,,2,60,3,5.555555555555556,4,8,1.3333333333333333,0,0,0,0,65,65,0.7000000000000005,4.077777777777771,3.3333333333333335
randomPoint > poison,dense20,,4,60,3,52.32222222222222,16.433333333333334,72.5,36.333333333333336,0,0,0,0,35,35,1.3999999999999992,11.62222222222237,40.333333333333336
randomPoint > vortex,dense20,,3,60,3,0,0,0,0,0,0,0,0,43,43,1.0499999999999994,,2
randomPoint > summon,dense20,,4,60,3,87.85555555555555,86.43333333333334,89.5,72.33333333333333,0,0,0,0,33,33,1.3999999999999992,1.644444444444446,78.66666666666667
randomPoint > orb,dense20,,3,60,3,27.2,19.4,32.266666666666666,18,0,0,0,0,46,46,1.0499999999999994,19.33333333333364,26.333333333333332
randomPoint > mine,dense20,,3,60,3,46.388888888888886,18.333333333333332,75.83333333333333,33.666666666666664,0,0,0,0,46,46,1.0499999999999994,14.433333333333389,46
randomPoint > turret,dense20,,4,60,3,82.89999999999999,82.75,83.05,69,0,0,0,0,34,34,1.3999999999999992,0.8222222222222223,83
randomPoint > decoy,dense20,,4,60,3,0,0,0,0,0,0,0,0,35,35,1.3999999999999992,,4
randomPoint > chain,dense20,,3,60,3,21.455555555555552,17.333333333333332,26.666666666666668,12.333333333333334,0,0,0,0,43,43,1.0499999999999994,5.666666666666656,12.666666666666666
randomPoint > meteor,dense20,,3,60,3,117.17777777777779,103.73333333333333,131.36666666666667,92.66666666666667,0,0,0,0,43,43,1.0499999999999994,2.2666666666666684,93.66666666666667
randomPoint > blades,dense20,,4,60,3,170.4333333333333,153.16666666666666,204.46666666666667,136.33333333333334,0,0,0,0,35,35,1.3999999999999992,10.466666666666756,141
randomPoint > archer,dense20,,4,60,3,80.94444444444444,80.83333333333333,81,66.66666666666667,0,0,0,0,33,33,1.3999999999999992,0.6888888888888888,77
randomPoint > rally,dense20,,3,60,3,0,0,0,0,0,0,0,0,46,46,1.0499999999999994,,0
randomPoint > ward,dense20,,5,60,3,0,0,0,0,0,0,0,0,28,28,1.75,,2
randomPoint > swap,dense20,,2,60,3,0,0,0,0,0,0,0,0,58,58,0.7000000000000003,,0
fallen > bolt,dense20,,3,60,3,3.6666666666666665,3.6666666666666665,3.6666666666666665,2,0,0,0,0,80,6,0.51625,0.35555555555555557,6.333333333333333
fallen > poison,dense20,,5,60,3,276.8888888888889,275.3333333333333,277.6666666666667,237.33333333333334,0,0,0,0,52,44.666666666666664,0.7942307692307692,0.06666666666666667,256.6666666666667
fallen > vortex,dense20,,4,60,3,0,0,0,0,0,0,0,0,67,6,0.535820895522388,,6
fallen > summon,dense20,,5,60,3,111.56666666666666,110.8,112.6,91,0,0,0,0,22,56.333333333333336,2.352045297697471,0.26666666666666666,99
fallen > orb,dense20,,4,60,3,1232.9111111111113,659.9333333333333,1554.2666666666667,1051.6666666666667,0,0,0,0,22.666666666666668,197.33333333333334,4.394444444444445,0.26666666666666666,374.3333333333333
fallen > mine,dense20,,4,60,3,69.66666666666667,69.5,70,59.333333333333336,0,0,0,0,76,6,0.525,0.5666666666666667,60.333333333333336
fallen > turret,dense20,,5,60,3,137.38333333333333,136.83333333333334,138.33333333333334,116,0,0,0,0,21,63.666666666666664,2.461111111111112,0.26666666666666666,130
fallen > decoy,dense20,,5,60,3,0,0,0,0,0,0,0,0,66,6,0.5416666666666666,,6
fallen > chain,dense20,,4,60,3,9.5,9.433333333333334,9.566666666666666,3,0,0,0,0,67,6,0.535820895522388,0.06666666666666667,3.3333333333333335
fallen > meteor,dense20,,4,60,3,23.333333333333332,23.333333333333332,23.333333333333332,20,0,0,0,0,67,6,0.535820895522388,0.8666666666666666,20.666666666666668
fallen > blades,dense20,,5,60,3,431.23333333333335,417.7,445.93333333333334,364.3333333333333,0,0,0,0,50,49.666666666666664,0.8369281045751634,0.06666666666666667,367.6666666666667
fallen > archer,dense20,,5,60,3,94.77777777777779,94.5,95.16666666666667,78,0,0,0,0,23,49,2.2039964866051815,0.26666666666666666,86.33333333333333
fallen > rally,dense20,,4,60,3,0,0,0,0,0,0,0,0,76,6,0.525,,0
fallen > ward,dense20,,6,60,3,0,0,0,0,0,0,0,0,58,6,0.5620689655172414,,6
fallen > swap,dense20,,3,60,3,0,0,0,0,0,0,0,0,70,6,0.5257142857142857,,0
objects > bolt,dense20,,4,60,3,63.63888888888889,61.2,66.8,47.666666666666664,0,0,0,0,70,21,0.6307142857142857,0.2333333333333333,51
objects > slash,dense20,,5,60,3,39.86666666666667,38.2,42.2,21,0,0,0,0,75,14,0.572,0.2333333333333333,25.333333333333332
objects > explode,dense20,,5,60,3,33.3,32.3,34.7,21,0,0,0,0,64,10,0.5765625,0.2333333333333333,25.333333333333332
objects > frost,dense20,,5,60,3,50.41111111111112,47.8,54.06666666666667,37.666666666666664,0,0,0,0,60,16,0.6666666666666666,0.2333333333333333,40.666666666666664
objects > poison,dense20,,6,60,3,46.06111111111111,43.78333333333333,49.25,36.666666666666664,0,0,0,0,63,10,0.5888888888888889,0.2333333333333333,45.333333333333336
objects > vortex,dense20,,5,60,3,3.9166666666666665,3.783333333333333,4.033333333333333,2,0,0,8,0,44,30,1.1722060957910017,0.2333333333333333,12.333333333333334
objects > shockwave,dense20,,4,60,3,49.794444444444444,47.18333333333333,53.45,36.666666666666664,0,0,0,0,63,18,0.623015873015873,0.2333333333333333,40.666666666666664
objects > summon,dense20,,6,60,3,81.43888888888888,78.9,85.56666666666666,64.33333333333333,0,0,0,0,51,13,0.719607843137255,0.2333333333333333,67
objects > heal,dense20,,6,60,3,50.41111111111112,47.8,54.06666666666667,37.666666666666664,0,0,0,0,57,15,0.6929824561403509,0.2333333333333333,40.666666666666664
objects > mend,dense20,,6,60,3,50.41111111111112,47.8,54.06666666666667,37.666666666666664,0,0,0,0,57,15,0.6929824561403509,0.2333333333333333,40.666666666666664
objects > shield,dense20,,5,60,3,50.41111111111112,47.8,54.06666666666667,37.666666666666664,0,0,0,0,57,16,0.6842105263157895,0.2333333333333333,40.666666666666664
objects > rage,dense20,,5,60,3,64.28888888888889,60.4,69.73333333333333,54.333333333333336,0,0,0,0,66,17,0.646969696969697,0.2333333333333333,58.333333333333336
objects > scatter,dense20,,5,60,3,15,15,15,0,0,0,0,0,76,6,0.5296052631578947,0.06666666666666667,6
objects > lance,dense20,,5,60,3,49.34444444444444,46.733333333333334,53,36.666666666666664,0,0,0,0,69,15,0.6043478260869566,0.2333333333333333,40.666666666666664
objects > focus,dense20,,5,60,3,70.00555555555555,65.45,76.38333333333334,54.333333333333336,0,0,0,0,66,17,0.646969696969697,0.16666666666666666,57.333333333333336
objects > amplify,dense20,,5,60,3,53.02222222222222,50.93333333333333,55.63333333333333,39.333333333333336,0,0,0,0,66,17,0.646969696969697,0.2333333333333333,42.666666666666664
objects > prolong,dense20,,4,60,3,241.10555555555553,219.05,271.98333333333335,201.33333333333334,0,0,0,0,27,110,2.0148148148148146,0.2333333333333333,208.33333333333334
objects > regen,dense20,,5,60,3,50.41111111111112,47.8,54.06666666666667,37.666666666666664,0,0,0,0,66,17,0.646969696969697,0.2333333333333333,40.666666666666664
objects > armor,dense20,,5,60,3,50.41111111111112,47.8,54.06666666666667,37.666666666666664,0,0,0,0,66,17,0.646969696969697,0.2333333333333333,40.666666666666664
objects > pull,dense20,,4,60,3,12.361111111111109,10.85,13.133333333333333,2.6666666666666665,0,0,12,0,62,29,0.7064516129032258,0.4333333333333333,7.666666666666667
objects > orb,dense20,,5,60,3,887.8777777777777,751.2333333333333,1024.7666666666667,757.6666666666666,0,0,0,0,15,172,3.843333333333334,0.2333333333333333,370.3333333333333
objects > mine,dense20,,5,60,3,225.28333333333333,224.28333333333333,227.28333333333333,181.66666666666666,0,0,0,0,66,17,0.646969696969697,0.2333333333333333,187
objects > turret,dense20,,6,60,3,180.90555555555557,178.91666666666666,183.08333333333334,145.33333333333334,0,0,0,0,10,112,5.669999999999999,0.2333333333333333,162.66666666666666
objects > decoy,dense20,,6,60,3,35.01666666666666,33.85,36.65,21,0,0,0,0,12,116,4.699999999999998,0.2333333333333333,33.333333333333336
objects > detonate,dense20,,4,60,3,23.333333333333332,23.333333333333332,23.333333333333332,20,0,0,0,0,76,6,0.525,0.06666666666666667,20.666666666666668
objects > launch,dense20,,4,60,3,24.75,24.25,25.25,15,0,0,0,0,80,6,0.520625,0.06666666666666667,16.333333333333332
objects > boomerang,dense20,,5,60,3,49.34444444444444,46.733333333333334,53,36.666666666666664,0,0,0,0,69,15,0.6043478260869566,0.2333333333333333,40.666666666666664
objects > homing,dense20,,5,60,3,15,15,15,0,0,0,0,0,76,6,0.5296052631578947,0.06666666666666667,6
objects > laser,dense20,,5,60,3,49.644444444444446,47.03333333333333,53.3,36.666666666666664,0,0,0,0,60,14,0.6333333333333333,0.2333333333333333,40.666666666666664
objects > chain,dense20,,5,60,3,74.18333333333334,70.48333333333333,77.58333333333333,55,0,0,0,0,57,16,0.6842105263157895,0.06666666666666667,56
objects > meteor,dense20,,5,60,3,36.583333333333336,35.25,38.45,21,0,0,0,0,64,10,0.5765625,0.2333333333333333,29.333333333333332
objects > blades,dense20,,6,60,3,25.05,24.883333333333333,25.283333333333335,20,0,0,0,0,66,6,0.546969696969697,0.2333333333333333,28.333333333333332
objects > root,dense20,,5,60,3,50.41111111111112,47.8,54.06666666666667,37.666666666666664,0,0,0,0,66,17,0.646969696969697,0.2333333333333333,40.666666666666664
objects > mark,dense20,,4,60,3,50.41111111111112,47.8,54.06666666666667,37.666666666666664,0,0,0,0,76,25,0.6276315789473684,0.2333333333333333,40.666666666666664
objects > burn,dense20,,5,60,3,26.766666666666666,26.433333333333334,27.233333333333334,20,0,0,0,0,76,6,0.5296052631578947,0.2333333333333333,24.333333333333332
objects > fear,dense20,,5,60,3,11.205555555555556,1.9,16.166666666666668,3,0,0,0,0,64,19.666666666666668,0.6782575757575757,0.2333333333333333,9
objects > execute,dense20,,5,60,3,15,15,15,0,0,0,0,0,76,6,0.5296052631578947,0.06666666666666667,6
objects > drain,dense20,,5,60,3,15,15,15,0,0,36,0,0,76,6,0.5296052631578947,0.06666666666666667,6
objects > blink,dense20,,5,60,3,1.3388888888888892,1.3166666666666667,1.35,0.3333333333333333,0,0,0,0,55,24,0.7545454545454545,0.5333333333333333,7
objects > dash,dense20,,5,60,3,1.3166666666666667,1.3166666666666667,1.3166666666666667,1,0,0,0,0,55,24,0.7545454545454545,0.5666666666666667,7
objects > archer,dense20,,6,60,3,77.65555555555555,75.56666666666666,81.56666666666666,60.333333333333336,0,0,0,0,51,13,0.719607843137255,0.2333333333333333,65
objects > sacrifice,dense20,,4,60,3,23.333333333333332,23.333333333333332,23.333333333333332,20,0,0,0,0,76,6,0.525,0.06666666666666667,20.666666666666668
objects > rally,dense20,,5,60,3,378.93333333333334,342.76666666666665,429.56666666666666,316,0,0,0,0,23,94,2.367391304347827,0.16666666666666666,318.6666666666667
objects > ward,dense20,,7,60,3,0.5666666666666667,0.3,0.7,0,0,0,0,0,46,17,0.85,0.25555555555555554,13
objects > spread,dense20,,4,60,3,50.41111111111112,47.8,54.06666666666667,37.666666666666664,0,0,0,0,67,20,0.6328358208955224,0.2333333333333333,40.666666666666664
objects > snipe,dense20,,6,60,3,15,15,15,0,0,0,0,0,66,6,0.546969696969697,0.06666666666666667,6
objects > refresh,dense20,,4,60,3,241.10555555555553,219.05,271.98333333333335,201.33333333333334,0,0,0,0,29,118,1.8603448275862078,0.2333333333333333,208.33333333333334
objects > split,dense20,,4,60,3,113.30555555555554,98.26666666666667,127.53333333333333,89.33333333333333,0,0,0,0,58,35,0.7068965517241379,0.2333333333333333,105.66666666666667
objects > absorb,dense20,,4,60,3,0,0,0,0,0,36,0,0,80,6,0.520625,,6
objects > swap,dense20,,4,60,3,39.62777777777777,37.21666666666667,41.483333333333334,22.666666666666668,0,16.666666666666668,12,136,61,20,0.6565573770491803,0.2333333333333333,25
allies > bolt,dense20,,4,60,3,34.84444444444444,34.733333333333334,35.03333333333333,27.333333333333332,0,0,0,0,71,30,0.6161971830985915,0.2333333333333333,38.333333333333336
allies > slash,dense20,,5,60,3,9.777777777777779,9.766666666666667,9.8,6.333333333333333,0,0,0,0,74,18,0.581081081081081,0.2333333333333333,13.333333333333334
allies > explode,dense20,,5,60,3,6.5,6.5,6.5,4.333333333333333,0,0,0,0,63,12,0.5873015873015873,0.2333333333333333,11.333333333333334
allies > frost,dense20,,5,60,3,11.97777777777778,11.966666666666667,12,7.666666666666667,0,0,0,0,63,18,0.6190476190476191,1.2666666666666673,14.666666666666666
allies > poison,dense20,,6,60,3,7.599999999999999,7.6,7.6,5.333333333333333,0,0,0,0,62,12,0.6000000000000001,0.2333333333333333,18
allies > vortex,dense20,,5,60,3,12.688888888888888,12.6,12.733333333333333,9.333333333333334,0,0,0,0,60,18,0.6375,0.2333333333333333,22
allies > shockwave,dense20,,4,60,3,17.377777777777776,17.366666666666667,17.4,12.666666666666666,0,0,0,0,62,24,0.6387096774193549,0.2333333333333333,19.666666666666668
allies > summon,dense20,,6,60,3,107.46666666666665,107.43333333333334,107.5,88,0,0,0,0,14,84,4.1000000000000005,0.26666666666666666,95
allies > heal,dense20,,6,60,3,17.377777777777776,17.366666666666667,17.4,12.666666666666666,0,0,0,0,59,18,0.6576271186440678,0.2333333333333333,19.666666666666668
allies > mend,dense20,,6,60,3,17.377777777777776,17.366666666666667,17.4,12.666666666666666,0,0,0,0,59,18,0.6576271186440678,0.2333333333333333,19.666666666666668
allies > shield,dense20,,5,60,3,17.377777777777776,17.366666666666667,17.4,12.666666666666666,0,0,0,0,60,18,0.6375,0.2333333333333333,19.666666666666668
allies > haste,dense20,,5,60,3,17.377777777777776,17.366666666666667,17.4,12.666666666666666,0,0,0,0,67,24,0.6343283582089553,0.2333333333333333,19.666666666666668
allies > rage,dense20,,5,60,3,25.277777777777775,25.25,25.333333333333332,20.666666666666668,0,0,0,0,67,24,0.6343283582089553,0.2333333333333333,28
allies > scatter,dense20,,5,60,3,0,0,0,0,0,0,0,0,76,6,0.5296052631578947,,6
allies > lance,dense20,,5,60,3,15.199999999999998,15.2,15.2,11.333333333333334,0,0,0,0,67,24,0.6343283582089553,0.2333333333333333,18
allies > focus,dense20,,5,60,3,27.100000000000005,27.1,27.1,21.666666666666668,0,0,0,0,67,24,0.6343283582089553,0.16666666666666666,28.666666666666668
allies > amplify,dense20,,5,60,3,17.377777777777776,17.366666666666667,17.4,12.666666666666666,0,0,0,0,67,24,0.6343283582089553,0.2333333333333333,19.666666666666668
allies > prolong,dense20,,4,60,3,102.97777777777777,102.96666666666667,103,85.66666666666667,0,0,0,0,23,138,2.399999999999999,0.2333333333333333,95
allies > regen,dense20,,5,60,3,17.377777777777776,17.366666666666667,17.4,12.666666666666666,0,0,0,0,67,24,0.6343283582089553,0.2333333333333333,19.666666666666668
allies > armor,dense20,,5,60,3,17.377777777777776,17.366666666666667,17.4,12.666666666666666,0,0,0,0,67,24,0.6343283582089553,0.2333333333333333,19.666666666666668
allies > pull,dense20,,4,60,3,15.644444444444444,15.6,15.666666666666666,11.666666666666666,0,0,0,0,69,24,0.610144927536232,0.3333333333333333,21
allies > orb,dense20,,5,60,3,283.56666666666666,241.86666666666667,324.7,238,0,0,0,0,67,24,0.6343283582089553,0.2333333333333333,247.33333333333334
allies > mine,dense20,,5,60,3,283.4888888888889,281.76666666666665,284.6,241.66666666666666,0,0,0,0,67,24,0.6343283582089553,0.2333333333333333,254
allies > turret,dense20,,6,60,3,60.199999999999996,60.166666666666664,60.266666666666666,48.333333333333336,0,0,0,0,54,18,0.686111111111111,0.2333333333333333,57
allies > decoy,dense20,,6,60,3,17.377777777777776,17.366666666666667,17.4,12.666666666666666,0,0,0,0,59,18,0.6576271186440678,0.2333333333333333,31.666666666666668
allies > detonate,dense20,,4,60,3,23.333333333333332,23.333333333333332,23.333333333333332,20,0,0,0,0,76,6,0.525,0.06666666666666667,20.666666666666668
allies > launch,dense20,,4,60,3,18.166666666666668,17.833333333333332,18.333333333333332,8,0,0,0,0,80,6,0.520625,0.06666666666666667,9
allies > boomerang,dense20,,5,60,3,15.199999999999998,15.2,15.2,11.333333333333334,0,0,0,0,67,24,0.6343283582089553,0.2333333333333333,18
allies > homing,dense20,,5,60,3,0,0,0,0,0,0,0,0,76,6,0.5296052631578947,,6
allies > laser,dense20,,5,60,3,17.377777777777776,17.366666666666667,17.4,12.666666666666666,0,0,0,0,60,18,0.6375,0.2333333333333333,19.666666666666668
allies > chain,dense20,,5,60,3,45.22222222222223,45,45.333333333333336,31.666666666666668,0,0,0,0,60,18,0.6375,0.06666666666666667,38.666666666666664
allies > meteor,dense20,,5,60,3,7.599999999999999,7.6,7.6,5.333333333333333,0,0,0,0,63,12,0.5873015873015873,0.2333333333333333,18
allies > blades,dense20,,6,60,3,2.2,2.2,2.2,0,0,0,0,0,66,6,0.546969696969697,0.2333333333333333,13
allies > root,dense20,,5,60,3,17.377777777777776,17.366666666666667,17.4,12.666666666666666,0,0,0,0,67,24,0.6343283582089553,0.2333333333333333,19.666666666666668
allies > mark,dense20,,4,60,3,17.377777777777776,17.366666666666667,17.4,12.666666666666666,0,0,0,0,80,30,0.5875,0.2333333333333333,19.666666666666668
allies > burn,dense20,,5,60,3,3.2777777777777772,3.2666666666666666,3.3,1,0,0,0,0,76,6,0.5296052631578947,0.2333333333333333,8
allies > fear,dense20,,5,60,3,4.4,4.4,4.4,2.3333333333333335,0,0,0,0,67,24,0.6343283582089553,0.2333333333333333,10.666666666666666
allies > execute,dense20,,5,60,3,0,0,0,0,0,0,0,0,76,6,0.5296052631578947,,6
allies > drain,dense20,,5,60,3,0,0,0,0,0,36,0,0,76,6,0.5296052631578947,,6
allies > blink,dense20,,5,60,3,16,15.766666666666667,16.133333333333333,11,0,0,0,0,63,18,0.6190476190476191,0.3333333333333333,19.333333333333332
allies > dash,dense20,,5,60,3,16.133333333333333,15.833333333333334,16.4,10.666666666666666,0,0,0,0,63,18,0.6190476190476191,0.35555555555555557,19.333333333333332
allies > archer,dense20,,6,60,3,92,92,92,76.33333333333333,0,0,0,0,14,84,4.1000000000000005,0.26666666666666666,86
allies > sacrifice,dense20,,4,60,3,23.333333333333332,23.333333333333332,23.333333333333332,20,0,0,0,0,76,6,0.525,0.06666666666666667,20.666666666666668
allies > rally,dense20,,5,60,3,162.5,162.5,162.5,138.33333333333334,0,0,0,0,20,120,2.75,0.16666666666666666,148
allies > ward,dense20,,7,60,3,2.9333333333333336,2.8666666666666667,3.066666666666667,1.3333333333333333,0,0,0,0,50,18,0.7369999999999998,0.2333333333333333,16
allies > spread,dense20,,4,60,3,17.377777777777776,17.366666666666667,17.4,12.666666666666666,0,0,0,0,69,24,0.610144927536232,0.2333333333333333,19.666666666666668
allies > snipe,dense20,,6,60,3,0,0,0,0,0,0,0,0,66,6,0.546969696969697,,6
allies > refresh,dense20,,4,60,3,102.97777777777777,102.96666666666667,103,85.66666666666667,0,0,0,0,26,156,2.149999999999999,0.2333333333333333,95
allies > split,dense20,,4,60,3,18.22222222222222,17.966666666666665,18.366666666666667,10.333333333333334,0,0,0,0,62,24,0.6387096774193549,0.26666666666666666,18.333333333333332
allies > absorb,dense20,,4,60,3,0,0,0,0,0,36,0,0,80,6,0.520625,,6
allies > swap,dense20,,4,60,3,16.95555555555556,16.666666666666668,17.2,12,0,0,0,72,62,24,0.6387096774193549,0.2333333333333333,8.333333333333334
zones > bolt,dense20,,4,60,3,97.64444444444445,96.3,98.8,82.66666666666667,0,0,0,0,78,12,0.5423076923076923,0.03333333333333333,90.33333333333333
zones > slash,dense20,,5,60,3,11.800000000000002,11.7,11.9,0,0,0,0,0,79,6,0.5253164556962026,0.03333333333333333,6
zones > explode,dense20,,5,60,3,11.800000000000002,11.7,11.9,0,0,0,0,0,66,6,0.5416666666666666,0.03333333333333333,6
zones > frost,dense20,,5,60,3,91.42222222222222,90.46666666666667,92,77.33333333333333,0,0,0,0,66,12,0.5757575757575758,0.03333333333333333,84.66666666666667
zones > poison,dense20,,6,60,3,11.800000000000002,11.7,11.9,0,0,0,0,0,66,6,0.546969696969697,0.03333333333333333,6
zones > vortex,dense20,,5,60,3,15.666666666666666,15.3,16,0,0,0,0,0,63,12,0.5873015873015873,0.03333333333333333,12
zones > shockwave,dense20,,4,60,3,11.800000000000002,11.7,11.9,0,0,0,0,0,70,6,0.5307142857142857,0.03333333333333333,6
zones > summon,dense20,,6,60,3,106.27777777777779,104.53333333333333,107.26666666666667,87.66666666666667,0,0,0,0,58,6,0.5620689655172414,0.03333333333333333,95
zones > rage,dense20,,5,60,3,92.95555555555556,92.76666666666667,93.33333333333333,79.33333333333333,0,0,0,0,73,12,0.5616438356164384,0.03333333333333333,86.66666666666667
zones > scatter,dense20,,5,60,3,11.800000000000002,11.7,11.9,0,0,0,0,0,76,6,0.5296052631578947,0.03333333333333333,6
zones > lance,dense20,,5,60,3,11.800000000000002,11.7,11.9,0,0,0,0,0,76,6,0.5296052631578947,0.03333333333333333,6
zones > focus,dense20,,5,60,3,148.6888888888889,147.03333333333333,149.56666666666666,117.33333333333333,0,0,0,0,73,12,0.5616438356164384,0.03333333333333333,125
zones > amplify,dense20,,5,60,3,92.57777777777778,92.2,92.76666666666667,78.66666666666667,0,0,0,0,73,12,0.5616438356164384,0.03333333333333333,85.33333333333333
zones > prolong,dense20,,4,60,3,217.13333333333335,214.7,218.4,176,0,0,0,0,69,24,0.610144927536232,0.03333333333333333,185.33333333333334
zones > pull,dense20,,4,60,3,11.800000000000002,11.7,11.9,0,0,0,0,0,74,12,0.5513513513513513,0.03333333333333333,6
zones > orb,dense20,,5,60,3,229.2111111111111,210.13333333333333,250.66666666666666,187.66666666666666,0,0,0,0,73,12,0.5616438356164384,0.03333333333333333,196
zones > mine,dense20,,5,60,3,229.11111111111111,227,231,196,0,0,0,0,73,12,0.5616438356164384,0.03333333333333333,203.66666666666666
zones > turret,dense20,,6,60,3,105.39999999999999,105.03333333333333,106.06666666666666,87,0,0,0,0,61,6,0.5549180327868852,0.03333333333333333,96.33333333333333
zones > decoy,dense20,,6,60,3,91.42222222222222,90.46666666666667,92,77.33333333333333,0,0,0,0,62,12,0.6000000000000001,0.03333333333333333,90.33333333333333
zones > detonate,dense20,,4,60,3,23.333333333333332,23.333333333333332,23.333333333333332,20,0,0,0,0,76,6,0.525,0.03333333333333333,20
zones > launch,dense20,,4,60,3,27.21111111111111,26.833333333333332,27.7,12.666666666666666,0,0,0,0,80,6,0.520625,0.03333333333333333,14.333333333333334
zones > boomerang,dense20,,5,60,3,11.800000000000002,11.7,11.9,0,0,0,0,0,76,6,0.5296052631578947,0.03333333333333333,6
zones > homing,dense20,,5,60,3,11.800000000000002,11.7,11.9,0,0,0,0,0,76,6,0.5296052631578947,0.03333333333333333,6
zones > laser,dense20,,5,60,3,11.800000000000002,11.7,11.9,0,0,0,0,0,66,6,0.5416666666666666,0.03333333333333333,6
zones > chain,dense20,,5,60,3,108.68888888888888,107.6,109.9,91.33333333333333,0,0,0,0,63,12,0.5873015873015873,0.03333333333333333,98.66666666666667
zones > meteor,dense20,,5,60,3,22.977777777777778,22.8,23.166666666666668,18.666666666666668,0,0,0,0,66,6,0.5416666666666666,0.03333333333333333,30.666666666666668
zones > blades,dense20,,6,60,3,11.800000000000002,11.7,11.9,0,0,0,0,0,66,6,0.546969696969697,0.03333333333333333,6
zones > root,dense20,,5,60,3,91.42222222222222,90.46666666666667,92,77.33333333333333,0,0,0,0,73,12,0.5616438356164384,0.03333333333333333,84.66666666666667
zones > mark,dense20,,4,60,3,91.42222222222222,90.46666666666667,92,77.33333333333333,0,0,0,0,86,12,0.5325581395348837,0.03333333333333333,84.66666666666667
zones > burn,dense20,,5,60,3,11.800000000000002,11.7,11.9,0,0,0,0,0,76,6,0.5296052631578947,0.03333333333333333,6
zones > fear,dense20,,5,60,3,16.066666666666666,15.9,16.2,0,0,0,0,0,73,12,0.5616438356164384,0.03333333333333333,6
zones > execute,dense20,,5,60,3,11.800000000000002,11.7,11.9,0,0,0,0,0,76,6,0.5296052631578947,0.03333333333333333,6
zones > drain,dense20,,5,60,3,11.800000000000002,11.7,11.9,0,0,36,0,0,76,6,0.5296052631578947,0.03333333333333333,6
zones > blink,dense20,,5,60,3,11.800000000000002,11.7,11.9,0,0,0,0,0,66,12,0.5757575757575758,0.03333333333333333,6
zones > dash,dense20,,5,60,3,11.800000000000002,11.7,11.9,0,0,0,0,0,66,12,0.5757575757575758,0.03333333333333333,6
zones > archer,dense20,,6,60,3,103.53333333333335,103.46666666666667,103.66666666666667,85.66666666666667,0,0,0,0,58,6,0.5620689655172414,0.03333333333333333,94.33333333333333
zones > sacrifice,dense20,,4,60,3,23.333333333333332,23.333333333333332,23.333333333333332,20,0,0,0,0,76,6,0.525,0.03333333333333333,20
zones > rally,dense20,,5,60,3,2110.8444444444444,2086.9333333333334,2122.9,1798.6666666666667,0,0,0,0,20,120,2.75,0.03333333333333333,381
zones > ward,dense20,,7,60,3,11.800000000000002,11.7,11.9,0,0,0,0,0,58,6,0.5681034482758621,0.03333333333333333,12
zones > spread,dense20,,4,60,3,91.42222222222222,90.46666666666667,92,77.33333333333333,0,0,0,0,74,12,0.5513513513513513,0.03333333333333333,84.66666666666667
zones > snipe,dense20,,6,60,3,11.800000000000002,11.7,11.9,0,0,0,0,0,66,6,0.546969696969697,0.03333333333333333,6
zones > refresh,dense20,,4,60,3,1368.888888888889,1353.3333333333333,1376.6666666666667,1173.3333333333333,0,0,0,0,26,156,2.149999999999999,0.03333333333333333,369.3333333333333
zones > split,dense20,,4,60,3,159.05555555555557,156.33333333333334,161,136.33333333333334,0,0,0,0,65,18,0.5892307692307692,0.03333333333333333,155
zones > absorb,dense20,,4,60,3,11.800000000000002,11.7,11.9,0,0,36,0,0,80,6,0.520625,0.03333333333333333,6
zones > swap,dense20,,4,60,3,66.4,66.26666666666667,66.46666666666667,40,0,16.666666666666668,0,240,67,12,0.5641791044776119,0.03333333333333333,27.666666666666668
shots > bolt,dense20,,4,60,3,2.5,2.5,2.5,0,0,0,0,0,80,3,0.515,0.03333333333333333,6
shots > slash,dense20,,5,60,3,0.5,0.5,0.5,0,0,0,0,0,80,3,0.5193749999999999,0.03333333333333333,3
shots > explode,dense20,,5,60,3,0.5,0.5,0.5,0,0,0,0,0,67,3,0.5276119402985074,0.03333333333333333,3
shots > frost,dense20,,5,60,3,0.5,0.5,0.5,0,0,0,0,0,70,3,0.525,0.03333333333333333,3
shots > poison,dense20,,6,60,3,0.5,0.5,0.5,0,0,0,0,0,67,3,0.5328358208955224,0.03333333333333333,3
shots > vortex,dense20,,5,60,3,1,1,1,0,0,0,0,0,67,3,0.5276119402985074,0.03333333333333333,5.333333333333333
shots > shockwave,dense20,,4,60,3,0.5,0.5,0.5,0,0,0,0,0,70,3,0.52,0.03333333333333333,3
shots > summon,dense20,,6,60,3,9.822222222222223,9.733333333333333,9.9,7.666666666666667,0,0,0,0,60,3,0.5399999999999999,0.03333333333333333,10.666666666666666
shots > haste,dense20,,5,60,3,0.5,0.5,0.5,0,0,0,0,0,76,3,0.5217105263157894,0.03333333333333333,3
shots > rage,dense20,,5,60,3,0.5,0.5,0.5,0,0,0,0,0,76,3,0.5217105263157894,0.03333333333333333,3
shots > scatter,dense20,,5,60,3,0.5,0.5,0.5,0,0,0,0,0,76,3,0.5217105263157894,0.03333333333333333,3
shots > lance,dense20,,5,60,3,0.5,0.5,0.5,0,0,0,0,0,76,3,0.5217105263157894,0.03333333333333333,3
shots > amplify,dense20,,5,60,3,0.5,0.5,0.5,0,0,0,0,0,76,3,0.5217105263157894,0.03333333333333333,3
shots > prolong,dense20,,4,60,3,0.5,0.5,0.5,0,0,0,0,0,75,6,0.5346666666666667,0.03333333333333333,3
shots > pull,dense20,,4,60,3,1,1,1,0,0,0,0,0,77,3,0.5168831168831168,0.03333333333333333,3
shots > orb,dense20,,5,60,3,6.988888888888888,4.066666666666666,9.333333333333334,3.6666666666666665,0,0,0,0,76,3,0.5217105263157894,0.03333333333333333,7
shots > mine,dense20,,5,60,3,36,35.333333333333336,36.666666666666664,20,0,0,0,0,76,3,0.5217105263157894,0.03333333333333333,24.666666666666668
shots > turret,dense20,,6,60,3,8.777777777777779,8.766666666666667,8.8,6.666666666666667,0,0,0,0,62,3,0.5370967741935483,0.03333333333333333,11.333333333333334
shots > decoy,dense20,,6,60,3,0.5,0.5,0.5,0,0,0,0,0,67,3,0.5328358208955224,0.03333333333333333,6
shots > detonate,dense20,,4,60,3,23.333333333333332,23.333333333333332,23.333333333333332,20,0,0,0,0,77,3,0.5168831168831168,0.03333333333333333,20.666666666666668
shots > launch,dense20,,4,60,3,9.611111111111112,9.333333333333334,9.833333333333334,4.666666666666667,0,0,0,0,80,3,0.515,0.03333333333333333,5.333333333333333
shots > boomerang,dense20,,5,60,3,0.5,0.5,0.5,0,0,0,0,0,76,3,0.5217105263157894,0.03333333333333333,3
shots > homing,dense20,,5,60,3,0.5,0.5,0.5,0,0,0,0,0,76,3,0.5217105263157894,0.03333333333333333,3
shots > laser,dense20,,5,60,3,0.5,0.5,0.5,0,0,0,0,0,67,3,0.5276119402985074,0.03333333333333333,3
shots > chain,dense20,,5,60,3,5.3,5.3,5.3,0,0,0,0,0,67,3,0.5276119402985074,0.03333333333333333,3
shots > meteor,dense20,,5,60,3,0.5,0.5,0.5,0,0,0,0,0,67,3,0.5276119402985074,0.03333333333333333,6
shots > blades,dense20,,6,60,3,0.5,0.5,0.5,0,0,0,0,0,67,3,0.5328358208955224,0.03333333333333333,3
shots > root,dense20,,5,60,3,0.5,0.5,0.5,0,0,0,0,0,76,3,0.5217105263157894,0.03333333333333333,3
shots > mark,dense20,,4,60,3,0.5,0.5,0.5,0,0,0,0,0,89,3,0.5123595505617977,0.03333333333333333,3
shots > burn,dense20,,5,60,3,0.5,0.5,0.5,0,0,0,0,0,76,3,0.5217105263157894,0.03333333333333333,3
shots > fear,dense20,,5,60,3,0.5,0.5,0.5,0,0,0,0,0,76,3,0.5217105263157894,0.03333333333333333,3
shots > execute,dense20,,5,60,3,0.5,0.5,0.5,0,0,0,0,0,76,3,0.5217105263157894,0.03333333333333333,3
shots > drain,dense20,,5,60,3,0.5,0.5,0.5,0,0,18,0,0,76,3,0.5217105263157894,0.03333333333333333,3
shots > blink,dense20,,5,60,3,0.5,0.5,0.5,0,0,0,0,0,70,3,0.525,0.03333333333333333,3
shots > dash,dense20,,5,60,3,0.5,0.5,0.5,0,0,0,0,0,70,3,0.525,0.03333333333333333,3
shots > archer,dense20,,6,60,3,8.5,8.5,8.5,6.333333333333333,0,0,0,0,60,3,0.5399999999999999,0.03333333333333333,11
shots > sacrifice,dense20,,4,60,3,23.333333333333332,23.333333333333332,23.333333333333332,20,0,0,0,0,77,3,0.5168831168831168,0.03333333333333333,20.666666666666668
shots > rally,dense20,,5,60,3,0.5,0.5,0.5,0,0,0,0,0,74,6,0.5445945945945946,0.03333333333333333,3
shots > ward,dense20,,7,60,3,0.5,0.5,0.5,0,0,0,0,0,59,3,0.5466101694915254,0.03333333333333333,6
shots > spread,dense20,,4,60,3,0.5,0.5,0.5,0,0,0,0,0,77,3,0.5168831168831168,0.03333333333333333,3
shots > snipe,dense20,,6,60,3,0.5,0.5,0.5,0,0,0,0,0,67,3,0.5328358208955224,0.03333333333333333,3
shots > refresh,dense20,,4,60,3,0.5,0.5,0.5,0,0,0,0,0,80,3,0.515,0.03333333333333333,3
shots > split,dense20,,4,60,3,0.5,0.5,0.5,0,0,0,0,0,70,3,0.52,0.03333333333333333,6
shots > absorb,dense20,,4,60,3,0.5,0.5,0.5,0,0,6,0,0,80,3,0.515,0.03333333333333333,3
shots > swap,dense20,,4,60,3,0.6666666666666666,0.6666666666666666,0.6666666666666666,0,0,0,0,0,70,3,0.52,0.03333333333333333,3
gems > bolt,dense20,,3,60,3,219.94444444444443,218.5,222.66666666666666,185.66666666666666,0,0,0,0,9,377.3333333333333,7.188888888888889,0.35555555555555557,260
gems > slash,dense20,,4,60,3,0,0,0,0,0,0,0,0,80,6,0.520625,,6
gems > explode,dense20,,4,60,3,0,0,0,0,0,0,0,0,67,6,0.535820895522388,,6
gems > frost,dense20,,4,60,3,0,0,0,0,0,0,0,0,21,126,2.6499999999999995,,6
gems > poison,dense20,,5,60,3,0,0,0,0,0,0,0,0,66,6,0.5416666666666666,,6
gems > vortex,dense20,,4,60,3,0,0,0,0,0,0,0,12,67,6,0.535820895522388,,12
gems > shockwave,dense20,,3,60,3,0,0,0,0,0,0,0,0,70,6,0.5257142857142857,,6
gems > summon,dense20,,5,60,3,76.7,75.9,77.13333333333334,63,0,0,0,0,5,130.66666666666666,11.803333333333335,0.26666666666666666,75.66666666666667
gems > haste,dense20,,4,60,3,0,0,0,0,0,0,0,0,23,138,2.399999999999999,,6
gems > scatter,dense20,,4,60,3,0,0,0,0,0,0,0,0,76,6,0.525,,6
gems > lance,dense20,,4,60,3,0,0,0,0,0,0,0,0,76,6,0.525,,6
gems > amplify,dense20,,4,60,3,0,0,0,0,0,0,0,0,23,138,2.399999999999999,,6
gems > pull,dense20,,3,60,3,0,0,0,0,0,0,0,12,76,6,0.5203947368421052,,6
gems > magnet,dense20,,3,60,3,0,0,0,0,0,0,0,12,80,6,0.51625,,6
gems > harvest,dense20,,4,60,3,0,0,0,0,0,0,0,0,23,138,2.399999999999999,,6
gems > orb,dense20,,4,60,3,413.5777777777778,345.53333333333336,491.8333333333333,346.6666666666667,0,0,0,0,4,413.6666666666667,21.883333333333336,0.26666666666666666,346
gems > mine,dense20,,4,60,3,487.3333333333333,486,490,417.3333333333333,0,0,0,0,4,560,29.2,0.5666666666666667,358.3333333333333
gems > turret,dense20,,5,60,3,115.77777777777777,112.36666666666666,118.35,96.66666666666667,0,0,0,0,6,212.66666666666666,13.805555555555555,0.26666666666666666,119
gems > decoy,dense20,,5,60,3,0,0,0,0,0,0,0,0,17,102,3.25,,18
gems > detonate,dense20,,3,60,3,303.3333333333333,303.3333333333333,303.3333333333333,260,0,0,0,0,13,246,4.634615384615386,0.06666666666666667,25.666666666666668
gems > launch,dense20,,3,60,3,346.5555555555556,339.1666666666667,350.8333333333333,294.3333333333333,0,0,0,0,18,275,3.195553835569316,0.06666666666666667,38.666666666666664
gems > boomerang,dense20,,4,60,3,0,0,0,0,0,0,0,0,76,6,0.525,,6
gems > homing,dense20,,4,60,3,0,0,0,0,0,0,0,0,76,6,0.525,,6
gems > laser,dense20,,4,60,3,0,0,0,0,0,0,0,0,67,6,0.535820895522388,,6
gems > chain,dense20,,4,60,3,112,110.83333333333333,113.16666666666667,96,0,0,0,0,6,223,12.249999999999998,0.06666666666666667,104.66666666666667
gems > meteor,dense20,,4,60,3,0,0,0,0,0,0,0,0,67,6,0.535820895522388,,12
gems > blades,dense20,,5,60,3,0,0,0,0,0,0,0,0,66,6,0.5416666666666666,,6
gems > root,dense20,,4,60,3,0,0,0,0,0,0,0,0,23,138,2.399999999999999,,6
gems > mark,dense20,,3,60,3,0,0,0,0,0,0,0,0,36,216,1.549999999999999,,6
gems > burn,dense20,,4,60,3,0,0,0,0,0,0,0,0,76,6,0.525,,6
gems > fear,dense20,,4,60,3,0,0,0,0,0,0,0,0,74,12,0.5513513513513513,,6
gems > execute,dense20,,4,60,3,0,0,0,0,0,0,0,0,76,6,0.525,,6
gems > drain,dense20,,4,60,3,0,0,0,0,0,36,0,0,76,6,0.525,,6
gems > blink,dense20,,4,60,3,0,0,0,0,0,0,0,0,64,18,0.60078125,,6
gems > dash,dense20,,4,60,3,0,0,0,0,0,0,0,0,64,18,0.60078125,,6
gems > archer,dense20,,5,60,3,74,73,75,60,0,0,0,0,6,167.33333333333334,12.505555555555555,0.26666666666666666,74.66666666666667
gems > sacrifice,dense20,,3,60,3,303.3333333333333,303.3333333333333,303.3333333333333,260,0,0,0,0,13,246,4.634615384615386,0.06666666666666667,25.666666666666668
gems > rally,dense20,,4,60,3,0,0,0,0,0,0,0,0,23,138,2.399999999999999,,6
gems > ward,dense20,,6,60,3,0,0,0,0,0,0,0,0,58,6,0.5620689655172414,,12
gems > spread,dense20,,3,60,3,0,0,0,0,0,0,0,0,26,156,2.049999999999999,,6
gems > snipe,dense20,,5,60,3,0,0,0,0,0,0,0,0,66,6,0.5416666666666666,,6
gems > split,dense20,,3,60,3,0,0,0,0,0,0,0,0.0625,6,377.6666666666667,16.53611111111111,,383.3333333333333
gems > absorb,dense20,,3,60,3,0,0,0,0,0,0,0,12,80,6,0.51625,,6
gems > swap,dense20,,3,60,3,0,0,0,0,0,0,0,10,43,48,1.07906976744186,,6
prey > bolt,dense20,,3,60,3,28,28,28,24,0,0,0,0,48,48,1.0499999999999992,0.3333333333333333,36
prey > slash,dense20,,4,60,3,14.800000000000002,14.8,14.8,12,0,0,0,0,38,38,1.3999999999999992,0.06666666666666667,24.333333333333332
prey > explode,dense20,,4,60,3,13.699999999999998,13.7,13.7,11,0,0,0,0,35,35,1.3999999999999992,0.06666666666666667,22.333333333333332
prey > frost,dense20,,4,60,3,2.3333333333333335,2.3333333333333335,2.3333333333333335,2,0.02927777777777825,0,0,0,36,36,1.3999999999999992,0.06666666666666667,4.333333333333333
prey > poison,dense20,,5,60,3,16.633333333333333,16.633333333333333,16.633333333333333,14,0,0,0,0,29,29,1.75,0.06666666666666667,30.333333333333332
prey > vortex,dense20,,4,60,3,0,0,0,0,0,0,0,0,35,35,1.3999999999999992,,1
prey > shockwave,dense20,,3,60,3,8.566666666666666,8.566666666666666,8.566666666666666,7,0,0,0,0,44,44,1.0499999999999994,0.06666666666666667,14
prey > summon,dense20,,5,60,3,79.55555555555556,79.5,79.63333333333334,61.333333333333336,0,0,0,0,28,28,1.75,0.26666666666666666,77
prey > heal,dense20,,5,60,3,0,0,0,0,0,0,0,0,29,29,1.75,,0
prey > mend,dense20,,5,60,3,0,0,0,0,0,0,0,0,29,29,1.75,,0
prey > shield,dense20,,4,60,3,0,0,0,0,0,0,0,0,35,35,1.3999999999999992,,0
prey > haste,dense20,,4,60,3,0,0,0,0,0,0,0,0,37,37,1.3999999999999992,,0
prey > rage,dense20,,4,60,3,0,0,0,0,0,0,0,0,37,37,1.3999999999999992,,0
prey > scatter,dense20,,4,60,3,22,22,22,18,0,0,0,0,37,37,1.3999999999999992,0.06666666666666667,36.666666666666664
prey > lance,dense20,,4,60,3,8.7,8.7,8.7,7,0,0,0,0,37,37,1.3999999999999992,0.06666666666666667,14.333333333333334
prey > focus,dense20,,4,60,3,0,0,0,0,0,0,0,0,37,37,1.3999999999999992,,0
prey > amplify,dense20,,4,60,3,0,0,0,0,0,0,0,0,37,37,1.3999999999999992,,0
prey > prolong,dense20,,3,60,3,0,0,0,0,0,0,0,0,78,0,0.5,,0
prey > regen,dense20,,4,60,3,0,0,0,0,0,0,0,0,37,37,1.3999999999999992,,0
prey > armor,dense20,,4,60,3,0,0,0,0,0,0,0,0,37,37,1.3999999999999992,,0
prey > pull,dense20,,3,60,3,0,0,0,0,0,0,0,0,46,46,1.0499999999999994,,0
prey > harvest,dense20,,4,60,3,0,0,0,0,0,0,0,0,37,37,1.3999999999999992,,0
prey > orb,dense20,,4,60,3,568.3777777777777,491.1666666666667,704.6,480.6666666666667,0,0,0,0,43.666666666666664,31,1.1414634146341458,0.26666666666666666,358.6666666666667
prey > mine,dense20,,4,60,3,433.3333333333333,433.3333333333333,433.3333333333333,360,0,0,0,0,37,37,1.3999999999999992,0.5666666666666667,352.6666666666667
prey > turret,dense20,,5,60,3,69.28333333333333,69.28333333333333,69.28333333333333,59,0,0,0,0,28,28,1.75,0.26666666666666666,66
prey > decoy,dense20,,5,60,3,0,0,0,0,0,0,0,0,29,29,1.75,,3
prey > detonate,dense20,,3,60,3,578.9166666666666,578.9166666666666,578.9166666666666,484,0,0,0,0,46,46,1.0499999999999994,0.06666666666666667,355.3333333333333
prey > launch,dense20,,3,60,3,183.2222222222222,176.33333333333334,186.66666666666666,156.33333333333334,0,0,0,0,48,48,1.0499999999999992,0.06666666666666667,206
prey > boomerang,dense20,,4,60,3,8.7,8.7,8.7,7,0,0,0,0,37,37,1.3999999999999992,0.06666666666666667,14.333333333333334
prey > homing,dense20,,4,60,3,22,22,22,18,0,0,0,0,37,37,1.3999999999999992,0.06666666666666667,36.666666666666664
prey > laser,dense20,,4,60,3,8.166666666666666,8.166666666666666,8.166666666666666,7,0,0,0,0,35,35,1.3999999999999992,0.06666666666666667,14.333333333333334
prey > chain,dense20,,4,60,3,54.666666666666664,54.666666666666664,54.666666666666664,40,0,0,0,0,35,35,1.3999999999999992,0.06666666666666667,45.333333333333336
prey > meteor,dense20,,4,60,3,20.633333333333333,20.633333333333333,20.633333333333333,17,0,0,0,0,35,35,1.3999999999999992,0.8666666666666666,35
prey > blades,dense20,,5,60,3,33.46666666666667,33.46666666666667,33.46666666666667,28,0,0,0,0,29,29,1.75,0.06666666666666667,57.333333333333336
prey > root,dense20,,4,60,3,0,0,0,0,0.04994444444444374,0,0,0,37,37,1.3999999999999992,,0
prey > mark,dense20,,3,60,3,0,0,0,0,0,0,0,0,50,50,1.0499999999999992,,0
prey > burn,dense20,,4,60,3,21.566666666666666,21.566666666666666,21.566666666666666,18,0,0,0,0,37,37,1.3999999999999992,0.10000000000000002,36
prey > fear,dense20,,4,60,3,0,0,0,0,0.0536111111111102,0,0,0,37,37,1.3999999999999992,,0
prey > execute,dense20,,4,60,3,21.833333333333332,21.833333333333332,21.833333333333332,18,0,0,0,0,37,37,1.3999999999999992,0.06666666666666667,36.333333333333336
prey > drain,dense20,,4,60,3,22,22,22,18,0,50,0,0,37,37,1.3999999999999992,0.06666666666666667,36.666666666666664
prey > blink,dense20,,4,60,3,0,0,0,0,0,0,0,0,36,36,1.3999999999999992,,0
prey > dash,dense20,,4,60,3,0,0,0,0,0,0,0,0,36,36,1.3999999999999992,,0
prey > archer,dense20,,5,60,3,68,68,68,56.333333333333336,0,0,0,0,28,28,1.75,0.26666666666666666,64
prey > sacrifice,dense20,,3,60,3,577.3333333333334,577.3333333333334,577.3333333333334,484,0,0,0,0,46,46,1.0499999999999994,0.06666666666666667,355.3333333333333
prey > rally,dense20,,4,60,3,0,0,0,0,0,0,0,0,37,37,1.3999999999999992,,0
prey > ward,dense20,,6,60,3,0,0,0,0,0,0,0,0,30,20,1.566666666666667,,2
prey > spread,dense20,,3,60,3,0,0,0,0,0,0,0,0,46,46,1.0499999999999994,,0
prey > snipe,dense20,,5,60,3,33.833333333333336,33.833333333333336,33.833333333333336,29,0,0,0,0,29,29,1.75,0.06666666666666667,58.666666666666664
prey > refresh,dense20,,3,60,3,0,0,0,0,0,0,0,0,82,0,0.5,,0
prey > split,dense20,,3,60,3,0,0,0,0,0,0,0,0,44,44,1.0499999999999994,,0
prey > absorb,dense20,,3,60,3,56,56,56,48,0,50,0,0,48,48,1.0499999999999992,0.06666666666666667,96.33333333333333
prey > swap,dense20,,3,60,3,0,0,0,0,0,0,0,0,44,44,1.0499999999999994,,0
lastHit > bolt,dense20,,2,60,3,14.000000000000002,2.3333333333333335,37.333333333333336,12,0,0,0,0,75.66666666666667,24.333333333333332,0.5732510288065845,0.3444444444444444,12.333333333333334
lastHit > slash,dense20,,3,60,3,1.1666666666666667,1.1666666666666667,1.1666666666666667,1,0,0,0,0,80,3,0.520625,0.06666666666666667,1.3333333333333333
lastHit > explode,dense20,,3,60,3,1.1666666666666667,1.1666666666666667,1.1666666666666667,1,0,0,0,0,67,3,0.5246268656716417,0.06666666666666667,1.3333333333333333
lastHit > frost,dense20,,3,60,3,1.1666666666666667,1.1666666666666667,1.1666666666666667,1,0.014638888888888915,0,0,0,61,18,0.6622950819672132,0.06666666666666667,1.3333333333333333
lastHit > poison,dense20,,4,60,3,1.1666666666666667,1.1666666666666667,1.1666666666666667,1,0,0,0,0,66,3,0.540909090909091,0.06666666666666667,4
lastHit > vortex,dense20,,3,60,3,0,0,0,0,0,0,0,0,43,43,1.0499999999999994,,2
lastHit > shockwave,dense20,,2,60,3,1.1666666666666667,1.1666666666666667,1.1666666666666667,1,0,0,0,0,71,6,0.5169014084507043,0.06666666666666667,1
lastHit > summon,dense20,,4,60,3,16.655555555555555,9.4,28.1,12.333333333333334,0,0,0,0,57.333333333333336,5.333333333333333,0.585593220338983,0.26666666666666666,14
lastHit > heal,dense20,,4,60,3,0,0,0,0,0,0,0,0,35,35,1.3999999999999992,,0
lastHit > mend,dense20,,4,60,3,0,0,0,0,0,0,0,0,35,35,1.3999999999999992,,0
lastHit > shield,dense20,,3,60,3,0,0,0,0,0,0,0,0,43,43,1.0499999999999994,,0
lastHit > haste,dense20,,3,60,3,0,0,0,0,0,0,0,0,46,46,1.0499999999999994,,0
lastHit > rage,dense20,,3,60,3,0,0,0,0,0,0,0,0,46,46,1.0499999999999994,,0
lastHit > scatter,dense20,,3,60,3,1.1666666666666667,1.1666666666666667,1.1666666666666667,1,0,0,0,0,77,2,0.5142857142857143,0.06666666666666667,1
lastHit > lance,dense20,,3,60,3,1.1666666666666667,1.1666666666666667,1.1666666666666667,1,0,0,0,0,75,5,0.5366666666666666,0.06666666666666667,1
lastHit > focus,dense20,,3,60,3,0,0,0,0,0,0,0,0,46,46,1.0499999999999994,,0
lastHit > amplify,dense20,,3,60,3,0,0,0,0,0,0,0,0,46,46,1.0499999999999994,,0
lastHit > prolong,dense20,,2,60,3,0,0,0,0,0,0,0,0,78,0,0.5,,0
lastHit > regen,dense20,,3,60,3,0,0,0,0,0,0,0,0,46,46,1.0499999999999994,,0
lastHit > armor,dense20,,3,60,3,0,0,0,0,0,0,0,0,46,46,1.0499999999999994,,0
lastHit > pull,dense20,,2,60,3,0,0,0,0,0,0,0,0,62,62,0.7000000000000005,,0
lastHit > harvest,dense20,,3,60,3,0,0,0,0,0,0,0,0,46,46,1.0499999999999994,,0
lastHit > orb,dense20,,3,60,3,62,46.5,77.5,48,0,0,0,0,76,3,0.5217105263157894,0.26666666666666666,50.666666666666664
lastHit > mine,dense20,,3,60,3,23.333333333333332,23.333333333333332,23.333333333333332,20,0,0,0,0,77,2,0.5142857142857143,0.5666666666666667,20
lastHit > turret,dense20,,4,60,3,5.566666666666666,5.566666666666666,5.566666666666666,4,0,0,0,0,62,2,0.529032258064516,0.26666666666666666,6
lastHit > decoy,dense20,,4,60,3,0,0,0,0,0,0,0,0,35,35,1.3999999999999992,,4
lastHit > detonate,dense20,,2,60,3,15.416666666666666,15.416666666666666,15.416666666666666,1,0,0,0,0,78,1,0.5025641025641026,0.06666666666666667,1
lastHit > launch,dense20,,2,60,3,3.8333333333333335,3.1666666666666665,4.666666666666667,1,0,0,0,0,82,1,0.5024390243902439,0.06666666666666667,1.6666666666666667
lastHit > boomerang,dense20,,3,60,3,1.1666666666666667,1.1666666666666667,1.1666666666666667,1,0,0,0,0,75,5,0.5366666666666666,0.06666666666666667,1
lastHit > homing,dense20,,3,60,3,1.1666666666666667,1.1666666666666667,1.1666666666666667,1,0,0,0,0,77,2,0.5142857142857143,0.06666666666666667,1
lastHit > laser,dense20,,3,60,3,1.1666666666666667,1.1666666666666667,1.1666666666666667,1,0,0,0,0,66,5,0.5416666666666666,0.06666666666666667,1
lastHit > chain,dense20,,3,60,3,9.333333333333334,9.333333333333334,9.333333333333334,8,0,0,0,0,66,6,0.5499999999999999,0.06666666666666667,8.333333333333334
lastHit > meteor,dense20,,3,60,3,1.1666666666666667,1.1666666666666667,1.1666666666666667,1,0,0,0,0,68,2,0.5161764705882353,0.8666666666666666,1
lastHit > blades,dense20,,4,60,3,1.1666666666666667,1.1666666666666667,1.1666666666666667,1,0,0,0,0,68,1,0.513235294117647,0.06666666666666667,2
lastHit > root,dense20,,3,60,3,0,0,0,0,0.04994444444444374,0,0,0,46,46,1.0499999999999994,,0
lastHit > mark,dense20,,2,60,3,0,0,0,0,0,0,0,0,70,70,0.7000000000000007,,0
lastHit > burn,dense20,,3,60,3,1.1666666666666667,1.1666666666666667,1.1666666666666667,1,0,0,0,0,77,2,0.5142857142857143,0.10000000000000002,1
lastHit > fear,dense20,,3,60,3,0,0,0,0,0.04994444444444374,0,0,0,46,46,1.0499999999999994,,0
lastHit > execute,dense20,,3,60,3,1.1666666666666667,1.1666666666666667,1.1666666666666667,1,0,0,0,0,77,2,0.5142857142857143,0.06666666666666667,1
lastHit > drain,dense20,,3,60,3,1.1666666666666667,1.1666666666666667,1.1666666666666667,1,0,12,0,0,77,2,0.5142857142857143,0.06666666666666667,1
lastHit > blink,dense20,,3,60,3,0,0,0,0,0,0,0,0,44,44,1.0499999999999994,,0
lastHit > dash,dense20,,3,60,3,0,0,0,0,0,0,0,0,44,44,1.0499999999999994,,0
lastHit > archer,dense20,,4,60,3,6.222222222222221,5.333333333333333,8,4.666666666666667,0,0,0,0,59.666666666666664,2.3333333333333335,0.5352542372881356,0.26666666666666666,7
lastHit > sacrifice,dense20,,2,60,3,13.833333333333334,13.833333333333334,13.833333333333334,1,0,0,0,0,78,1,0.5025641025641026,0.06666666666666667,1
lastHit > rally,dense20,,3,60,3,0,0,0,0,0,0,0,0,46,46,1.0499999999999994,,0
lastHit > ward,dense20,,5,60,3,0,0,0,0,0,0,0,0,28,28,1.75,,2
lastHit > spread,dense20,,2,60,3,0,0,0,0,0,0,0,0,62,62,0.7000000000000005,,0
lastHit > snipe,dense20,,4,60,3,1.1666666666666667,1.1666666666666667,1.1666666666666667,1,0,0,0,0,68,1,0.513235294117647,0.06666666666666667,1
lastHit > refresh,dense20,,2,60,3,0,0,0,0,0,0,0,0,82,0,0.5,,0
lastHit > split,dense20,,2,60,3,0,0,0,0,0,0,0,0,58,58,0.7000000000000003,,0
lastHit > absorb,dense20,,2,60,3,1.1666666666666667,1.1666666666666667,1.1666666666666667,1,0,6,0,0,82,1,0.5024390243902439,0.06666666666666667,1
lastHit > swap,dense20,,2,60,3,0,0,0,0,0,0,0,0,58,58,0.7000000000000003,,0
all > bolt,dense20,,6,60,3,269.1666666666667,262.8333333333333,278.5,229.66666666666666,0,0,0,0,3,371.6666666666667,20.53333333333333,0.03333333333333333,364
all > slash,dense20,,7,60,3,135.2222222222222,132.5,139.46666666666667,107.33333333333333,0,0,192,0,8,309.3333333333333,8.1,0.03333333333333333,74.66666666666667
all > explode,dense20,,7,60,3,104.66666666666667,101.6,108.9,86,0,0,104,0,4,192.66666666666666,16.599999999999998,0.03333333333333333,74.66666666666667
all > frost,dense20,,7,60,3,83.10555555555555,79.5,87.5,65.33333333333333,0.03684259259259264,0,12,0,3,251.33333333333334,23.144444444444442,0.03333333333333333,84.66666666666667
all > poison,dense20,,8,60,3,80.8,77.7,85.36666666666666,65,0,0,0,0,3,210.33333333333334,23.53333333333333,0.03333333333333333,72.66666666666667
all > vortex,dense20,,7,60,3,81.61111111111111,77.9,86.53333333333333,65.66666666666667,0,50,0,366,3.6666666666666665,195.33333333333334,18.275,0.03333333333333333,62.666666666666664
all > shockwave,dense20,,6,60,3,97.27777777777777,93.7,101.76666666666667,73,0,0,60,0,5,208.66666666666666,12.283333333333337,0.03333333333333333,72.66666666666667
all > summon,dense20,,8,60,3,101.80555555555556,99,105.63333333333334,82.33333333333333,0,0,0,0,2,156,33.6,0.03333333333333333,103.33333333333333
all > heal,dense20,,8,60,3,86.24444444444445,83.36666666666666,90.36666666666666,65,0,674.6666666666666,0,0,7,160,9.357142857142858,0.03333333333333333,85.66666666666667
all > mend,dense20,,8,60,3,87.91111111111111,85.03333333333333,92.03333333333333,65,0,774.6666666666666,0,0,7,160,9.357142857142858,0.03333333333333333,86
all > shield,dense20,,7,60,3,80.94444444444444,78.06666666666666,85.06666666666666,65,0,0,0,0,7,160,9.007142857142856,0.03333333333333333,85
all > haste,dense20,,7,60,3,81.24444444444445,78.36666666666666,85.36666666666666,65,0,0,0,0,4,337.3333333333333,19.116666666666664,0.03333333333333333,85
all > rage,dense20,,7,60,3,91.84999999999998,88.15833333333333,96.23333333333333,70.66666666666667,0,0,0,0,9,201,6.716666666666666,0.03333333333333333,92.33333333333333
all > scatter,dense20,,7,60,3,93.33333333333333,93.33333333333333,93.33333333333333,80,0,0,30,0,7,241,9.135714285714286,0.03333333333333333,32
all > lance,dense20,,7,60,3,106.34444444444445,103.66666666666667,110.06666666666666,85.66666666666667,0,0,96,0,6,235,10.083333333333334,0.03333333333333333,73
all > focus,dense20,,7,60,3,99.27777777777777,95.41666666666667,105.33333333333333,73.66666666666667,0,0,0,0,9,199,6.672222222222222,0.03333333333333333,93
all > amplify,dense20,,7,60,3,83.41111111111111,81.3,86.66666666666667,66.66666666666667,0,0,0,0,4,357,20.099999999999998,0.03333333333333333,87
all > prolong,dense20,,6,60,3,208.94444444444446,203.53333333333333,219.21666666666667,175,0,0,0,0,16,133,3.5624999999999987,0.03333333333333333,197.66666666666666
all > regen,dense20,,7,60,3,81.39703703703702,78.46444444444442,85.52222222222221,65,0,383.8222222221986,0,0,9,208,6.872222222222224,0.03333333333333333,85.33333333333333
all > armor,dense20,,7,60,3,80.40555555555555,77.61666666666666,84.5,64.33333333333333,0,0,0,0,9,208,6.872222222222224,0.03333333333333333,85
all > pull,dense20,,6,60,3,88.56111111111112,88.48333333333333,88.7,74.33333333333333,0,62,0,458,9,213,6.633333333333332,0.03333333333333333,32
all > magnet,dense20,,6,60,3,81.24444444444445,78.36666666666666,85.36666666666666,65,0,50,0,402,62.333333333333336,58,0.7326847584912101,0.03333333333333333,49.666666666666664
all > harvest,dense20,,7,60,3,81.24444444444445,78.36666666666666,85.36666666666666,65,0,0,0,0,4,294,16.95,0.03333333333333333,85
all > orb,dense20,,7,60,3,551.3555555555555,516.3333333333334,569.6,470.3333333333333,0,0,0,0,3,605.6666666666666,42.62777777777777,0.03333333333333333,365.3333333333333
all > mine,dense20,,7,60,3,456.9444444444444,456.1666666666667,457.3333333333333,391.6666666666667,0,0,0,0,3,552.3333333333334,39.07222222222222,0.03333333333333333,356.3333333333333
all > turret,dense20,,8,60,3,111.28333333333335,107.46666666666667,113.95,92,0,0,0,0,3,264.3333333333333,33.288888888888884,0.03333333333333333,118
all > decoy,dense20,,8,60,3,40.111111111111114,40.1,40.13333333333333,32.333333333333336,0,0,0,0,3,183.66666666666666,20.866666666666667,0.03333333333333333,57.666666666666664
all > detonate,dense20,,6,60,3,140,140,140,120,0,0,0,0,6,254,10.366666666666665,0.03333333333333333,32
all > launch,dense20,,6,60,3,378.38888888888886,365.8333333333333,385.5,317.3333333333333,0,0,0,0,5,389.6666666666667,13.64,0.03333333333333333,141.33333333333334
all > boomerang,dense20,,7,60,3,106.34444444444445,103.66666666666667,110.06666666666666,85.66666666666667,0,0,96,0,6,235,10.083333333333334,0.03333333333333333,73
all > homing,dense20,,7,60,3,93.33333333333333,93.33333333333333,93.33333333333333,80,0,0,30,0,7,241,9.135714285714286,0.03333333333333333,32
all > laser,dense20,,7,60,3,97.72222222222223,94.7,101.76666666666667,73.33333333333333,0,0,64,0,4,188,16.25,0.03333333333333333,73
all > chain,dense20,,7,60,3,145.44444444444443,141.16666666666666,150.5,124.66666666666667,0,0,0,0,3,312.3333333333333,33.38333333333333,0.03333333333333333,139
all > meteor,dense20,,7,60,3,80.8,77.7,85.36666666666666,65,0,0,0,0,3,210.33333333333334,23.183333333333334,0.03333333333333333,81.66666666666667
all > blades,dense20,,8,60,3,80.8,77.7,85.36666666666666,65,0,0,0,0,3,210.33333333333334,23.53333333333333,0.03333333333333333,72.66666666666667
all > root,dense20,,7,60,3,81.24444444444445,78.36666666666666,85.36666666666666,65,0.08518518518518248,0,0,0,4,351,19.8,0.03333333333333333,85
all > mark,dense20,,6,60,3,82.73888888888888,80.63333333333334,86.35,66,0,0,0,0,6,546,11.100000000000001,0.03333333333333333,86.66666666666667
all > burn,dense20,,7,60,3,146.61111111111111,145.83333333333334,147,125.66666666666667,0,0,35,0,6,265.3333333333333,11.094444444444443,0.03333333333333333,36.666666666666664
all > fear,dense20,,7,60,3,53.06111111111111,52.916666666666664,53.35,33.666666666666664,0.10277777777777408,0,0,0,4,256,15.049999999999999,0.03333333333333333,56.333333333333336
all > execute,dense20,,7,60,3,93.33333333333333,93.33333333333333,93.33333333333333,80,0,0,0,0,7,240,9.107142857142856,0.03333333333333333,32
all > drain,dense20,,7,60,3,93.33333333333333,93.33333333333333,93.33333333333333,80,0,360,0,0,7,241,9.135714285714286,0.03333333333333333,32
all > blink,dense20,,7,60,3,80.61666666666666,77.31666666666666,84.73333333333333,65.33333333333333,0,0,0,0,3,252.33333333333334,23.227777777777774,0.03333333333333333,87
all > dash,dense20,,7,60,3,80.34444444444443,77.26666666666667,84.1,65.66666666666667,0,0,0,0,3,251.66666666666666,23.17222222222222,0.03333333333333333,86.66666666666667
all > archer,dense20,,8,60,3,96.1388888888889,93.16666666666667,100.1,77,0,0,0,0,2,152,32.800000000000004,0.03333333333333333,97
all > sacrifice,dense20,,6,60,3,140,140,140,120,0,0,0,0,6,254,10.366666666666665,0.03333333333333333,32
all > rally,dense20,,7,60,3,115.32222222222224,110.06666666666666,123.25,91,0,0,0,0,3,301.3333333333333,22.338888888888892,0.03333333333333333,109.66666666666667
all > ward,dense20,,9,60,3,80.8,77.7,85.36666666666666,65,0,0,0,0,2,151.66666666666666,33.083333333333336,0.03333333333333333,93.66666666666667
all > spread,dense20,,6,60,3,81.24444444444445,78.36666666666666,85.36666666666666,65,0,0,0,0,4,351,19.45,0.03333333333333333,85
all > snipe,dense20,,8,60,3,93.33333333333333,93.33333333333333,93.33333333333333,80,0,0,0,0,4,177.33333333333334,15.799999999999997,0.03333333333333333,32
all > refresh,dense20,,6,60,3,352.1666666666667,329.43333333333334,385,296,0,0,0,0,16,170,3.543750000000001,0.03333333333333333,322
all > split,dense20,,6,60,3,176.32777777777778,173.5,180.41666666666666,157.66666666666666,0,0,0,0,2,278.3333333333333,36.64166666666667,0.03333333333333333,369.6666666666667
all > absorb,dense20,,6,60,3,217.7777777777778,210,233.33333333333334,186.66666666666666,0,50,0,1012,8.333333333333334,291.6666666666667,7.218055555555555,0.03333333333333333,32
all > swap,dense20,,6,60,3,79.31666666666666,77.36666666666666,80.58333333333333,62,0,50,0,384,7,140.66666666666666,6.873809523809524,0.03333333333333333,44
nearestEnemy > bolt,dense20,,2,60,3,37.333333333333336,37.333333333333336,37.333333333333336,32,0,0,0,0,65,65,0.7000000000000005,0.3333333333333333,33.333333333333336
nearestEnemy > slash,dense20,,3,60,3,18.666666666666668,18.666666666666668,18.666666666666668,16,0,0,0,0,48,48,1.0499999999999992,0.06666666666666667,16.666666666666668
nearestEnemy > explode,dense20,,3,60,3,16.766666666666666,16.766666666666666,16.766666666666666,14,0,0,0,0,43,43,1.0499999999999994,0.06666666666666667,14.666666666666666
nearestEnemy > frost,dense20,,3,60,3,2.8666666666666667,2.8666666666666667,2.8666666666666667,2,0.03616666666666675,0,0,0,44,44,1.0499999999999994,0.06666666666666667,2.3333333333333335
nearestEnemy > poison,dense20,,4,60,3,13.733333333333333,13.733333333333333,13.733333333333333,11,0,0,0,0,35,35,1.3999999999999992,0.06666666666666667,14
nearestEnemy > vortex,dense20,,3,60,3,0,0,0,0,0,0,0,0,43,43,1.0499999999999994,,2
nearestEnemy > shockwave,dense20,,2,60,3,11.5,11.5,11.5,9,0,0,0,0,58,58,0.7000000000000003,0.06666666666666667,9.333333333333334
nearestEnemy > summon,dense20,,4,60,3,94.94444444444446,94.93333333333334,94.96666666666667,79.66666666666667,0,0,0,0,33,33,1.3999999999999992,0.26666666666666666,86.66666666666667
nearestEnemy > heal,dense20,,4,60,3,0,0,0,0,0,0,0,0,35,35,1.3999999999999992,,0
nearestEnemy > mend,dense20,,4,60,3,0,0,0,0,0,0,0,0,35,35,1.3999999999999992,,0
nearestEnemy > shield,dense20,,3,60,3,0,0,0,0,0,0,0,0,43,43,1.0499999999999994,,0
nearestEnemy > haste,dense20,,3,60,3,0,0,0,0,0,0,0,0,46,46,1.0499999999999994,,0
nearestEnemy > rage,dense20,,3,60,3,0,0,0,0,0,0,0,0,46,46,1.0499999999999994,,0
nearestEnemy > scatter,dense20,,3,60,3,27.833333333333332,27.833333333333332,27.833333333333332,23,0,0,0,0,46,46,1.0499999999999994,0.06666666666666667,23.666666666666668
nearestEnemy > lance,dense20,,3,60,3,11.033333333333333,11.033333333333333,11.033333333333333,9,0,0,0,0,46,46,1.0499999999999994,0.06666666666666667,9
nearestEnemy > focus,dense20,,3,60,3,0,0,0,0,0,0,0,0,46,46,1.0499999999999994,,0
nearestEnemy > amplify,dense20,,3,60,3,0,0,0,0,0,0,0,0,46,46,1.0499999999999994,,0
nearestEnemy > prolong,dense20,,2,60,3,0,0,0,0,0,0,0,0,78,0,0.5,,0
nearestEnemy > regen,dense20,,3,60,3,0,0,0,0,0,0,0,0,46,46,1.0499999999999994,,0
nearestEnemy > armor,dense20,,3,60,3,0,0,0,0,0,0,0,0,46,46,1.0499999999999994,,0
nearestEnemy > pull,dense20,,2,60,3,0,0,0,0,0,0,0,0,62,62,0.7000000000000005,,0
nearestEnemy > harvest,dense20,,3,60,3,0,0,0,0,0,0,0,0,46,46,1.0499999999999994,,0
nearestEnemy > orb,dense20,,3,60,3,953.3777777777777,903.2,1053.7333333333333,810.6666666666666,0,0,0,0,46,46,1.0499999999999994,0.26666666666666666,367
nearestEnemy > mine,dense20,,3,60,3,536.6666666666666,536.6666666666666,536.6666666666666,460,0,0,0,0,46,46,1.0499999999999994,0.5666666666666667,353.6666666666667
nearestEnemy > turret,dense20,,4,60,3,83.13333333333334,83.13333333333334,83.13333333333334,71,0,0,0,0,34,34,1.3999999999999992,0.26666666666666666,79
nearestEnemy > decoy,dense20,,4,60,3,0,0,0,0,0,0,0,0,35,35,1.3999999999999992,,4
nearestEnemy > detonate,dense20,,2,60,3,774.9166666666666,774.9166666666666,774.9166666666666,652,0,0,0,0,62,62,0.7000000000000005,0.06666666666666667,355.3333333333333
nearestEnemy > launch,dense20,,2,60,3,249.44444444444446,239.66666666666666,254.33333333333334,208.66666666666666,0,0,0,0,65,65,0.7000000000000005,0.06666666666666667,212.66666666666666
nearestEnemy > boomerang,dense20,,3,60,3,11.033333333333333,11.033333333333333,11.033333333333333,9,0,0,0,0,46,46,1.0499999999999994,0.06666666666666667,9
nearestEnemy > homing,dense20,,3,60,3,27.833333333333332,27.833333333333332,27.833333333333332,23,0,0,0,0,46,46,1.0499999999999994,0.06666666666666667,23.666666666666668
nearestEnemy > laser,dense20,,3,60,3,10.133333333333333,10.133333333333333,10.133333333333333,8,0,0,0,0,43,43,1.0499999999999994,0.06666666666666667,8
nearestEnemy > chain,dense20,,3,60,3,66.93333333333334,66.93333333333334,66.93333333333334,56,0,0,0,0,43,43,1.0499999999999994,0.06666666666666667,57.333333333333336
nearestEnemy > meteor,dense20,,3,60,3,25.3,25.3,25.3,21,0,0,0,0,43,43,1.0499999999999994,0.8666666666666666,22.333333333333332
nearestEnemy > blades,dense20,,4,60,3,40.46666666666667,40.46666666666667,40.46666666666667,34,0,0,0,0,35,35,1.3999999999999992,0.06666666666666667,35
nearestEnemy > root,dense20,,3,60,3,0,0,0,0,0.04994444444444374,0,0,0,46,46,1.0499999999999994,,0
nearestEnemy > mark,dense20,,2,60,3,0,0,0,0,0,0,0,0,70,70,0.7000000000000007,,0
nearestEnemy > burn,dense20,,3,60,3,26.899999999999995,26.9,26.9,23,0,0,0,0,46,46,1.0499999999999994,0.10000000000000002,23
nearestEnemy > fear,dense20,,3,60,3,0,0,0,0,0.06883333333333157,0,0,0,49,42,0.971428571428571,,0
nearestEnemy > execute,dense20,,3,60,3,27.666666666666668,27.666666666666668,27.666666666666668,23,0,0,0,0,46,46,1.0499999999999994,0.06666666666666667,23
nearestEnemy > drain,dense20,,3,60,3,27.833333333333332,27.833333333333332,27.833333333333332,23,0,50,0,0,46,46,1.0499999999999994,0.06666666666666667,23.666666666666668
nearestEnemy > blink,dense20,,3,60,3,0,0,0,0,0,0,0,0,44,44,1.0499999999999994,,0
nearestEnemy > dash,dense20,,3,60,3,0,0,0,0,0,0,0,0,44,44,1.0499999999999994,,0
nearestEnemy > archer,dense20,,4,60,3,81.33333333333333,81.33333333333333,81.33333333333333,68.66666666666667,0,0,0,0,33,33,1.3999999999999992,0.26666666666666666,74
nearestEnemy > sacrifice,dense20,,2,60,3,773.3333333333334,773.3333333333334,773.3333333333334,652,0,0,0,0,62,62,0.7000000000000005,0.06666666666666667,355.3333333333333
nearestEnemy > rally,dense20,,3,60,3,0,0,0,0,0,0,0,0,46,46,1.0499999999999994,,0
nearestEnemy > ward,dense20,,5,60,3,0,0,0,0,0,0,0,0,37,20,1.1756756756756757,,2
nearestEnemy > spread,dense20,,2,60,3,0,0,0,0,0,0,0,0,62,62,0.7000000000000005,,0
nearestEnemy > snipe,dense20,,4,60,3,40.833333333333336,40.833333333333336,40.833333333333336,35,0,0,0,0,35,35,1.3999999999999992,0.06666666666666667,35
nearestEnemy > refresh,dense20,,2,60,3,0,0,0,0,0,0,0,0,82,0,0.5,,0
nearestEnemy > split,dense20,,2,60,3,0,0,0,0,0,0,0,0,58,58,0.7000000000000003,,0
nearestEnemy > absorb,dense20,,2,60,3,75.83333333333333,75.83333333333333,75.83333333333333,65,0,50,0,0,65,65,0.7000000000000005,0.06666666666666667,66.33333333333333
nearestEnemy > swap,dense20,,2,60,3,0,0,0,0,0,0,0,0,58,58,0.7000000000000003,,0
woundedEnemies > bolt,dense20,,4,60,3,0,0,0,0,0,0,0,0,82,0,0.5,,0
woundedEnemies > slash,dense20,,5,60,3,0,0,0,0,0,0,0,0,82,0,0.5,,0
woundedEnemies > explode,dense20,,5,60,3,0,0,0,0,0,0,0,0,69,0,0.5,,0
woundedEnemies > frost,dense20,,5,60,3,0,0,0,0,0,0,0,0,72,0,0.5,,0
woundedEnemies > poison,dense20,,6,60,3,0,0,0,0,0,0,0,0,69,0,0.5,,0
woundedEnemies > vortex,dense20,,5,60,3,0,0,0,0,0,0,0,0,69,0,0.5,,0
woundedEnemies > shockwave,dense20,,4,60,3,0,0,0,0,0,0,0,0,72,0,0.5,,0
woundedEnemies > summon,dense20,,6,60,3,0,0,0,0,0,0,0,0,62,0,0.5,,0
woundedEnemies > heal,dense20,,6,60,3,0,0,0,0,0,0,0,0,69,0,0.5,,0
woundedEnemies > mend,dense20,,6,60,3,0,0,0,0,0,0,0,0,69,0,0.5,,0
woundedEnemies > shield,dense20,,5,60,3,0,0,0,0,0,0,0,0,69,0,0.5,,0
woundedEnemies > haste,dense20,,5,60,3,0,0,0,0,0,0,0,0,78,0,0.5,,0
woundedEnemies > rage,dense20,,5,60,3,0,0,0,0,0,0,0,0,78,0,0.5,,0
woundedEnemies > scatter,dense20,,5,60,3,0,0,0,0,0,0,0,0,78,0,0.5,,0
woundedEnemies > lance,dense20,,5,60,3,0,0,0,0,0,0,0,0,78,0,0.5,,0
woundedEnemies > focus,dense20,,5,60,3,0,0,0,0,0,0,0,0,78,0,0.5,,0
woundedEnemies > amplify,dense20,,5,60,3,0,0,0,0,0,0,0,0,78,0,0.5,,0
woundedEnemies > prolong,dense20,,4,60,3,0,0,0,0,0,0,0,0,78,0,0.5,,0
woundedEnemies > regen,dense20,,5,60,3,0,0,0,0,0,0,0,0,78,0,0.5,,0
woundedEnemies > armor,dense20,,5,60,3,0,0,0,0,0,0,0,0,78,0,0.5,,0
woundedEnemies > pull,dense20,,4,60,3,0,0,0,0,0,0,0,0,78,0,0.5,,0
woundedEnemies > harvest,dense20,,5,60,3,0,0,0,0,0,0,0,0,78,0,0.5,,0
woundedEnemies > orb,dense20,,5,60,3,0,0,0,0,0,0,0,0,78,0,0.5,,0
woundedEnemies > mine,dense20,,5,60,3,0,0,0,0,0,0,0,0,78,0,0.5,,0
woundedEnemies > turret,dense20,,6,60,3,0,0,0,0,0,0,0,0,64,0,0.5,,0
woundedEnemies > decoy,dense20,,6,60,3,0,0,0,0,0,0,0,0,69,0,0.5,,0
woundedEnemies > detonate,dense20,,4,60,3,0,0,0,0,0,0,0,0,78,0,0.5,,0
woundedEnemies > launch,dense20,,4,60,3,0,0,0,0,0,0,0,0,82,0,0.5,,0
woundedEnemies > boomerang,dense20,,5,60,3,0,0,0,0,0,0,0,0,78,0,0.5,,0
woundedEnemies > homing,dense20,,5,60,3,0,0,0,0,0,0,0,0,78,0,0.5,,0
woundedEnemies > laser,dense20,,5,60,3,0,0,0,0,0,0,0,0,69,0,0.5,,0
woundedEnemies > chain,dense20,,5,60,3,0,0,0,0,0,0,0,0,69,0,0.5,,0
woundedEnemies > meteor,dense20,,5,60,3,0,0,0,0,0,0,0,0,69,0,0.5,,0
woundedEnemies > blades,dense20,,6,60,3,0,0,0,0,0,0,0,0,69,0,0.5,,0
woundedEnemies > root,dense20,,5,60,3,0,0,0,0,0,0,0,0,78,0,0.5,,0
woundedEnemies > mark,dense20,,4,60,3,0,0,0,0,0,0,0,0,90,0,0.5,,0
woundedEnemies > burn,dense20,,5,60,3,0,0,0,0,0,0,0,0,78,0,0.5,,0
woundedEnemies > fear,dense20,,5,60,3,0,0,0,0,0,0,0,0,78,0,0.5,,0
woundedEnemies > execute,dense20,,5,60,3,0,0,0,0,0,0,0,0,78,0,0.5,,0
woundedEnemies > drain,dense20,,5,60,3,0,0,0,0,0,0,0,0,78,0,0.5,,0
woundedEnemies > blink,dense20,,5,60,3,0,0,0,0,0,0,0,0,72,0,0.5,,0
woundedEnemies > dash,dense20,,5,60,3,0,0,0,0,0,0,0,0,72,0,0.5,,0
woundedEnemies > archer,dense20,,6,60,3,0,0,0,0,0,0,0,0,62,0,0.5,,0
woundedEnemies > sacrifice,dense20,,4,60,3,0,0,0,0,0,0,0,0,78,0,0.5,,0
woundedEnemies > rally,dense20,,5,60,3,0,0,0,0,0,0,0,0,78,0,0.5,,0
woundedEnemies > ward,dense20,,7,60,3,0,0,0,0,0,0,0,0,62,0,0.5,,0
woundedEnemies > spread,dense20,,4,60,3,0,0,0,0,0,0,0,0,78,0,0.5,,0
woundedEnemies > snipe,dense20,,6,60,3,0,0,0,0,0,0,0,0,69,0,0.5,,0
woundedEnemies > refresh,dense20,,4,60,3,0,0,0,0,0,0,0,0,82,0,0.5,,0
woundedEnemies > split,dense20,,4,60,3,0,0,0,0,0,0,0,0,72,0,0.5,,0
woundedEnemies > absorb,dense20,,4,60,3,0,0,0,0,0,0,0,0,82,0,0.5,,0
woundedEnemies > swap,dense20,,4,60,3,0,0,0,0,0,0,0,0,72,0,0.5,,0
pickups > bolt,dense20,,3,60,3,116.27777777777779,111.66666666666667,122.16666666666667,98.33333333333333,0,0,0,0,28,199,1.968133096150338,0.35555555555555557,111
pickups > slash,dense20,,4,60,3,0,0,0,0,0,0,0,0,80,6,0.520625,,6
pickups > explode,dense20,,4,60,3,0,0,0,0,0,0,0,0,67,6,0.535820895522388,,6
pickups > frost,dense20,,4,60,3,0,0,0,0,0,0,0,0,21,126,2.6499999999999995,,6
pickups > poison,dense20,,5,60,3,0,0,0,0,0,0,0,0,66,6,0.5416666666666666,,6
pickups > vortex,dense20,,4,60,3,0,0,0,0,0,50,0,0,67,6,0.535820895522388,,12
pickups > shockwave,dense20,,3,60,3,0,0,0,0,0,0,0,0,70,6,0.5257142857142857,,6
pickups > summon,dense20,,5,60,3,113.67777777777779,112.1,116.76666666666667,93.66666666666667,0,0,0,0,14.333333333333334,94,3.9785714285714278,0.26666666666666666,107
pickups > haste,dense20,,4,60,3,0,0,0,0,0,0,0,0,23,138,2.399999999999999,,6
pickups > scatter,dense20,,4,60,3,0,0,0,0,0,0,0,0,76,6,0.525,,6
pickups > lance,dense20,,4,60,3,0,0,0,0,0,0,0,0,76,6,0.525,,6
pickups > amplify,dense20,,4,60,3,0,0,0,0,0,0,0,0,23,138,2.399999999999999,,6
pickups > pull,dense20,,3,60,3,0,0,0,0,0,50,0,0,76,6,0.5203947368421052,,6
pickups > magnet,dense20,,3,60,3,0,0,0,0,0,50,0,0,80,6,0.51625,,6
pickups > orb,dense20,,4,60,3,1194.111111111111,1136.0333333333333,1299.1666666666667,1015.6666666666666,0,0,0,0,15,196.33333333333334,3.8177777777777777,0.26666666666666666,373.3333333333333
pickups > mine,dense20,,4,60,3,1601.111111111111,1548.8333333333333,1644.5,1372,0,0,0,0,13,212.33333333333334,4.466666666666667,0.5666666666666667,377.6666666666667
pickups > turret,dense20,,5,60,3,142.4611111111111,141.98333333333332,142.88333333333333,119.66666666666667,0,0,0,0,15.333333333333334,97,3.616666666666667,0.26666666666666666,139.33333333333334
pickups > decoy,dense20,,5,60,3,0,0,0,0,0,0,0,0,17,102,3.25,,18
pickups > detonate,dense20,,3,60,3,33.333333333333336,23.333333333333332,38.333333333333336,20,0,0,0,0,76,6.666666666666667,0.525219298245614,0.06666666666666667,20.666666666666668
pickups > launch,dense20,,3,60,3,18.277777777777775,18.166666666666668,18.333333333333332,7.666666666666667,0,0,0,0,80,6,0.51625,0.06666666666666667,8.333333333333334
pickups > boomerang,dense20,,4,60,3,0,0,0,0,0,0,0,0,76,6,0.525,,6
pickups > homing,dense20,,4,60,3,0,0,0,0,0,0,0,0,76,6,0.525,,6
pickups > laser,dense20,,4,60,3,0,0,0,0,0,0,0,0,67,6,0.535820895522388,,6
pickups > chain,dense20,,4,60,3,189.70000000000002,187.06666666666666,193.63333333333333,157,0,0,0,0,16.666666666666668,122.66666666666667,3.3159722222222214,0.06666666666666667,167
pickups > meteor,dense20,,4,60,3,0,0,0,0,0,0,0,0,67,6,0.535820895522388,,12
pickups > blades,dense20,,5,60,3,0,0,0,0,0,0,0,0,66,6,0.5416666666666666,,6
pickups > root,dense20,,4,60,3,0,0,0,0,0,0,0,0,23,138,2.399999999999999,,6
pickups > mark,dense20,,3,60,3,0,0,0,0,0,0,0,0,36,216,1.549999999999999,,6
pickups > burn,dense20,,4,60,3,0,0,0,0,0,0,0,0,76,6,0.525,,6
pickups > fear,dense20,,4,60,3,0,0,0,0,0,0,0,0,74,12,0.5513513513513513,,6
pickups > execute,dense20,,4,60,3,0,0,0,0,0,0,0,0,76,6,0.525,,6
pickups > drain,dense20,,4,60,3,0,0,0,0,0,36,0,0,76,6,0.525,,6
pickups > blink,dense20,,4,60,3,0,0,0,0,0,0,0,0,64,18,0.60078125,,6
pickups > dash,dense20,,4,60,3,0,0,0,0,0,0,0,0,64,18,0.60078125,,6
pickups > archer,dense20,,5,60,3,96,93,100,79,0,0,0,0,14.333333333333334,92.66666666666667,3.94047619047619,0.26666666666666666,92.66666666666667
pickups > sacrifice,dense20,,3,60,3,32.22222222222222,23.333333333333332,36.666666666666664,20,0,0,0,0,76,6.666666666666667,0.525219298245614,0.06666666666666667,20.666666666666668
pickups > rally,dense20,,4,60,3,0,0,0,0,0,0,0,0,23,138,2.399999999999999,,6
pickups > ward,dense20,,6,60,3,0,0,0,0,0,0,0,0,58,6,0.5620689655172414,,12
pickups > spread,dense20,,3,60,3,0,0,0,0,0,0,0,0,26,156,2.049999999999999,,6
pickups > snipe,dense20,,5,60,3,0,0,0,0,0,0,0,0,66,6,0.5416666666666666,,6
pickups > split,dense20,,3,60,3,0,0,0,0,0,41.666666666666664,0,0,6,377,16.50833333333333,,382
pickups > absorb,dense20,,3,60,3,0,0,0,0,0,50,0,0,81,0,0.5,,6
pickups > swap,dense20,,3,60,3,0,0,0,0,0,25,0,0,42,42,1.0499999999999996,,6
,spread8,,0,60,3,0,0,0,0,0,0,0,0,0,0,0,,0
self,spread8,,1,60,3,0,0,0,0,0,0,0,0,0,0,0,,0
enemies,spread8,,6,60,3,0,0,0,0,0,0,0,0,0,0,0,,0
ahead,spread8,,1,60,3,0,0,0,0,0,0,0,0,0,0,0,,0
behind,spread8,,1,60,3,0,0,0,0,0,0,0,0,0,0,0,,0
randomPoint,spread8,,1,60,3,0,0,0,0,0,0,0,0,0,0,0,,0
fallen,spread8,,2,60,3,0,0,0,0,0,0,0,0,0,0,0,,0
objects,spread8,,3,60,3,4.966666666666667,4.966666666666667,4.966666666666667,4,0,0,0,0,0,0,0,0.2333333333333333,8.333333333333334
allies,spread8,,3,60,3,16.1,16.1,16.1,12,0,0,0,0,0,0,0,0.2333333333333333,20
zones,spread8,,3,60,3,3.3333333333333335,3.3333333333333335,3.3333333333333335,2,0,0,0,0,0,0,0,0.03333333333333333,8
shots,spread8,,3,60,3,1,1,1,0,0,0,0,0,0,0,0,0.06666666666666667,6
gems,spread8,,2,60,3,0,0,0,0,0,0,0,0,0,0,0,,6
prey,spread8,,2,60,3,0,0,0,0,0,0,0,0,0,0,0,,0
lastHit,spread8,,1,60,3,0,0,0,0,0,0,0,0,0,0,0,,0
all,spread8,,5,60,3,22,22,22,18,0,0,0,0,0,0,0,0.03333333333333333,39.333333333333336
nearestEnemy,spread8,,1,60,3,0,0,0,0,0,0,0,0,0,0,0,,0
woundedEnemies,spread8,,3,60,3,0,0,0,0,0,0,0,0,0,0,0,,0
pickups,spread8,,2,60,3,0,0,0,0,0,0,0,0,0,0,0,,6
self > bolt,spread8,,2,60,3,24.833333333333332,24.833333333333332,24.833333333333332,21,0,0,0,0,65,65,0.7000000000000005,0.5666666666666667,23
self > slash,spread8,,3,60,3,0,0,0,0,0,0,1152,0,48,48,1.0499999999999992,,0
self > explode,spread8,,3,60,3,0,0,0,0,0,0,1118,0,43,43,1.0499999999999994,,0
self > frost,spread8,,3,60,3,0,0,0,0,0,0,100,0,25,25,1.0500000000000005,,0
self > poison,spread8,,4,60,3,0,0,0,0,0,0,486,0,35,35,1.3999999999999992,,3
self > vortex,spread8,,3,60,3,0,0,0,0,0,0,0,0,43,43,1.0499999999999994,,2
self > shockwave,spread8,,2,60,3,0,0,0,0,0,0,708,0,58,58,0.7000000000000003,,0
self > summon,spread8,,4,60,3,82.22222222222223,82.13333333333334,82.33333333333333,67.33333333333333,0,0,0,0,33,33,1.3999999999999992,1.3777777777777789,74.66666666666667
self > heal,spread8,,4,60,3,0,0,0,0,0,50,0,0,35,35,1.3999999999999992,,0
self > mend,spread8,,4,60,3,0,0,0,0,0,50,0,0,35,35,1.3999999999999992,,0
self > shield,spread8,,3,60,3,0,0,0,0,0,0,0,0,43,43,1.0499999999999994,,0
self > haste,spread8,,3,60,3,0,0,0,0,0,0,0,0,46,46,1.0499999999999994,,0
self > scatter,spread8,,3,60,3,0,0,0,0,0,0,230,0,46,46,1.0499999999999994,,0
self > lance,spread8,,3,60,3,0,0,0,0,0,0,752,0,46,46,1.0499999999999994,,0
self > amplify,spread8,,3,60,3,0,0,0,0,0,0,0,0,46,46,1.0499999999999994,,0
self > regen,spread8,,3,60,3,0,0,0,0,0,50,0,0,46,46,1.0499999999999994,,0
self > armor,spread8,,3,60,3,0,0,0,0,0,0,0,0,46,46,1.0499999999999994,,0
self > orb,spread8,,3,60,3,0,0,0,0,0,0,0,0,46,46,1.0499999999999994,,7
self > mine,spread8,,3,60,3,0,0,0,0,0,0,0,0,46,46,1.0499999999999994,,12
self > turret,spread8,,4,60,3,82.56666666666666,82.56666666666666,82.56666666666666,70,0,0,0,0,34,34,1.3999999999999992,0.7333333333333333,86.33333333333333
self > decoy,spread8,,4,60,3,0,0,0,0,0,0,0,0,35,35,1.3999999999999992,,4
self > boomerang,spread8,,3,60,3,0,0,0,0,0,0,752,0,46,46,1.0499999999999994,,0
self > homing,spread8,,3,60,3,0,0,0,0,0,0,230,0,46,46,1.0499999999999994,,0
self > laser,spread8,,3,60,3,0,0,0,0,0,0,688,0,43,43,1.0499999999999994,,0
self > chain,spread8,,3,60,3,0,0,0,0,0,0,0,0,43,43,1.0499999999999994,,0
self > meteor,spread8,,3,60,3,0,0,0,0,0,0,2064,0,43,43,1.0499999999999994,,1
self > blades,spread8,,4,60,3,0,0,0,0,0,0,896,0,35,35,1.3999999999999992,,3
self > root,spread8,,3,60,3,0,0,0,0,0,0,0,0,46,46,1.0499999999999994,,0
self > mark,spread8,,2,60,3,0,0,0,0,0,0,0,0,70,70,0.7000000000000007,,0
self > burn,spread8,,3,60,3,0,0,0,0,0,0,113,0,46,46,1.0499999999999994,,0
self > fear,spread8,,3,60,3,0,0,0,0,0,0,0,0,46,46,1.0499999999999994,,0
self > execute,spread8,,3,60,3,0,0,0,0,0,0,0,0,46,46,1.0499999999999994,,0
self > drain,spread8,,3,60,3,0,0,0,0,0,0,230,0,46,46,1.0499999999999994,,0
self > blink,spread8,,3,60,3,0,0,0,0,0,0,0,0,44,44,1.0499999999999994,,0
self > dash,spread8,,3,60,3,0,0,0,0,0,0,0,0,44,44,1.0499999999999994,,0
self > archer,spread8,,4,60,3,81,81,81,65.66666666666667,0,0,0,0,33,33,1.3999999999999992,0.6,78.33333333333333
self > rally,spread8,,3,60,3,0,0,0,0,0,0,0,0,46,46,1.0499999999999994,,0
self > ward,spread8,,5,60,3,0,0,0,0,0,0,0,0,28,28,1.75,,2
self > spread,spread8,,2,60,3,0,0,0,0,0,0,0,0,62,62,0.7000000000000005,,0
self > snipe,spread8,,4,60,3,0,0,0,0,0,0,0,0,35,35,1.3999999999999992,,0
self > split,spread8,,2,60,3,0,0,0,0,0,0,0,0,58,58,0.7000000000000003,,6
enemies > bolt,spread8,,7,60,3,49.333333333333336,49.333333333333336,49.333333333333336,40,0,0,0,0,17,136,3.5,0.5666666666666667,48
enemies > slash,spread8,,8,60,3,46.666666666666664,46.666666666666664,46.666666666666664,40,0,0,0,0,15,120,3.850000000000001,0.06666666666666667,41
enemies > explode,spread8,,8,60,3,37.333333333333336,37.333333333333336,37.333333333333336,32,0,0,0,0,12,96,4.8999999999999995,0.06666666666666667,32.666666666666664
enemies > frost,spread8,,8,60,3,6.933333333333334,6.933333333333334,6.933333333333334,0,0.22388888888888156,0,0,0,13,104,4.549999999999999,0.06666666666666667,0
enemies > poison,spread8,,9,60,3,53.06666666666667,53.06666666666667,53.06666666666667,40,0,0,0,0,11,88,5.25,0.06666666666666667,48.666666666666664
enemies > vortex,spread8,,8,60,3,0,0,0,0,0,0,0,0,12,96,4.8999999999999995,,8
enemies > shockwave,spread8,,7,60,3,21.866666666666664,21.866666666666667,21.866666666666667,16,0,0,0,0,14,112,4.200000000000001,0.06666666666666667,16.333333333333332
enemies > summon,spread8,,9,60,3,109.8,109.8,109.8,90,0,0,0,0,10,80,5.95,0.26666666666666666,97.66666666666667
enemies > heal,spread8,,9,60,3,0,0,0,0,0,0,0,0,11,88,5.25,,0
enemies > mend,spread8,,9,60,3,0,0,0,0,0,0,0,0,11,88,5.25,,0
enemies > shield,spread8,,8,60,3,0,0,0,0,0,0,0,0,12,96,4.8999999999999995,,0
enemies > haste,spread8,,8,60,3,0,0,0,0,0,0,0,0,14,112,4.200000000000001,,0
enemies > rage,spread8,,8,60,3,0,0,0,0,0,0,0,0,14,112,4.200000000000001,,0
enemies > scatter,spread8,,8,60,3,65.33333333333333,65.33333333333333,65.33333333333333,56,0,0,0,0,14,112,4.200000000000001,0.06666666666666667,57.333333333333336
enemies > lance,spread8,,8,60,3,27.2,27.2,27.2,16,0,0,0,0,14,112,4.200000000000001,0.06666666666666667,16.666666666666668
enemies > focus,spread8,,8,60,3,0,0,0,0,0,0,0,0,14,112,4.200000000000001,,0
enemies > amplify,spread8,,8,60,3,0,0,0,0,0,0,0,0,14,112,4.200000000000001,,0
enemies > prolong,spread8,,7,60,3,0,0,0,0,0,0,0,0,78,0,0.5,,0
enemies > regen,spread8,,8,60,3,0,0,0,0,0,0,0,0,14,112,4.200000000000001,,0
enemies > armor,spread8,,8,60,3,0,0,0,0,0,0,0,0,14,112,4.200000000000001,,0
enemies > pull,spread8,,7,60,3,0,0,0,0,0,0,0,0,15,120,3.850000000000001,,0
enemies > harvest,spread8,,8,60,3,0,0,0,0,0,0,0,0,14,112,4.200000000000001,,0
enemies > orb,spread8,,8,60,3,143.6,143.6,143.6,120,0,0,0,0,14,112,4.200000000000001,0.26666666666666666,135.33333333333334
enemies > mine,spread8,,8,60,3,65.33333333333333,65.33333333333333,65.33333333333333,56,0,0,0,0,14,112,4.200000000000001,0.5666666666666667,56
enemies > turret,spread8,,9,60,3,140,140,140,120,0,0,0,0,10,80,5.6000000000000005,0.26666666666666666,134.66666666666666
enemies > decoy,spread8,,9,60,3,0,0,0,0,0,0,0,0,11,88,5.25,,12
enemies > detonate,spread8,,7,60,3,140,140,140,120,0,0,0,0,15,120,3.850000000000001,0.06666666666666667,123.33333333333333
enemies > launch,spread8,,7,60,3,158.66666666666666,158.66666666666666,158.66666666666666,136,0,0,0,0,17,136,3.5,0.06666666666666667,146.66666666666666
enemies > boomerang,spread8,,8,60,3,27.2,27.2,27.2,16,0,0,0,0,14,112,4.200000000000001,0.06666666666666667,16.666666666666668
enemies > homing,spread8,,8,60,3,65.33333333333333,65.33333333333333,65.33333333333333,56,0,0,0,0,14,112,4.200000000000001,0.06666666666666667,57.333333333333336
enemies > laser,spread8,,8,60,3,22.933333333333334,22.933333333333334,22.933333333333334,16,0,0,0,0,12,96,4.8999999999999995,0.06666666666666667,16.666666666666668
enemies > chain,spread8,,8,60,3,18.666666666666668,18.666666666666668,18.666666666666668,16,0,0,0,0,12,96,4.8999999999999995,0.06666666666666667,16.333333333333332
enemies > meteor,spread8,,8,60,3,56,56,56,48,0,0,0,0,12,96,4.8999999999999995,0.8666666666666666,48.333333333333336
enemies > blades,spread8,,9,60,3,102.66666666666667,102.66666666666667,102.66666666666667,88,0,0,0,0,11,88,5.25,0.06666666666666667,96.66666666666667
enemies > root,spread8,,8,60,3,0,0,0,0,0.4199999999999815,0,0,0,14,112,4.200000000000001,,0
enemies > mark,spread8,,7,60,3,0,0,0,0,0,0,0,0,19,152,3.149999999999999,,0
enemies > burn,spread8,,8,60,3,128.8,128.8,128.8,104,0,0,0,0,14,112,4.200000000000001,0.10000000000000002,105.66666666666667
enemies > fear,spread8,,8,60,3,0,0,0,0,0.06666666666666822,0,0,0,69,16,0.6072463768115942,,0
enemies > execute,spread8,,8,60,3,65.33333333333333,65.33333333333333,65.33333333333333,56,0,0,0,0,14,112,4.200000000000001,0.06666666666666667,57
enemies > drain,spread8,,8,60,3,65.33333333333333,65.33333333333333,65.33333333333333,56,0,50,0,0,14,112,4.200000000000001,0.06666666666666667,57.333333333333336
enemies > blink,spread8,,8,60,3,0,0,0,0,0,0,0,0,48,33,0.928125,,0
enemies > dash,spread8,,8,60,3,0,0,0,0,0,0,0,0,48,33,0.928125,,0
enemies > archer,spread8,,9,60,3,94,94,94,78,0,0,0,0,10,80,5.95,0.26666666666666666,85.66666666666667
enemies > sacrifice,spread8,,7,60,3,140,140,140,120,0,0,0,0,15,120,3.850000000000001,0.06666666666666667,123.33333333333333
enemies > rally,spread8,,8,60,3,0,0,0,0,0,0,0,0,14,112,4.200000000000001,,0
enemies > ward,spread8,,10,60,3,0,0,0,0,0,0,0,0,56,8,0.6035714285714285,,8
enemies > spread,spread8,,7,60,3,0,0,0,0,0,0,0,0,15,120,3.850000000000001,,0
enemies > snipe,spread8,,9,60,3,102.66666666666667,102.66666666666667,102.66666666666667,88,0,0,0,0,11,88,5.25,0.06666666666666667,90.33333333333333
enemies > refresh,spread8,,7,60,3,0,0,0,0,0,0,0,0,82,0,0.5,,0
enemies > split,spread8,,7,60,3,0,0,0,0,0,0,0,0,5,248,14.6,,0
enemies > absorb,spread8,,7,60,3,158.66666666666666,158.66666666666666,158.66666666666666,136,0,50,0,0,17,136,3.5,0.06666666666666667,139.33333333333334
enemies > swap,spread8,,7,60,3,0,0,0,0,0,0,0,0,14,112,4.200000000000001,,0
ahead > bolt,spread8,,2,60,3,24.833333333333332,24.833333333333332,24.833333333333332,21,0,0,0,0,65,65,0.7000000000000005,0.5666666666666667,23
ahead > poison,spread8,,4,60,3,0,0,0,0,0,0,0,0,35,35,1.3999999999999992,,3
ahead > vortex,spread8,,3,60,3,0,0,0,0,0,0,0,0,43,43,1.0499999999999994,,2
ahead > summon,spread8,,4,60,3,94.90000000000002,94.9,94.9,81,0,0,0,0,33,33,1.3999999999999992,0.39999999999999997,88.33333333333333
ahead > orb,spread8,,3,60,3,0,0,0,0,0,0,0,0,46,46,1.0499999999999994,,7
ahead > mine,spread8,,3,60,3,0,0,0,0,0,0,0,0,46,46,1.0499999999999994,,12
ahead > turret,spread8,,4,60,3,83.13333333333334,83.13333333333334,83.13333333333334,71,0,0,0,0,34,34,1.3999999999999992,0.39999999999999997,82.33333333333333
ahead > decoy,spread8,,4,60,3,0,0,0,0,0,0,0,0,35,35,1.3999999999999992,,4
ahead > chain,spread8,,3,60,3,8.366666666666667,8.366666666666667,8.366666666666667,7,0,0,0,0,43,43,1.0499999999999994,0.06666666666666667,7.333333333333333
ahead > meteor,spread8,,3,60,3,25.3,25.3,25.3,21,0,0,0,0,43,43,1.0499999999999994,0.8666666666666666,23
ahead > blades,spread8,,4,60,3,12.855555555555554,12.333333333333334,13.5,10.333333333333334,0,0,0,0,35,35,1.3999999999999992,0.6,13.666666666666666
ahead > archer,spread8,,4,60,3,81.33333333333333,81.33333333333333,81.33333333333333,69,0,0,0,0,33,33,1.3999999999999992,0.37777777777777777,77.33333333333333
ahead > rally,spread8,,3,60,3,0,0,0,0,0,0,0,0,46,46,1.0499999999999994,,0
ahead > ward,spread8,,5,60,3,0,0,0,0,0,0,0,0,28,28,1.75,,2
ahead > swap,spread8,,2,60,3,0,0,0,0,0,0,0,0,58,58,0.7000000000000003,,0
behind > bolt,spread8,,2,60,3,24.833333333333332,24.833333333333332,24.833333333333332,21,0,0,0,0,65,65,0.7000000000000005,0.5666666666666667,23
behind > poison,spread8,,4,60,3,0,0,0,0,0,0,0,0,35,35,1.3999999999999992,,3
behind > vortex,spread8,,3,60,3,0,0,0,0,0,0,0,0,43,43,1.0499999999999994,,2
behind > summon,spread8,,4,60,3,88.66666666666667,88.66666666666667,88.66666666666667,76,0,0,0,0,33,33,1.3999999999999992,0.6,83.33333333333333
behind > orb,spread8,,3,60,3,0,0,0,0,0,0,0,0,46,46,1.0499999999999994,,7
behind > mine,spread8,,3,60,3,0,0,0,0,0,0,0,0,46,46,1.0499999999999994,,12
behind > turret,spread8,,4,60,3,82.98333333333333,82.98333333333333,82.98333333333333,71,0,0,0,0,34,34,1.3999999999999992,0.4666666666666666,82.33333333333333
behind > decoy,spread8,,4,60,3,0,0,0,0,0,0,0,0,35,35,1.3999999999999992,,4
behind > chain,spread8,,3,60,3,8.366666666666667,8.366666666666667,8.366666666666667,7,0,0,0,0,43,43,1.0499999999999994,0.06666666666666667,7.333333333333333
behind > meteor,spread8,,3,60,3,0,0,0,0,0,0,0,0,43,43,1.0499999999999994,,1
behind > blades,spread8,,4,60,3,0,0,0,0,0,0,0,0,35,35,1.3999999999999992,,3
behind > archer,spread8,,4,60,3,81.22222222222223,81.16666666666667,81.33333333333333,69,0,0,0,0,33,33,1.3999999999999992,0.4333333333333333,78.33333333333333
behind > rally,spread8,,3,60,3,0,0,0,0,0,0,0,0,46,46,1.0499999999999994,,0
behind > ward,spread8,,5,60,3,0,0,0,0,0,0,0,0,28,28,1.75,,2
behind > swap,spread8,,2,60,3,0,0,0,0,0,0,0,0,58,58,0.7000000000000003,,0
randomPoint > bolt,spread8,,2,60,3,5.666666666666667,3,7,1.3333333333333333,0,0,0,0,65,65,0.7000000000000005,3.0888888888888837,3.3333333333333335
randomPoint > poison,spread8,,4,60,3,10.422222222222222,9.733333333333333,11.3,5.333333333333333,0,0,0,0,35,35,1.3999999999999992,4.688888888888879,8.333333333333334
randomPoint > vortex,spread8,,3,60,3,0,0,0,0,0,0,0,0,43,43,1.0499999999999994,,2
randomPoint > summon,spread8,,4,60,3,93.28888888888889,93.1,93.66666666666667,75.33333333333333,0,0,0,0,33,33,1.3999999999999992,0.4333333333333333,83.66666666666667
randomPoint > orb,spread8,,3,60,3,6.0555555555555545,3.533333333333333,9.666666666666666,4.333333333333333,0,0,0,0,46,46,1.0499999999999994,14.133333333333361,11.333333333333334
randomPoint > mine,spread8,,3,60,3,4.722222222222222,2.5,6.666666666666667,2.3333333333333335,0,0,0,0,46,46,1.0499999999999994,6.6333333333333195,14.333333333333334
randomPoint > turret,spread8,,4,60,3,83.24444444444445,83.23333333333333,83.26666666666667,67.66666666666667,0,0,0,0,34,34,1.3999999999999992,0.41111111111111104,79.66666666666667
randomPoint > decoy,spread8,,4,60,3,0,0,0,0,0,0,0,0,35,35,1.3999999999999992,,4
randomPoint > chain,spread8,,3,60,3,7.588888888888889,7.5,7.766666666666667,2.3333333333333335,0,0,0,0,43,43,1.0499999999999994,0.06666666666666667,2.3333333333333335
randomPoint > meteor,spread8,,3,60,3,20.700000000000003,19.533333333333335,21.866666666666667,15,0,0,0,0,43,43,1.0499999999999994,2.266666666666664,15.333333333333334
randomPoint > blades,spread8,,4,60,3,21.633333333333336,17.433333333333334,28.966666666666665,16.333333333333332,0,0,0,0,35,35,1.3999999999999992,3.6666666666666576,19.333333333333332
randomPoint > archer,spread8,,4,60,3,81.33333333333333,81.33333333333333,81.33333333333333,65.66666666666667,0,0,0,0,33,33,1.3999999999999992,0.38888888888888884,76
randomPoint > rally,spread8,,3,60,3,0,0,0,0,0,0,0,0,46,46,1.0499999999999994,,0
randomPoint > ward,spread8,,5,60,3,0,0,0,0,0,0,0,0,28,28,1.75,,2
randomPoint > swap,spread8,,2,60,3,0,0,0,0,0,0,0,0,58,58,0.7000000000000003,,0
fallen > bolt,spread8,,3,60,3,4.5,4.5,4.5,3,0,0,0,0,79,9,0.5322784810126582,0.6,7
fallen > poison,spread8,,5,60,3,4.1,4.1,4.1,3,0,0,0,0,65,7,0.5615384615384615,0.06666666666666667,9
fallen > vortex,spread8,,4,60,3,0,0,0,0,0,0,0,0,67,6,0.535820895522388,,6
fallen > summon,spread8,,5,60,3,116.09999999999998,116.1,116.1,99,0,0,0,0,20,62,2.589999999999999,0.26666666666666666,106
fallen > orb,spread8,,4,60,3,85,85,85,72,0,0,0,0,37,57,1.3756756756756765,0.26666666666666666,83.33333333333333
fallen > mine,spread8,,4,60,3,1.8333333333333333,1.8333333333333333,1.8333333333333333,1,0,0,0,0,76,6,0.525,0.5666666666666667,6
fallen > turret,spread8,,5,60,3,121.78333333333335,121.78333333333333,121.78333333333333,104,0,0,0,0,22,60,2.3545454545454554,0.26666666666666666,122
fallen > decoy,spread8,,5,60,3,0,0,0,0,0,0,0,0,66,6,0.5416666666666666,,6
fallen > chain,spread8,,4,60,3,1.1666666666666667,1.1666666666666667,1.1666666666666667,1,0,0,0,0,67,6,0.535820895522388,0.06666666666666667,1.3333333333333333
fallen > meteor,spread8,,4,60,3,1.1666666666666667,1.1666666666666667,1.1666666666666667,1,0,0,0,0,67,6,0.535820895522388,0.8666666666666666,6
fallen > blades,spread8,,5,60,3,8.255555555555555,8.166666666666666,8.433333333333334,7,0,0,0,0,63,9,0.588095238095238,0.06666666666666667,15
fallen > archer,spread8,,5,60,3,92.5,92,92.83333333333333,78.33333333333333,0,0,0,0,23,49.333333333333336,2.207971014492753,0.26666666666666666,88
fallen > rally,spread8,,4,60,3,0,0,0,0,0,0,0,0,76,6,0.525,,0
fallen > ward,spread8,,6,60,3,0,0,0,0,0,0,0,0,58,6,0.5620689655172414,,6
fallen > swap,spread8,,3,60,3,0,0,0,0,0,0,0,0,70,6,0.5257142857142857,,0
objects > bolt,spread8,,4,60,3,18.5,18.5,18.5,15,0,0,0,0,65,30,0.696153846153846,0.2333333333333333,18.333333333333332
objects > slash,spread8,,5,60,3,2.783333333333333,2.783333333333333,2.783333333333333,2,0,0,0,0,74,16,0.577027027027027,0.2333333333333333,8
objects > explode,spread8,,5,60,3,2.1166666666666667,2.1166666666666667,2.1166666666666667,1,0,0,0,0,63,11,0.5825396825396826,0.2333333333333333,7
objects > frost,spread8,,5,60,3,4.966666666666667,4.966666666666667,4.966666666666667,4,0,0,0,0,56,23,0.7455357142857143,0.2333333333333333,8.333333333333334
objects > poison,spread8,,6,60,3,3.9500000000000006,3.95,3.95,3,0,0,0,0,63,11,0.5936507936507937,0.2333333333333333,13
objects > vortex,spread8,,5,60,3,2.6333333333333333,2.6333333333333333,2.6333333333333333,2,0,0,0,0,53,22,0.7679245283018868,1.400000000000001,12
objects > shockwave,spread8,,4,60,3,4.3,4.3,4.3,3,0,0,0,0,62,20,0.6330645161290323,0.2333333333333333,8.333333333333334
objects > summon,spread8,,6,60,3,46.03333333333333,45.9,46.1,39,0,0,0,0,46,18,0.8391304347826086,0.2333333333333333,40.333333333333336
objects > heal,spread8,,6,60,3,4.966666666666667,4.966666666666667,4.966666666666667,4,0,0,0,0,52,21,0.7961538461538461,0.2333333333333333,8.333333333333334
objects > mend,spread8,,6,60,3,4.966666666666667,4.966666666666667,4.966666666666667,4,0,0,0,0,52,21,0.7961538461538461,0.2333333333333333,8.333333333333334
objects > shield,spread8,,5,60,3,4.966666666666667,4.966666666666667,4.966666666666667,4,0,0,0,0,53,22,0.7679245283018868,0.2333333333333333,8.333333333333334
objects > rage,spread8,,5,60,3,7,7,7,6,0,0,0,0,60,25,0.7408333333333332,0.2333333333333333,9
objects > scatter,spread8,,5,60,3,0.75,0.75,0.75,0,0,0,0,0,76,6,0.5296052631578947,0.06666666666666667,6
objects > lance,spread8,,5,60,3,4,4,4,3,0,0,0,0,68,18,0.6147058823529411,0.2333333333333333,8.333333333333334
objects > focus,spread8,,5,60,3,7.599999999999999,7.6,7.6,6,0,0,0,0,60,25,0.7408333333333332,0.16666666666666666,9
objects > amplify,spread8,,5,60,3,4.966666666666667,4.966666666666667,4.966666666666667,4,0,0,0,0,60,25,0.7408333333333332,0.2333333333333333,8.333333333333334
objects > prolong,spread8,,4,60,3,24.5,24.5,24.5,21,0,0,0,0,25,126,2.208000000000001,0.2333333333333333,26.333333333333332
objects > regen,spread8,,5,60,3,4.966666666666667,4.966666666666667,4.966666666666667,4,0,0,0,0,60,25,0.7408333333333332,0.2333333333333333,8.333333333333334
objects > armor,spread8,,5,60,3,4.966666666666667,4.966666666666667,4.966666666666667,4,0,0,0,0,60,25,0.7408333333333332,0.2333333333333333,8.333333333333334
objects > pull,spread8,,4,60,3,2.6666666666666665,2.6666666666666665,2.6666666666666665,1,0,0,12,0,62,29,0.7064516129032258,1.400000000000001,6
objects > orb,spread8,,5,60,3,41.733333333333334,41.733333333333334,41.733333333333334,35,0,0,0,0,15,173,3.856666666666668,0.2333333333333333,47.333333333333336
objects > mine,spread8,,5,60,3,5.533333333333334,5.533333333333333,5.533333333333333,4,0,0,0,0,15,167,3.7766666666666677,0.2333333333333333,16
objects > turret,spread8,,6,60,3,143.38333333333333,143.38333333333333,143.38333333333333,122,0,0,0,0,10,113,5.705000000000001,0.2333333333333333,146.33333333333334
objects > decoy,spread8,,6,60,3,2.3333333333333335,2.3333333333333335,2.3333333333333335,2,0,0,0,0,12,127,4.9750000000000005,0.2333333333333333,14.333333333333334
objects > detonate,spread8,,4,60,3,1.1666666666666667,1.1666666666666667,1.1666666666666667,1,0,0,0,0,76,6,0.525,0.06666666666666667,6
objects > launch,spread8,,4,60,3,6.333333333333333,6.333333333333333,6.333333333333333,5,0,0,0,0,80,6,0.520625,0.06666666666666667,10
objects > boomerang,spread8,,5,60,3,4,4,4,3,0,0,0,0,68,18,0.6147058823529411,0.2333333333333333,8.333333333333334
objects > homing,spread8,,5,60,3,0.75,0.75,0.75,0,0,0,0,0,76,6,0.5296052631578947,0.06666666666666667,6
objects > laser,spread8,,5,60,3,4.3,4.3,4.3,3,0,0,0,0,59,17,0.6508474576271186,0.2333333333333333,8.333333333333334
objects > chain,spread8,,5,60,3,8.566666666666666,8.566666666666666,8.566666666666666,7,0,0,0,0,53,22,0.7679245283018868,0.06666666666666667,10.333333333333334
objects > meteor,spread8,,5,60,3,2.433333333333333,2.433333333333333,2.433333333333333,2,0,0,0,0,63,11,0.5825396825396826,0.2333333333333333,12
objects > blades,spread8,,6,60,3,1.1666666666666667,1.1666666666666667,1.1666666666666667,1,0,0,0,0,66,6,0.546969696969697,0.2333333333333333,12
objects > root,spread8,,5,60,3,4.966666666666667,4.966666666666667,4.966666666666667,4,0,0,0,0,60,25,0.7408333333333332,0.2333333333333333,8.333333333333334
objects > mark,spread8,,4,60,3,4.966666666666667,4.966666666666667,4.966666666666667,4,0,0,0,0,71,35,0.684507042253521,0.2333333333333333,8.333333333333334
objects > burn,spread8,,5,60,3,1.4166666666666667,1.4166666666666667,1.4166666666666667,1,0,0,0,0,76,6,0.5296052631578947,0.2333333333333333,7
objects > fear,spread8,,5,60,3,2.316666666666667,2.316666666666667,2.316666666666667,1,0,0,0,0,66,17,0.646969696969697,0.2333333333333333,6
objects > execute,spread8,,5,60,3,0.75,0.75,0.75,0,0,0,0,0,76,6,0.5296052631578947,0.06666666666666667,6
objects > drain,spread8,,5,60,3,0.75,0.75,0.75,0,0,36,0,0,76,6,0.5296052631578947,0.06666666666666667,6
objects > blink,spread8,,5,60,3,2.066666666666667,2.066666666666667,2.066666666666667,1,0,0,0,0,55,24,0.7545454545454545,0.36666666666666664,8
objects > dash,spread8,,5,60,3,1.3166666666666667,1.3166666666666667,1.3166666666666667,1,0,0,0,0,55,24,0.7545454545454545,0.39999999999999997,7
objects > archer,spread8,,6,60,3,39.666666666666664,39.666666666666664,39.666666666666664,34,0,0,0,0,46,18,0.8391304347826086,0.2333333333333333,37
objects > sacrifice,spread8,,4,60,3,1.1666666666666667,1.1666666666666667,1.1666666666666667,1,0,0,0,0,76,6,0.525,0.06666666666666667,6
objects > rally,spread8,,5,60,3,38.28333333333333,38.28333333333333,38.28333333333333,32,0,0,0,0,22,111,2.559090909090908,0.16666666666666666,39
objects > ward,spread8,,7,60,3,1.1666666666666667,1.1666666666666667,1.1666666666666667,1,0,0,0,0,51,12,0.7156862745098039,0.2333333333333333,12
objects > spread,spread8,,4,60,3,4.966666666666667,4.966666666666667,4.966666666666667,4,0,0,0,0,62,29,0.7064516129032258,0.2333333333333333,8.333333333333334
objects > snipe,spread8,,6,60,3,0.75,0.75,0.75,0,0,0,0,0,66,6,0.546969696969697,0.06666666666666667,6
objects > refresh,spread8,,4,60,3,24.5,24.5,24.5,21,0,0,0,0,28,141,2.0053571428571426,0.2333333333333333,26.333333333333332
objects > split,spread8,,4,60,3,14.155555555555557,12.716666666666667,15.8,11,0,0,0,0,53,46.666666666666664,0.7977987421383648,0.2333333333333333,29
objects > absorb,spread8,,4,60,3,0,0,0,0,0,36,0,0,80,6,0.520625,,6
objects > swap,spread8,,4,60,3,4.55,4.55,4.55,3,0,0,12,18,61,20,0.6565573770491803,0.4333333333333333,6
allies > bolt,spread8,,4,60,3,29.666666666666668,29.666666666666668,29.666666666666668,25,0,0,0,0,71,30,0.6161971830985915,0.2333333333333333,36.333333333333336
allies > slash,spread8,,5,60,3,9,9,9,7,0,0,0,0,74,18,0.581081081081081,0.2333333333333333,14
allies > explode,spread8,,5,60,3,6.099999999999999,6.1,6.1,4,0,0,0,0,63,12,0.5873015873015873,0.2333333333333333,12
allies > frost,spread8,,5,60,3,11.1,11.1,11.1,8,0,0,0,0,63,18,0.6190476190476191,1.2666666666666673,16
allies > poison,spread8,,6,60,3,6.666666666666667,6.666666666666667,6.666666666666667,5,0,0,0,0,62,12,0.6000000000000001,0.2333333333333333,20.333333333333332
allies > vortex,spread8,,5,60,3,10.533333333333333,10.533333333333333,10.533333333333333,8,0,0,0,0,60,18,0.6375,0.3,21.333333333333332
allies > shockwave,spread8,,4,60,3,16.1,16.1,16.1,12,0,0,0,0,62,24,0.6387096774193549,0.2333333333333333,20
allies > summon,spread8,,6,60,3,107.33333333333333,107.33333333333333,107.33333333333333,92,0,0,0,0,14,84,4.1000000000000005,0.26666666666666666,100.66666666666667
allies > heal,spread8,,6,60,3,16.1,16.1,16.1,12,0,0,0,0,59,18,0.6576271186440678,0.2333333333333333,20
allies > mend,spread8,,6,60,3,16.1,16.1,16.1,12,0,0,0,0,59,18,0.6576271186440678,0.2333333333333333,20
allies > shield,spread8,,5,60,3,16.1,16.1,16.1,12,0,0,0,0,60,18,0.6375,0.2333333333333333,20
allies > haste,spread8,,5,60,3,16.1,16.1,16.1,12,0,0,0,0,67,24,0.6343283582089553,0.2333333333333333,20
allies > rage,spread8,,5,60,3,22.55,22.55,22.55,18,0,0,0,0,67,24,0.6343283582089553,0.2333333333333333,28
allies > scatter,spread8,,5,60,3,0,0,0,0,0,0,0,0,76,6,0.5296052631578947,,6
allies > lance,spread8,,5,60,3,14,14,14,11,0,0,0,0,67,24,0.6343283582089553,0.2333333333333333,18
allies > focus,spread8,,5,60,3,25,25,25,21,0,0,0,0,67,24,0.6343283582089553,0.16666666666666666,28
allies > amplify,spread8,,5,60,3,16.1,16.1,16.1,12,0,0,0,0,67,24,0.6343283582089553,0.2333333333333333,20
allies > prolong,spread8,,4,60,3,95,95,95,81,0,0,0,0,23,138,2.399999999999999,0.2333333333333333,89
allies > regen,spread8,,5,60,3,16.1,16.1,16.1,12,0,0,0,0,67,24,0.6343283582089553,0.2333333333333333,20
allies > armor,spread8,,5,60,3,16.1,16.1,16.1,12,0,0,0,0,67,24,0.6343283582089553,0.2333333333333333,20
allies > pull,spread8,,4,60,3,14.166666666666666,14.166666666666666,14.166666666666666,12,0,0,0,0,69,24,0.610144927536232,0.49999999999999994,20.333333333333332
allies > orb,spread8,,5,60,3,34.733333333333334,34.733333333333334,34.733333333333334,29,0,0,0,0,67,24,0.6343283582089553,0.2333333333333333,40.333333333333336
allies > mine,spread8,,5,60,3,25.7,25.7,25.7,21,0,0,0,0,67,24,0.6343283582089553,0.2333333333333333,36.666666666666664
allies > turret,spread8,,6,60,3,59.95000000000001,59.95,59.95,51,0,0,0,0,54,18,0.686111111111111,0.2333333333333333,61.666666666666664
allies > decoy,spread8,,6,60,3,16.1,16.1,16.1,12,0,0,0,0,59,18,0.6576271186440678,0.2333333333333333,32.333333333333336
allies > detonate,spread8,,4,60,3,1.1666666666666667,1.1666666666666667,1.1666666666666667,1,0,0,0,0,76,6,0.525,0.06666666666666667,6
allies > launch,spread8,,4,60,3,4.5,4.5,4.5,3,0,0,0,0,80,6,0.520625,0.06666666666666667,9
allies > boomerang,spread8,,5,60,3,14,14,14,11,0,0,0,0,67,24,0.6343283582089553,0.2333333333333333,18
allies > homing,spread8,,5,60,3,0,0,0,0,0,0,0,0,76,6,0.5296052631578947,,6
allies > laser,spread8,,5,60,3,16.1,16.1,16.1,12,0,0,0,0,60,18,0.6375,0.2333333333333333,20
allies > chain,spread8,,5,60,3,17.9,17.9,17.9,14,0,0,0,0,60,18,0.6375,0.06666666666666667,23
allies > meteor,spread8,,5,60,3,7.066666666666666,7.066666666666666,7.066666666666666,5,0,0,0,0,63,12,0.5873015873015873,0.2333333333333333,20.333333333333332
allies > blades,spread8,,6,60,3,2.066666666666667,2.066666666666667,2.066666666666667,1,0,0,0,0,66,6,0.546969696969697,0.2333333333333333,16.333333333333332
allies > root,spread8,,5,60,3,15.033333333333333,15.033333333333333,15.033333333333333,12,0,0,0,0,67,24,0.6343283582089553,0.2333333333333333,21.333333333333332
allies > mark,spread8,,4,60,3,16.1,16.1,16.1,12,0,0,0,0,80,30,0.5875,0.2333333333333333,20
allies > burn,spread8,,5,60,3,3.033333333333333,3.033333333333333,3.033333333333333,2,0,0,0,0,76,6,0.5296052631578947,0.2333333333333333,10
allies > fear,spread8,,5,60,3,5.333333333333333,5.333333333333333,5.333333333333333,4,0,0,0,0,67,24,0.6343283582089553,0.2333333333333333,12
allies > execute,spread8,,5,60,3,0,0,0,0,0,0,0,0,76,6,0.5296052631578947,,6
allies > drain,spread8,,5,60,3,0,0,0,0,0,36,0,0,76,6,0.5296052631578947,,6
allies > blink,spread8,,5,60,3,15.5,15.5,15.5,13,0,0,0,0,63,18,0.6190476190476191,0.26666666666666666,21.333333333333332
allies > dash,spread8,,5,60,3,15.5,15.5,15.5,13,0,0,0,0,63,18,0.6190476190476191,0.3333333333333333,21.666666666666668
allies > archer,spread8,,6,60,3,92,92,92,78,0,0,0,0,14,84,4.1000000000000005,0.26666666666666666,90.66666666666667
allies > sacrifice,spread8,,4,60,3,1.1666666666666667,1.1666666666666667,1.1666666666666667,1,0,0,0,0,76,6,0.525,0.06666666666666667,6
allies > rally,spread8,,5,60,3,150,150,150,128,0,0,0,0,20,120,2.75,0.16666666666666666,137
allies > ward,spread8,,7,60,3,4,4,4,3,0,0,0,0,50,18,0.7369999999999998,0.2333333333333333,17.333333333333332
allies > spread,spread8,,4,60,3,16.1,16.1,16.1,12,0,0,0,0,69,24,0.610144927536232,0.2333333333333333,20
allies > snipe,spread8,,6,60,3,0,0,0,0,0,0,0,0,66,6,0.546969696969697,,6
allies > refresh,spread8,,4,60,3,95,95,95,81,0,0,0,0,26,156,2.149999999999999,0.2333333333333333,89
allies > split,spread8,,4,60,3,17.46666666666667,17.333333333333332,17.533333333333335,13.666666666666666,0,0,0,0,62,24,0.6387096774193549,0.26666666666666666,22.333333333333332
allies > absorb,spread8,,4,60,3,0,0,0,0,0,36,0,0,80,6,0.520625,,6
allies > swap,spread8,,4,60,3,15.833333333333334,15.833333333333334,15.833333333333334,13,0,0,0,66,62,24,0.6387096774193549,0.2333333333333333,11.333333333333334
zones > bolt,spread8,,4,60,3,8.666666666666666,8.666666666666666,8.666666666666666,7,0,0,0,0,78,12,0.5423076923076923,0.03333333333333333,17
zones > slash,spread8,,5,60,3,0.5,0.5,0.5,0,0,0,0,0,79,6,0.5253164556962026,0.03333333333333333,6
zones > explode,spread8,,5,60,3,0.5,0.5,0.5,0,0,0,0,0,66,6,0.5416666666666666,0.03333333333333333,6
zones > frost,spread8,,5,60,3,3.3333333333333335,3.3333333333333335,3.3333333333333335,2,0,0,0,0,66,12,0.5757575757575758,0.03333333333333333,8
zones > poison,spread8,,6,60,3,0.5,0.5,0.5,0,0,0,0,0,66,6,0.546969696969697,0.03333333333333333,6
zones > vortex,spread8,,5,60,3,0.5,0.5,0.5,0,0,0,0,0,63,12,0.5873015873015873,0.03333333333333333,12
zones > shockwave,spread8,,4,60,3,0.5,0.5,0.5,0,0,0,0,0,70,6,0.5307142857142857,0.03333333333333333,6
zones > summon,spread8,,6,60,3,21.8,21.8,21.8,18,0,0,0,0,58,6,0.5620689655172414,0.03333333333333333,24.333333333333332
zones > rage,spread8,,5,60,3,4.666666666666667,4.666666666666667,4.666666666666667,4,0,0,0,0,73,12,0.5616438356164384,0.03333333333333333,10
zones > scatter,spread8,,5,60,3,0.5,0.5,0.5,0,0,0,0,0,76,6,0.5296052631578947,0.03333333333333333,6
zones > lance,spread8,,5,60,3,0.5,0.5,0.5,0,0,0,0,0,76,6,0.5296052631578947,0.03333333333333333,6
zones > focus,spread8,,5,60,3,5.166666666666667,5.166666666666667,5.166666666666667,4,0,0,0,0,73,12,0.5616438356164384,0.03333333333333333,10
zones > amplify,spread8,,5,60,3,4.1,4.1,4.1,3,0,0,0,0,73,12,0.5616438356164384,0.03333333333333333,9
zones > prolong,spread8,,4,60,3,7.5,7.5,7.5,6,0,0,0,0,69,24,0.610144927536232,0.03333333333333333,12
zones > pull,spread8,,4,60,3,0.5,0.5,0.5,0,0,0,0,0,74,12,0.5513513513513513,0.03333333333333333,6
zones > orb,spread8,,5,60,3,7.3,7.3,7.3,6,0,0,0,0,73,12,0.5616438356164384,0.03333333333333333,22
zones > mine,spread8,,5,60,3,6.5,6.5,6.5,5,0,0,0,0,73,12,0.5616438356164384,0.03333333333333333,19
zones > turret,spread8,,6,60,3,19.983333333333334,19.983333333333334,19.983333333333334,17,0,0,0,0,61,6,0.5549180327868852,0.03333333333333333,27.666666666666668
zones > decoy,spread8,,6,60,3,3.3333333333333335,3.3333333333333335,3.3333333333333335,2,0,0,0,0,62,12,0.6000000000000001,0.03333333333333333,14
zones > detonate,spread8,,4,60,3,1.1666666666666667,1.1666666666666667,1.1666666666666667,1,0,0,0,0,76,6,0.525,0.03333333333333333,6
zones > launch,spread8,,4,60,3,6.333333333333333,6.333333333333333,6.333333333333333,5,0,0,0,0,80,6,0.520625,0.03333333333333333,11
zones > boomerang,spread8,,5,60,3,0.5,0.5,0.5,0,0,0,0,0,76,6,0.5296052631578947,0.03333333333333333,6
zones > homing,spread8,,5,60,3,0.5,0.5,0.5,0,0,0,0,0,76,6,0.5296052631578947,0.03333333333333333,6
zones > laser,spread8,,5,60,3,0.5,0.5,0.5,0,0,0,0,0,66,6,0.5416666666666666,0.03333333333333333,6
zones > chain,spread8,,5,60,3,4.666666666666667,4.666666666666667,4.666666666666667,4,0,0,0,0,63,12,0.5873015873015873,0.03333333333333333,10
zones > meteor,spread8,,5,60,3,1,1,1,0,0,0,0,0,66,6,0.5416666666666666,0.03333333333333333,12
zones > blades,spread8,,6,60,3,0.5,0.5,0.5,0,0,0,0,0,66,6,0.546969696969697,0.03333333333333333,6
zones > root,spread8,,5,60,3,3.3333333333333335,3.3333333333333335,3.3333333333333335,2,0,0,0,0,73,12,0.5616438356164384,0.03333333333333333,8
zones > mark,spread8,,4,60,3,3.3333333333333335,3.3333333333333335,3.3333333333333335,2,0,0,0,0,86,12,0.5325581395348837,0.03333333333333333,8
zones > burn,spread8,,5,60,3,0.5,0.5,0.5,0,0,0,0,0,76,6,0.5296052631578947,0.03333333333333333,6
zones > fear,spread8,,5,60,3,1.1666666666666667,1.1666666666666667,1.1666666666666667,1,0,0,0,0,73,12,0.5616438356164384,0.03333333333333333,7
zones > execute,spread8,,5,60,3,0.5,0.5,0.5,0,0,0,0,0,76,6,0.5296052631578947,0.03333333333333333,6
zones > drain,spread8,,5,60,3,0.5,0.5,0.5,0,0,36,0,0,76,6,0.5296052631578947,0.03333333333333333,6
zones > blink,spread8,,5,60,3,1.1,1.1,1.1,0,0,0,0,0,66,12,0.5757575757575758,0.03333333333333333,6
zones > dash,spread8,,5,60,3,1.1,1.1,1.1,0,0,0,0,0,66,12,0.5757575757575758,0.03333333333333333,6
zones > archer,spread8,,6,60,3,19.555555555555557,19.5,19.666666666666668,16,0,0,0,0,58,6,0.5620689655172414,0.03333333333333333,27
zones > sacrifice,spread8,,4,60,3,1.1666666666666667,1.1666666666666667,1.1666666666666667,1,0,0,0,0,76,6,0.525,0.03333333333333333,6
zones > rally,spread8,,5,60,3,72.16666666666667,72.16666666666667,72.16666666666667,61,0,0,0,0,20,120,2.75,0.03333333333333333,69.33333333333333
zones > ward,spread8,,7,60,3,1,1,1,0,0,0,0,0,58,6,0.5681034482758621,0.03333333333333333,12
zones > spread,spread8,,4,60,3,3.3333333333333335,3.3333333333333335,3.3333333333333335,2,0,0,0,0,74,12,0.5513513513513513,0.03333333333333333,8
zones > snipe,spread8,,6,60,3,0.5,0.5,0.5,0,0,0,0,0,66,6,0.546969696969697,0.03333333333333333,6
zones > refresh,spread8,,4,60,3,46.666666666666664,46.666666666666664,46.666666666666664,40,0,0,0,0,26,156,2.149999999999999,0.03333333333333333,48.333333333333336
zones > split,spread8,,4,60,3,5.833333333333333,5.833333333333333,5.833333333333333,5,0,0,0,0,65,18,0.5892307692307692,0.03333333333333333,21
zones > absorb,spread8,,4,60,3,0.5,0.5,0.5,0,0,36,0,0,80,6,0.520625,0.03333333333333333,6
zones > swap,spread8,,4,60,3,3.1333333333333333,3.1333333333333333,3.1333333333333333,2,0,0,0,12,67,12,0.5641791044776119,0.03333333333333333,7
shots > bolt,spread8,,4,60,3,3.5,3.5,3.5,3,0,0,0,0,80,6,0.520625,0.06666666666666667,11
shots > slash,spread8,,5,60,3,0,0,0,0,0,0,0,0,79,6,0.5253164556962026,,6
shots > explode,spread8,,5,60,3,0,0,0,0,0,0,0,0,66,6,0.5416666666666666,,6
shots > frost,spread8,,5,60,3,0.6666666666666666,0.6666666666666666,0.6666666666666666,0,0,0,0,0,69,6,0.5362318840579711,0.06666666666666667,6
shots > poison,spread8,,6,60,3,0,0,0,0,0,0,0,0,66,6,0.546969696969697,,6
shots > vortex,spread8,,5,60,3,0,0,0,0,0,0,0,0,66,6,0.5416666666666666,,12
shots > shockwave,spread8,,4,60,3,0,0,0,0,0,0,0,0,70,6,0.5307142857142857,,6
shots > summon,spread8,,6,60,3,19.466666666666665,19.466666666666665,19.466666666666665,16,0,0,0,0,58,6,0.5620689655172414,0.06666666666666667,22
shots > haste,spread8,,5,60,3,1,1,1,0,0,0,0,0,76,6,0.5296052631578947,0.06666666666666667,6
shots > rage,spread8,,5,60,3,1.4166666666666667,1.4166666666666667,1.4166666666666667,1,0,0,0,0,76,6,0.5296052631578947,0.06666666666666667,6
shots > scatter,spread8,,5,60,3,0,0,0,0,0,0,0,0,76,6,0.5296052631578947,,6
shots > lance,spread8,,5,60,3,0,0,0,0,0,0,0,0,76,6,0.5296052631578947,,6
shots > amplify,spread8,,5,60,3,1,1,1,0,0,0,0,0,76,6,0.5296052631578947,0.06666666666666667,6
shots > prolong,spread8,,4,60,3,1,1,1,0,0,0,0,0,76,6,0.525,0.06666666666666667,6
shots > pull,spread8,,4,60,3,0,0,0,0,0,0,0,0,76,6,0.525,,6
shots > orb,spread8,,5,60,3,2.733333333333333,2.7333333333333334,2.7333333333333334,2,0,0,0,0,76,6,0.5296052631578947,0.06666666666666667,11
shots > mine,spread8,,5,60,3,2.5,2.5,2.5,2,0,0,0,0,76,6,0.5296052631578947,0.06666666666666667,11
shots > turret,spread8,,6,60,3,34.13333333333333,34.13333333333333,34.13333333333333,29,0,0,0,0,55,12,0.6672727272727274,0.06666666666666667,36
shots > decoy,spread8,,6,60,3,1,1,1,0,0,0,0,0,66,6,0.546969696969697,0.06666666666666667,11
shots > detonate,spread8,,4,60,3,1.1666666666666667,1.1666666666666667,1.1666666666666667,1,0,0,0,0,76,6,0.525,0.06666666666666667,6
shots > launch,spread8,,4,60,3,5.166666666666667,5.166666666666667,5.166666666666667,4,0,0,0,0,80,6,0.520625,0.06666666666666667,10
shots > boomerang,spread8,,5,60,3,0,0,0,0,0,0,0,0,76,6,0.5296052631578947,,6
shots > homing,spread8,,5,60,3,0,0,0,0,0,0,0,0,76,6,0.5296052631578947,,6
shots > laser,spread8,,5,60,3,0,0,0,0,0,0,0,0,66,6,0.5416666666666666,,6
shots > chain,spread8,,5,60,3,2.1666666666666665,2.1666666666666665,2.1666666666666665,1,0,0,0,0,66,6,0.5416666666666666,0.06666666666666667,7.333333333333333
shots > meteor,spread8,,5,60,3,1,1,1,0,0,0,0,0,66,6,0.5416666666666666,0.06666666666666667,11
shots > blades,spread8,,6,60,3,0,0,0,0,0,0,0,0,66,6,0.546969696969697,,6
shots > root,spread8,,5,60,3,0.16666666666666666,0.16666666666666666,0.16666666666666666,0,0,0,0,0,76,6,0.5296052631578947,0.06666666666666667,6
shots > mark,spread8,,4,60,3,1,1,1,0,0,0,0,0,88,6,0.5159090909090909,0.06666666666666667,6
shots > burn,spread8,,5,60,3,0.16666666666666666,0.16666666666666666,0.16666666666666666,0,0,0,0,0,76,6,0.5296052631578947,0.06666666666666667,6
shots > fear,spread8,,5,60,3,1,1,1,0,0,0,0,0,76,6,0.5296052631578947,0.06666666666666667,6
shots > execute,spread8,,5,60,3,0,0,0,0,0,0,0,0,76,6,0.5296052631578947,,6
shots > drain,spread8,,5,60,3,0,0,0,0,0,36,0,0,76,6,0.5296052631578947,,6
shots > blink,spread8,,5,60,3,0,0,0,0,0,0,0,0,69,6,0.5362318840579711,,6
shots > dash,spread8,,5,60,3,0,0,0,0,0,0,0,0,69,6,0.5362318840579711,,6
shots > archer,spread8,,6,60,3,17,17,17,14,0,0,0,0,58,6,0.5620689655172414,0.06666666666666667,24
shots > sacrifice,spread8,,4,60,3,1.1666666666666667,1.1666666666666667,1.1666666666666667,1,0,0,0,0,76,6,0.525,0.06666666666666667,6
shots > rally,spread8,,5,60,3,1,1,1,0,0,0,0,0,76,6,0.5296052631578947,0.06666666666666667,6
shots > ward,spread8,,7,60,3,1,1,1,0,0,0,0,0,58,6,0.5681034482758621,0.06666666666666667,11
shots > spread,spread8,,4,60,3,1,1,1,0,0,0,0,0,76,6,0.525,0.06666666666666667,6
shots > snipe,spread8,,6,60,3,0,0,0,0,0,0,0,0,66,6,0.546969696969697,,6
shots > refresh,spread8,,4,60,3,1,1,1,0,0,0,0,0,80,6,0.520625,0.06666666666666667,6
shots > split,spread8,,4,60,3,1.5,1.5,1.5,1,0,0,0,0,70,6,0.5307142857142857,0.06666666666666667,10
shots > absorb,spread8,,4,60,3,0,0,0,0,0,12,0,0,80,6,0.520625,,6
shots > swap,spread8,,4,60,3,0.8333333333333334,0.8333333333333334,0.8333333333333334,0,0,0,0,0,70,6,0.5307142857142857,0.19999999999999998,6
gems > bolt,spread8,,3,60,3,53.666666666666664,53.666666666666664,53.666666666666664,46,0,0,0,0,12,314,4.825,0.6,99
gems > slash,spread8,,4,60,3,0,0,0,0,0,0,0,0,80,6,0.520625,,6
gems > explode,spread8,,4,60,3,0,0,0,0,0,0,0,0,67,6,0.535820895522388,,6
gems > frost,spread8,,4,60,3,0,0,0,0,0,0,0,0,21,126,2.6499999999999995,,6
gems > poison,spread8,,5,60,3,0,0,0,0,0,0,0,0,66,6,0.5416666666666666,,6
gems > vortex,spread8,,4,60,3,0,0,0,0,0,0,0,12,67,6,0.535820895522388,,12
gems > shockwave,spread8,,3,60,3,0,0,0,0,0,0,0,0,70,6,0.5257142857142857,,6
gems > summon,spread8,,5,60,3,77,77,77,66,0,0,0,0,5,139,12.47,0.26666666666666666,79.33333333333333
gems > haste,spread8,,4,60,3,0,0,0,0,0,0,0,0,23,138,2.399999999999999,,6
gems > scatter,spread8,,4,60,3,0,0,0,0,0,0,0,0,76,6,0.525,,6
gems > lance,spread8,,4,60,3,0,0,0,0,0,0,0,0,76,6,0.525,,6
gems > amplify,spread8,,4,60,3,0,0,0,0,0,0,0,0,23,138,2.399999999999999,,6
gems > pull,spread8,,3,60,3,0,0,0,0,0,0,0,12,76,6,0.5203947368421052,,6
gems > magnet,spread8,,3,60,3,0,0,0,0,0,0,0,12,80,6,0.51625,,6
gems > harvest,spread8,,4,60,3,0,0,0,0,0,0,0,0,23,138,2.399999999999999,,6
gems > orb,spread8,,4,60,3,107.33333333333333,107.33333333333333,107.33333333333333,92,0,0,0,0,10,271,6.62,0.26666666666666666,111
gems > mine,spread8,,4,60,3,54.833333333333336,54.833333333333336,54.833333333333336,47,0,0,0,0,10,226,5.7200000000000015,0.5666666666666667,66
gems > turret,spread8,,5,60,3,89.83333333333333,89.83333333333333,89.83333333333333,77,0,0,0,0,6,186,12.25,0.26666666666666666,105
gems > decoy,spread8,,5,60,3,0,0,0,0,0,0,0,0,17,102,3.25,,18
gems > detonate,spread8,,3,60,3,1.9166666666666667,1.9166666666666667,1.9166666666666667,1,0,0,0,0,76,7,0.5276315789473685,0.06666666666666667,6
gems > launch,spread8,,3,60,3,6.333333333333333,6.333333333333333,6.333333333333333,5,0,0,0,0,78,11,0.5365384615384615,0.06666666666666667,10
gems > boomerang,spread8,,4,60,3,0,0,0,0,0,0,0,0,76,6,0.525,,6
gems > homing,spread8,,4,60,3,0,0,0,0,0,0,0,0,76,6,0.525,,6
gems > laser,spread8,,4,60,3,0,0,0,0,0,0,0,0,67,6,0.535820895522388,,6
gems > chain,spread8,,4,60,3,15.166666666666666,15.166666666666666,15.166666666666666,13,0,0,0,0,13,156,4.699999999999999,0.06666666666666667,19.333333333333332
gems > meteor,spread8,,4,60,3,0,0,0,0,0,0,0,0,67,6,0.535820895522388,,12
gems > blades,spread8,,5,60,3,0,0,0,0,0,0,0,0,66,6,0.5416666666666666,,6
gems > root,spread8,,4,60,3,0,0,0,0,0,0,0,0,23,138,2.399999999999999,,6
gems > mark,spread8,,3,60,3,0,0,0,0,0,0,0,0,36,216,1.549999999999999,,6
gems > burn,spread8,,4,60,3,0,0,0,0,0,0,0,0,76,6,0.525,,6
gems > fear,spread8,,4,60,3,0,0,0,0,0,0,0,0,74,12,0.5513513513513513,,6
gems > execute,spread8,,4,60,3,0,0,0,0,0,0,0,0,76,6,0.525,,6
gems > drain,spread8,,4,60,3,0,0,0,0,0,36,0,0,76,6,0.525,,6
gems > blink,spread8,,4,60,3,0,0,0,0,0,0,0,0,64,18,0.60078125,,6
gems > dash,spread8,,4,60,3,0,0,0,0,0,0,0,0,64,18,0.60078125,,6
gems > archer,spread8,,5,60,3,67.66666666666667,65.5,69.83333333333333,57.666666666666664,0,0,0,0,6,170.66666666666666,12.72777777777778,0.27777777777777773,73.66666666666667
gems > sacrifice,spread8,,3,60,3,1.8333333333333333,1.8333333333333333,1.8333333333333333,1,0,0,0,0,76,7,0.5276315789473685,0.06666666666666667,6
gems > rally,spread8,,4,60,3,0,0,0,0,0,0,0,0,23,138,2.399999999999999,,6
gems > ward,spread8,,6,60,3,0,0,0,0,0,0,0,0,58,6,0.5620689655172414,,12
gems > spread,spread8,,3,60,3,0,0,0,0,0,0,0,0,26,156,2.049999999999999,,6
gems > snipe,spread8,,5,60,3,0,0,0,0,0,0,0,0,66,6,0.5416666666666666,,6
gems > split,spread8,,3,60,3,0,0,0,0,0,0,0,0,6,378,16.55,,384
gems > absorb,spread8,,3,60,3,0,0,0,0,0,0,0,12,80,6,0.51625,,6
gems > swap,spread8,,3,60,3,0,0,0,0,0,0,0,10,43,48,1.07906976744186,,6
prey > bolt,spread8,,3,60,3,17.833333333333332,17.833333333333332,17.833333333333332,13,0,0,0,0,48,48,1.0499999999999992,0.5666666666666667,27
prey > slash,spread8,,4,60,3,14.800000000000002,14.8,14.8,12,0,0,0,0,38,38,1.3999999999999992,0.06666666666666667,24.666666666666668
prey > explode,spread8,,4,60,3,13.699999999999998,13.7,13.7,11,0,0,0,0,35,35,1.3999999999999992,0.06666666666666667,22.666666666666668
prey > frost,spread8,,4,60,3,2.3333333333333335,2.3333333333333335,2.3333333333333335,2,0.07319444444444563,0,0,0,36,36,1.3999999999999992,0.06666666666666667,4.333333333333333
prey > poison,spread8,,5,60,3,16.633333333333333,16.633333333333333,16.633333333333333,14,0,0,0,0,29,29,1.75,0.06666666666666667,30
prey > vortex,spread8,,4,60,3,0,0,0,0,0,0,0,0,35,35,1.3999999999999992,,1
prey > shockwave,spread8,,3,60,3,8.566666666666666,8.566666666666666,8.566666666666666,7,0,0,0,0,44,44,1.0499999999999994,0.06666666666666667,14.666666666666666
prey > summon,spread8,,5,60,3,79.4,79.4,79.4,66,0,0,0,0,28,28,1.75,0.26666666666666666,90.33333333333333
prey > heal,spread8,,5,60,3,0,0,0,0,0,0,0,0,29,29,1.75,,0
prey > mend,spread8,,5,60,3,0,0,0,0,0,0,0,0,29,29,1.75,,0
prey > shield,spread8,,4,60,3,0,0,0,0,0,0,0,0,35,35,1.3999999999999992,,0
prey > haste,spread8,,4,60,3,0,0,0,0,0,0,0,0,37,37,1.3999999999999992,,0
prey > rage,spread8,,4,60,3,0,0,0,0,0,0,0,0,37,37,1.3999999999999992,,0
prey > scatter,spread8,,4,60,3,22,22,22,18,0,0,0,0,37,37,1.3999999999999992,0.06666666666666667,36
prey > lance,spread8,,4,60,3,8.7,8.7,8.7,7,0,0,0,0,37,37,1.3999999999999992,0.06666666666666667,14.333333333333334
prey > focus,spread8,,4,60,3,0,0,0,0,0,0,0,0,37,37,1.3999999999999992,,0
prey > amplify,spread8,,4,60,3,0,0,0,0,0,0,0,0,37,37,1.3999999999999992,,0
prey > prolong,spread8,,3,60,3,0,0,0,0,0,0,0,0,78,0,0.5,,0
prey > regen,spread8,,4,60,3,0,0,0,0,0,0,0,0,37,37,1.3999999999999992,,0
prey > armor,spread8,,4,60,3,0,0,0,0,0,0,0,0,37,37,1.3999999999999992,,0
prey > pull,spread8,,3,60,3,0,0,0,0,0,0,0,0,46,46,1.0499999999999994,,0
prey > harvest,spread8,,4,60,3,0,0,0,0,0,0,0,0,37,37,1.3999999999999992,,0
prey > orb,spread8,,4,60,3,49.70000000000001,49.7,49.7,42,0,0,0,0,45,30,1.0999999999999994,0.26666666666666666,61.666666666666664
prey > mine,spread8,,4,60,3,21.666666666666668,21.666666666666668,21.666666666666668,18,0,0,0,0,37,37,1.3999999999999992,0.5666666666666667,37.666666666666664
prey > turret,spread8,,5,60,3,69.45,69.45,69.45,54,0,0,0,0,28,28,1.75,0.26666666666666666,80
prey > decoy,spread8,,5,60,3,0,0,0,0,0,0,0,0,29,29,1.75,,3
prey > detonate,spread8,,3,60,3,54.833333333333336,54.833333333333336,54.833333333333336,47,0,0,0,0,46,46,1.0499999999999994,0.06666666666666667,95
prey > launch,spread8,,3,60,3,83.83333333333333,83.83333333333333,83.83333333333333,71,0,0,0,0,48,48,1.0499999999999992,0.06666666666666667,121.33333333333333
prey > boomerang,spread8,,4,60,3,8.7,8.7,8.7,7,0,0,0,0,37,37,1.3999999999999992,0.06666666666666667,14.333333333333334
prey > homing,spread8,,4,60,3,22,22,22,18,0,0,0,0,37,37,1.3999999999999992,0.06666666666666667,36
prey > laser,spread8,,4,60,3,8.166666666666666,8.166666666666666,8.166666666666666,7,0,0,0,0,35,35,1.3999999999999992,0.06666666666666667,14.333333333333334
prey > chain,spread8,,4,60,3,6.833333333333333,6.833333333333333,6.833333333333333,5,0,0,0,0,35,35,1.3999999999999992,0.06666666666666667,10.666666666666666
prey > meteor,spread8,,4,60,3,20.633333333333333,20.633333333333333,20.633333333333333,17,0,0,0,0,35,35,1.3999999999999992,0.8666666666666666,35
prey > blades,spread8,,5,60,3,33.46666666666667,33.46666666666667,33.46666666666667,28,0,0,0,0,29,29,1.75,0.06666666666666667,57.666666666666664
prey > root,spread8,,4,60,3,0,0,0,0,0.12486111111110935,0,0,0,37,37,1.3999999999999992,,0
prey > mark,spread8,,3,60,3,0,0,0,0,0,0,0,0,50,50,1.0499999999999992,,0
prey > burn,spread8,,4,60,3,21.566666666666666,21.566666666666666,21.566666666666666,18,0,0,0,0,37,37,1.3999999999999992,0.10000000000000002,36
prey > fear,spread8,,4,60,3,0,0,0,0,0.06055555555555681,0,0,0,60,16,0.7399999999999999,,0
prey > execute,spread8,,4,60,3,21.833333333333332,21.833333333333332,21.833333333333332,18,0,0,0,0,37,37,1.3999999999999992,0.06666666666666667,36.333333333333336
prey > drain,spread8,,4,60,3,22,22,22,18,0,50,0,0,37,37,1.3999999999999992,0.06666666666666667,36
prey > blink,spread8,,4,60,3,0,0,0,0,0,0,0,0,38,33,1.2815789473684205,,0
prey > dash,spread8,,4,60,3,0,0,0,0,0,0,0,0,38,33,1.2815789473684205,,0
prey > archer,spread8,,5,60,3,68,68,68,54,0,0,0,0,28,28,1.75,0.26666666666666666,78.66666666666667
prey > sacrifice,spread8,,3,60,3,54.833333333333336,54.833333333333336,54.833333333333336,47,0,0,0,0,46,46,1.0499999999999994,0.06666666666666667,95
prey > rally,spread8,,4,60,3,0,0,0,0,0,0,0,0,37,37,1.3999999999999992,,0
prey > ward,spread8,,6,60,3,0,0,0,0,0,0,0,0,49,8,0.7612244897959183,,2
prey > spread,spread8,,3,60,3,0,0,0,0,0,0,0,0,46,46,1.0499999999999994,,0
prey > snipe,spread8,,5,60,3,33.833333333333336,33.833333333333336,33.833333333333336,29,0,0,0,0,29,29,1.75,0.06666666666666667,58.333333333333336
prey > refresh,spread8,,3,60,3,0,0,0,0,0,0,0,0,82,0,0.5,,0
prey > split,spread8,,3,60,3,0,0,0,0,0,0,0,0,44,44,1.0499999999999994,,0
prey > absorb,spread8,,3,60,3,56,56,56,48,0,50,0,0,48,48,1.0499999999999992,0.06666666666666667,97
prey > swap,spread8,,3,60,3,0,0,0,0,0,0,0,0,44,44,1.0499999999999994,,0
lastHit > bolt,spread8,,2,60,3,1.5,1.5,1.5,1,0,0,0,0,81,4,0.5098765432098765,0.5666666666666667,2
lastHit > slash,spread8,,3,60,3,1.1666666666666667,1.1666666666666667,1.1666666666666667,1,0,0,0,0,80,3,0.520625,0.06666666666666667,1
lastHit > explode,spread8,,3,60,3,1.1666666666666667,1.1666666666666667,1.1666666666666667,1,0,0,0,0,67,3,0.5246268656716417,0.06666666666666667,1
lastHit > frost,spread8,,3,60,3,1.1666666666666667,1.1666666666666667,1.1666666666666667,1,0.03659722222222229,0,0,0,61,18,0.6622950819672132,0.06666666666666667,1
lastHit > poison,spread8,,4,60,3,1.1666666666666667,1.1666666666666667,1.1666666666666667,1,0,0,0,0,66,3,0.540909090909091,0.06666666666666667,4
lastHit > vortex,spread8,,3,60,3,0,0,0,0,0,0,0,0,43,43,1.0499999999999994,,2
lastHit > shockwave,spread8,,2,60,3,1.1666666666666667,1.1666666666666667,1.1666666666666667,1,0,0,0,0,71,6,0.5169014084507043,0.06666666666666667,1.3333333333333333
lastHit > summon,spread8,,4,60,3,6.233333333333333,6.233333333333333,6.233333333333333,5,0,0,0,0,60,2,0.53,0.26666666666666666,6
lastHit > heal,spread8,,4,60,3,0,0,0,0,0,0,0,0,35,35,1.3999999999999992,,0
lastHit > mend,spread8,,4,60,3,0,0,0,0,0,0,0,0,35,35,1.3999999999999992,,0
lastHit > shield,spread8,,3,60,3,0,0,0,0,0,0,0,0,43,43,1.0499999999999994,,0
lastHit > haste,spread8,,3,60,3,0,0,0,0,0,0,0,0,46,46,1.0499999999999994,,0
lastHit > rage,spread8,,3,60,3,0,0,0,0,0,0,0,0,46,46,1.0499999999999994,,0
lastHit > scatter,spread8,,3,60,3,1.1666666666666667,1.1666666666666667,1.1666666666666667,1,0,0,0,0,77,2,0.5142857142857143,0.06666666666666667,1
lastHit > lance,spread8,,3,60,3,1.1666666666666667,1.1666666666666667,1.1666666666666667,1,0,0,0,0,75,5,0.5366666666666666,0.06666666666666667,1
lastHit > focus,spread8,,3,60,3,0,0,0,0,0,0,0,0,46,46,1.0499999999999994,,0
lastHit > amplify,spread8,,3,60,3,0,0,0,0,0,0,0,0,46,46,1.0499999999999994,,0
lastHit > prolong,spread8,,2,60,3,0,0,0,0,0,0,0,0,78,0,0.5,,0
lastHit > regen,spread8,,3,60,3,0,0,0,0,0,0,0,0,46,46,1.0499999999999994,,0
lastHit > armor,spread8,,3,60,3,0,0,0,0,0,0,0,0,46,46,1.0499999999999994,,0
lastHit > pull,spread8,,2,60,3,0,0,0,0,0,0,0,0,62,62,0.7000000000000005,,0
lastHit > harvest,spread8,,3,60,3,0,0,0,0,0,0,0,0,46,46,1.0499999999999994,,0
lastHit > orb,spread8,,3,60,3,5.166666666666667,5.166666666666667,5.166666666666667,4,0,0,0,0,76,3,0.5217105263157894,0.26666666666666666,6
lastHit > mine,spread8,,3,60,3,1.1666666666666667,1.1666666666666667,1.1666666666666667,1,0,0,0,0,77,2,0.5142857142857143,0.5666666666666667,1.3333333333333333
lastHit > turret,spread8,,4,60,3,5.566666666666666,5.566666666666666,5.566666666666666,4,0,0,0,0,62,2,0.529032258064516,0.26666666666666666,6
lastHit > decoy,spread8,,4,60,3,0,0,0,0,0,0,0,0,35,35,1.3999999999999992,,4
lastHit > detonate,spread8,,2,60,3,1.1666666666666667,1.1666666666666667,1.1666666666666667,1,0,0,0,0,78,1,0.5025641025641026,0.06666666666666667,1
lastHit > launch,spread8,,2,60,3,1.6666666666666667,1.6666666666666667,1.6666666666666667,1,0,0,0,0,82,1,0.5024390243902439,0.06666666666666667,2
lastHit > boomerang,spread8,,3,60,3,1.1666666666666667,1.1666666666666667,1.1666666666666667,1,0,0,0,0,75,5,0.5366666666666666,0.06666666666666667,1
lastHit > homing,spread8,,3,60,3,1.1666666666666667,1.1666666666666667,1.1666666666666667,1,0,0,0,0,77,2,0.5142857142857143,0.06666666666666667,1
lastHit > laser,spread8,,3,60,3,1.1666666666666667,1.1666666666666667,1.1666666666666667,1,0,0,0,0,66,5,0.5416666666666666,0.06666666666666667,1
lastHit > chain,spread8,,3,60,3,1.1666666666666667,1.1666666666666667,1.1666666666666667,1,0,0,0,0,66,6,0.5499999999999999,0.06666666666666667,1.3333333333333333
lastHit > meteor,spread8,,3,60,3,1.1666666666666667,1.1666666666666667,1.1666666666666667,1,0,0,0,0,68,2,0.5161764705882353,0.8666666666666666,1
lastHit > blades,spread8,,4,60,3,1.1666666666666667,1.1666666666666667,1.1666666666666667,1,0,0,0,0,68,1,0.513235294117647,0.06666666666666667,2
lastHit > root,spread8,,3,60,3,0,0,0,0,0.12486111111110935,0,0,0,46,46,1.0499999999999994,,0
lastHit > mark,spread8,,2,60,3,0,0,0,0,0,0,0,0,70,70,0.7000000000000007,,0
lastHit > burn,spread8,,3,60,3,1.1666666666666667,1.1666666666666667,1.1666666666666667,1,0,0,0,0,77,2,0.5142857142857143,0.10000000000000002,1
lastHit > fear,spread8,,3,60,3,0,0,0,0,0.12486111111110935,0,0,0,46,46,1.0499999999999994,,0
lastHit > execute,spread8,,3,60,3,1.1666666666666667,1.1666666666666667,1.1666666666666667,1,0,0,0,0,77,2,0.5142857142857143,0.06666666666666667,1
lastHit > drain,spread8,,3,60,3,1.1666666666666667,1.1666666666666667,1.1666666666666667,1,0,12,0,0,77,2,0.5142857142857143,0.06666666666666667,1
lastHit > blink,spread8,,3,60,3,0,0,0,0,0,0,0,0,44,44,1.0499999999999994,,0
lastHit > dash,spread8,,3,60,3,0,0,0,0,0,0,0,0,44,44,1.0499999999999994,,0
lastHit > archer,spread8,,4,60,3,5.333333333333333,5.333333333333333,5.333333333333333,4,0,0,0,0,60,2,0.53,0.26666666666666666,6
lastHit > sacrifice,spread8,,2,60,3,1.1666666666666667,1.1666666666666667,1.1666666666666667,1,0,0,0,0,78,1,0.5025641025641026,0.06666666666666667,1
lastHit > rally,spread8,,3,60,3,0,0,0,0,0,0,0,0,46,46,1.0499999999999994,,0
lastHit > ward,spread8,,5,60,3,0,0,0,0,0,0,0,0,28,28,1.75,,2
lastHit > spread,spread8,,2,60,3,0,0,0,0,0,0,0,0,62,62,0.7000000000000005,,0
lastHit > snipe,spread8,,4,60,3,1.1666666666666667,1.1666666666666667,1.1666666666666667,1,0,0,0,0,68,1,0.513235294117647,0.06666666666666667,1
lastHit > refresh,spread8,,2,60,3,0,0,0,0,0,0,0,0,82,0,0.5,,0
lastHit > split,spread8,,2,60,3,0,0,0,0,0,0,0,0,58,58,0.7000000000000003,,0
lastHit > absorb,spread8,,2,60,3,1.1666666666666667,1.1666666666666667,1.1666666666666667,1,0,6,0,0,82,1,0.5024390243902439,0.06666666666666667,1
lastHit > swap,spread8,,2,60,3,0,0,0,0,0,0,0,0,58,58,0.7000000000000003,,0
all > bolt,spread8,,6,60,3,74.66666666666667,74.66666666666667,74.66666666666667,60,0,0,0,0,6,325.3333333333333,10.083333333333334,0.03333333333333333,138.66666666666666
all > slash,spread8,,7,60,3,59.422222222222224,58.36666666666667,61.53333333333333,49.333333333333336,0,0,296,0,12.333333333333334,202.33333333333334,4.761538461538461,0.03333333333333333,35
all > explode,spread8,,7,60,3,46.9,46.9,46.9,35,0,0,208,0,8,144.33333333333334,7.5625,0.03333333333333333,35
all > frost,spread8,,7,60,3,22.683333333333334,22.683333333333334,22.683333333333334,17,0.08430555555555612,0,20,0,5,197,12.050000000000002,0.03333333333333333,38
all > poison,spread8,,8,60,3,46.43333333333333,46.43333333333333,46.43333333333333,35,0,0,104,0,7,136,8.328571428571427,0.03333333333333333,35
all > vortex,spread8,,7,60,3,21.833333333333332,21.833333333333332,21.833333333333332,18,0,50,0,120,9,135,6.650000000000001,0.03333333333333333,49
all > shockwave,spread8,,6,60,3,36.9,36.9,36.9,27,0,0,120,0,10,154.33333333333334,5.708333333333333,0.03333333333333333,35
all > summon,spread8,,8,60,3,60.65,60.65,60.65,51,0,0,0,0,3,141.33333333333334,21.244444444444444,0.03333333333333333,70.66666666666667
all > heal,spread8,,8,60,3,22.55,22.55,22.55,17,0,213,0,0,10,111,5.830000000000001,0.03333333333333333,39
all > mend,spread8,,8,60,3,22.55,22.55,22.55,17,0,213,0,0,10,111,5.830000000000001,0.03333333333333333,39
all > shield,spread8,,7,60,3,21.466666666666665,21.466666666666665,21.466666666666665,17,0,0,0,0,11,120,5.422727272727273,0.03333333333333333,39
all > haste,spread8,,7,60,3,22,22,22,18,0,0,0,0,6,231.66666666666666,9.972222222222221,0.03333333333333333,39.333333333333336
all > rage,spread8,,7,60,3,28.733333333333334,28.733333333333334,28.733333333333334,23,0,0,0,0,13,137,4.357692307692309,0.03333333333333333,46
all > scatter,spread8,,7,60,3,54.833333333333336,54.833333333333336,54.833333333333336,41,0,0,50,0,11,174.33333333333334,5.419696969696971,0.03333333333333333,35
all > lance,spread8,,7,60,3,42.333333333333336,42.333333333333336,42.333333333333336,34,0,0,176,0,11,170.66666666666666,5.353030303030303,0.03333333333333333,35
all > focus,spread8,,7,60,3,31.649999999999995,31.65,31.65,27,0,0,0,0,14,143,4.292857142857144,0.03333333333333333,47.333333333333336
all > amplify,spread8,,7,60,3,22,22,22,18,0,0,0,0,6,241.66666666666666,10.305555555555555,0.03333333333333333,39.333333333333336
all > prolong,spread8,,6,60,3,77.1,77.1,77.1,65,0,0,0,0,18,116,3.1888888888888878,0.03333333333333333,86.66666666666667
all > regen,spread8,,7,60,3,22.139999999999997,22.139999999999997,22.139999999999997,18,0,118.39999999999604,0,0,13,142,4.434615384615383,0.03333333333333333,39.333333333333336
all > armor,spread8,,7,60,3,21.133333333333333,21.133333333333333,21.133333333333333,17,0,0,0,0,13,142,4.434615384615383,0.03333333333333333,38
all > pull,spread8,,6,60,3,32.93333333333333,32.93333333333333,32.93333333333333,26,0,54,0,168,14,164.33333333333334,4.247619047619048,0.03333333333333333,35
all > magnet,spread8,,6,60,3,22,22,22,18,0,50,0,120,66,29.333333333333332,0.6765151515151514,0.03333333333333333,35
all > harvest,spread8,,7,60,3,22,22,22,18,0,0,0,0,8,229,7.974999999999999,0.03333333333333333,39.333333333333336
all > orb,spread8,,7,60,3,102.3888888888889,102,103.16666666666667,87.33333333333333,0,0,0,0,5,307,14.53,0.03333333333333333,112.66666666666667
all > mine,spread8,,7,60,3,48.333333333333336,48.333333333333336,48.333333333333336,40,0,0,0,0,5,237.66666666666666,11.756666666666666,0.03333333333333333,61
all > turret,spread8,,8,60,3,95,95,95,81,0,0,0,0,3,192.66666666666666,24.927777777777777,0.03333333333333333,114.33333333333333
all > decoy,spread8,,8,60,3,17.433333333333334,17.433333333333334,17.433333333333334,14,0,0,0,0,5,188,13.78,0.03333333333333333,41.333333333333336
all > detonate,spread8,,6,60,3,102.66666666666667,102.66666666666667,102.66666666666667,88,0,0,0,0,11,205,5.627272727272728,0.03333333333333333,35
all > launch,spread8,,6,60,3,131.38888888888889,126.83333333333333,135.83333333333334,108.33333333333333,0,0,0,0,12,233.66666666666666,4.870833333333334,0.03333333333333333,59.333333333333336
all > boomerang,spread8,,7,60,3,42.333333333333336,42.333333333333336,42.333333333333336,34,0,0,176,0,11,170.66666666666666,5.353030303030303,0.03333333333333333,35
all > homing,spread8,,7,60,3,54.833333333333336,54.833333333333336,54.833333333333336,41,0,0,50,0,11,174.33333333333334,5.419696969696971,0.03333333333333333,35
all > laser,spread8,,7,60,3,37.1,37.1,37.1,27,0,0,128,0,8,135.66666666666666,7.2375,0.03333333333333333,35
all > chain,spread8,,7,60,3,32.8,32.8,32.8,24,0,0,0,0,4,174,15.199999999999998,0.03333333333333333,42
all > meteor,spread8,,7,60,3,49.79999999999999,49.8,49.8,42,0,0,256,0,8,145.66666666666666,7.6125,0.03333333333333333,45
all > blades,spread8,,8,60,3,66.8888888888889,66.5,67.66666666666667,57.333333333333336,0,0,106.66666666666667,0,7,151,8.971428571428572,0.03333333333333333,35
all > root,spread8,,7,60,3,20.9,20.9,20.9,17,0.17659722222221755,0,0,0,6,236,10.116666666666667,0.03333333333333333,39
all > mark,spread8,,6,60,3,24.716666666666665,24.716666666666665,24.716666666666665,20,0,0,0,0,10,424.6666666666667,6.246666666666667,0.03333333333333333,41.333333333333336
all > burn,spread8,,7,60,3,89.66666666666667,88.86666666666666,90.46666666666667,74,0,0,56,0,10,200.66666666666666,6.263333333333333,0.03333333333333333,35
all > fear,spread8,,7,60,3,19.9,19.9,19.9,16,0.19618055555554972,0,0,0,6,231,9.95,0.03333333333333333,38
all > execute,spread8,,7,60,3,53.666666666666664,53.666666666666664,53.666666666666664,41,0,0,0,0,11,174.66666666666666,5.425757575757577,0.03333333333333333,35
all > drain,spread8,,7,60,3,54.833333333333336,54.833333333333336,54.833333333333336,41,0,600,0,0,11,174.33333333333334,5.419696969696971,0.03333333333333333,35
all > blink,spread8,,7,60,3,22,22,22,18,0,0,0,0,5,203.33333333333334,12.366666666666667,0.03333333333333333,39.333333333333336
all > dash,spread8,,7,60,3,22,22,22,18,0,0,0,0,5,203.33333333333334,12.366666666666667,0.03333333333333333,39.333333333333336
all > archer,spread8,,8,60,3,49,47.5,50.5,41,0,0,0,0,3,134.33333333333334,20.311111111111114,0.03333333333333333,63.333333333333336
all > sacrifice,spread8,,6,60,3,102.66666666666667,102.66666666666667,102.66666666666667,88,0,0,0,0,11,205,5.627272727272728,0.03333333333333333,35
all > rally,spread8,,7,60,3,45.5,45.5,45.5,39,0,0,0,0,5,287.6666666666667,13.756666666666668,0.03333333333333333,60.333333333333336
all > ward,spread8,,9,60,3,23,23,23,19,0,0,0,0,3.6666666666666665,151.33333333333334,19.28333333333333,0.03333333333333333,47.333333333333336
all > spread,spread8,,6,60,3,22,22,22,18,0,0,0,0,6,241.66666666666666,9.955555555555556,0.03333333333333333,39.333333333333336
all > snipe,spread8,,8,60,3,65.33333333333333,65.33333333333333,65.33333333333333,56,0,0,0,0,7,146.66666666666666,8.785714285714286,0.03333333333333333,35
all > refresh,spread8,,6,60,3,124.23333333333333,124.23333333333333,124.23333333333333,106,0,0,0,0,16,191,3.740625,0.03333333333333333,134.33333333333334
all > split,spread8,,6,60,3,27.12777777777778,24.175,29.258333333333333,24.333333333333332,0,0,0,0,3,240,21.850000000000005,0.03333333333333333,192.33333333333334
all > absorb,spread8,,6,60,3,133.77777777777774,130.66666666666666,140,114.66666666666667,0,50,0,652,13.333333333333334,205.33333333333334,4.2615384615384615,0.03333333333333333,35
all > swap,spread8,,6,60,3,20.9,20.9,20.9,16,0,50,0,108,12,99,3.912500000000001,0.03333333333333333,35
nearestEnemy > bolt,spread8,,2,60,3,24.833333333333332,24.833333333333332,24.833333333333332,21,0,0,0,0,65,65,0.7000000000000005,0.5666666666666667,23
nearestEnemy > slash,spread8,,3,60,3,18.666666666666668,18.666666666666668,18.666666666666668,16,0,0,0,0,48,48,1.0499999999999992,0.06666666666666667,16
nearestEnemy > explode,spread8,,3,60,3,16.766666666666666,16.766666666666666,16.766666666666666,14,0,0,0,0,43,43,1.0499999999999994,0.06666666666666667,14
nearestEnemy > frost,spread8,,3,60,3,2.8666666666666667,2.8666666666666667,2.8666666666666667,2,0.09041666666666687,0,0,0,44,44,1.0499999999999994,0.06666666666666667,2
nearestEnemy > poison,spread8,,4,60,3,13.733333333333333,13.733333333333333,13.733333333333333,11,0,0,0,0,35,35,1.3999999999999992,0.06666666666666667,14
nearestEnemy > vortex,spread8,,3,60,3,0,0,0,0,0,0,0,0,43,43,1.0499999999999994,,2
nearestEnemy > shockwave,spread8,,2,60,3,11.5,11.5,11.5,9,0,0,0,0,58,58,0.7000000000000003,0.06666666666666667,9.333333333333334
nearestEnemy > summon,spread8,,4,60,3,94.90000000000002,94.9,94.9,81,0,0,0,0,33,33,1.3999999999999992,0.26666666666666666,88.33333333333333
nearestEnemy > heal,spread8,,4,60,3,0,0,0,0,0,0,0,0,35,35,1.3999999999999992,,0
nearestEnemy > mend,spread8,,4,60,3,0,0,0,0,0,0,0,0,35,35,1.3999999999999992,,0
nearestEnemy > shield,spread8,,3,60,3,0,0,0,0,0,0,0,0,43,43,1.0499999999999994,,0
nearestEnemy > haste,spread8,,3,60,3,0,0,0,0,0,0,0,0,46,46,1.0499999999999994,,0
nearestEnemy > rage,spread8,,3,60,3,0,0,0,0,0,0,0,0,46,46,1.0499999999999994,,0
nearestEnemy > scatter,spread8,,3,60,3,27.833333333333332,27.833333333333332,27.833333333333332,23,0,0,0,0,46,46,1.0499999999999994,0.06666666666666667,23.333333333333332
nearestEnemy > lance,spread8,,3,60,3,11.033333333333333,11.033333333333333,11.033333333333333,9,0,0,0,0,46,46,1.0499999999999994,0.06666666666666667,9
nearestEnemy > focus,spread8,,3,60,3,0,0,0,0,0,0,0,0,46,46,1.0499999999999994,,0
nearestEnemy > amplify,spread8,,3,60,3,0,0,0,0,0,0,0,0,46,46,1.0499999999999994,,0
nearestEnemy > prolong,spread8,,2,60,3,0,0,0,0,0,0,0,0,78,0,0.5,,0
nearestEnemy > regen,spread8,,3,60,3,0,0,0,0,0,0,0,0,46,46,1.0499999999999994,,0
nearestEnemy > armor,spread8,,3,60,3,0,0,0,0,0,0,0,0,46,46,1.0499999999999994,,0
nearestEnemy > pull,spread8,,2,60,3,0,0,0,0,0,0,0,0,62,62,0.7000000000000005,,0
nearestEnemy > harvest,spread8,,3,60,3,0,0,0,0,0,0,0,0,46,46,1.0499999999999994,,0
nearestEnemy > orb,spread8,,3,60,3,75.26666666666667,75.26666666666667,75.26666666666667,64,0,0,0,0,46,46,1.0499999999999994,0.26666666666666666,72.33333333333333
nearestEnemy > mine,spread8,,3,60,3,26.833333333333332,26.833333333333332,26.833333333333332,23,0,0,0,0,46,46,1.0499999999999994,0.5666666666666667,24.333333333333332
nearestEnemy > turret,spread8,,4,60,3,83.13333333333334,83.13333333333334,83.13333333333334,71,0,0,0,0,34,34,1.3999999999999992,0.26666666666666666,80.33333333333333
nearestEnemy > decoy,spread8,,4,60,3,0,0,0,0,0,0,0,0,35,35,1.3999999999999992,,4
nearestEnemy > detonate,spread8,,2,60,3,73.5,73.5,73.5,63,0,0,0,0,62,62,0.7000000000000005,0.06666666666666667,64.66666666666667
nearestEnemy > launch,spread8,,2,60,3,113,113,113,96,0,0,0,0,65,65,0.7000000000000005,0.06666666666666667,99.66666666666667
nearestEnemy > boomerang,spread8,,3,60,3,11.033333333333333,11.033333333333333,11.033333333333333,9,0,0,0,0,46,46,1.0499999999999994,0.06666666666666667,9
nearestEnemy > homing,spread8,,3,60,3,27.833333333333332,27.833333333333332,27.833333333333332,23,0,0,0,0,46,46,1.0499999999999994,0.06666666666666667,23.333333333333332
nearestEnemy > laser,spread8,,3,60,3,10.133333333333333,10.133333333333333,10.133333333333333,8,0,0,0,0,43,43,1.0499999999999994,0.06666666666666667,8
nearestEnemy > chain,spread8,,3,60,3,8.366666666666667,8.366666666666667,8.366666666666667,7,0,0,0,0,43,43,1.0499999999999994,0.06666666666666667,7.333333333333333
nearestEnemy > meteor,spread8,,3,60,3,25.3,25.3,25.3,21,0,0,0,0,43,43,1.0499999999999994,0.8666666666666666,23
nearestEnemy > blades,spread8,,4,60,3,40.46666666666667,40.46666666666667,40.46666666666667,34,0,0,0,0,35,35,1.3999999999999992,0.06666666666666667,36
nearestEnemy > root,spread8,,3,60,3,0,0,0,0,0.12486111111110935,0,0,0,46,46,1.0499999999999994,,0
nearestEnemy > mark,spread8,,2,60,3,0,0,0,0,0,0,0,0,70,70,0.7000000000000007,,0
nearestEnemy > burn,spread8,,3,60,3,26.899999999999995,26.9,26.9,23,0,0,0,0,46,46,1.0499999999999994,0.10000000000000002,24
nearestEnemy > fear,spread8,,3,60,3,0,0,0,0,0.06520833333333483,0,0,0,67,16,0.6313432835820896,,0
nearestEnemy > execute,spread8,,3,60,3,27.666666666666668,27.666666666666668,27.666666666666668,23,0,0,0,0,46,46,1.0499999999999994,0.06666666666666667,23.666666666666668
nearestEnemy > drain,spread8,,3,60,3,27.833333333333332,27.833333333333332,27.833333333333332,23,0,50,0,0,46,46,1.0499999999999994,0.06666666666666667,23.333333333333332
nearestEnemy > blink,spread8,,3,60,3,0,0,0,0,0,0,0,0,51,33,0.8558823529411765,,0
nearestEnemy > dash,spread8,,3,60,3,0,0,0,0,0,0,0,0,51,33,0.8558823529411765,,0
nearestEnemy > archer,spread8,,4,60,3,81.33333333333333,81.33333333333333,81.33333333333333,69,0,0,0,0,33,33,1.3999999999999992,0.26666666666666666,77
nearestEnemy > sacrifice,spread8,,2,60,3,73.5,73.5,73.5,63,0,0,0,0,62,62,0.7000000000000005,0.06666666666666667,64.66666666666667
nearestEnemy > rally,spread8,,3,60,3,0,0,0,0,0,0,0,0,46,46,1.0499999999999994,,0
nearestEnemy > ward,spread8,,5,60,3,0,0,0,0,0,0,0,0,52,8,0.6923076923076922,,2
nearestEnemy > spread,spread8,,2,60,3,0,0,0,0,0,0,0,0,62,62,0.7000000000000005,,0
nearestEnemy > snipe,spread8,,4,60,3,40.833333333333336,40.833333333333336,40.833333333333336,35,0,0,0,0,35,35,1.3999999999999992,0.06666666666666667,36
nearestEnemy > refresh,spread8,,2,60,3,0,0,0,0,0,0,0,0,82,0,0.5,,0
nearestEnemy > split,spread8,,2,60,3,0,0,0,0,0,0,0,0,58,58,0.7000000000000003,,0
nearestEnemy > absorb,spread8,,2,60,3,75.83333333333333,75.83333333333333,75.83333333333333,65,0,50,0,0,65,65,0.7000000000000005,0.06666666666666667,66.66666666666667
nearestEnemy > swap,spread8,,2,60,3,0,0,0,0,0,0,0,0,58,58,0.7000000000000003,,0
woundedEnemies > bolt,spread8,,4,60,3,0,0,0,0,0,0,0,0,82,0,0.5,,0
woundedEnemies > slash,spread8,,5,60,3,0,0,0,0,0,0,0,0,82,0,0.5,,0
woundedEnemies > explode,spread8,,5,60,3,0,0,0,0,0,0,0,0,69,0,0.5,,0
woundedEnemies > frost,spread8,,5,60,3,0,0,0,0,0,0,0,0,72,0,0.5,,0
woundedEnemies > poison,spread8,,6,60,3,0,0,0,0,0,0,0,0,69,0,0.5,,0
woundedEnemies > vortex,spread8,,5,60,3,0,0,0,0,0,0,0,0,69,0,0.5,,0
woundedEnemies > shockwave,spread8,,4,60,3,0,0,0,0,0,0,0,0,72,0,0.5,,0
woundedEnemies > summon,spread8,,6,60,3,0,0,0,0,0,0,0,0,62,0,0.5,,0
woundedEnemies > heal,spread8,,6,60,3,0,0,0,0,0,0,0,0,69,0,0.5,,0
woundedEnemies > mend,spread8,,6,60,3,0,0,0,0,0,0,0,0,69,0,0.5,,0
woundedEnemies > shield,spread8,,5,60,3,0,0,0,0,0,0,0,0,69,0,0.5,,0
woundedEnemies > haste,spread8,,5,60,3,0,0,0,0,0,0,0,0,78,0,0.5,,0
woundedEnemies > rage,spread8,,5,60,3,0,0,0,0,0,0,0,0,78,0,0.5,,0
woundedEnemies > scatter,spread8,,5,60,3,0,0,0,0,0,0,0,0,78,0,0.5,,0
woundedEnemies > lance,spread8,,5,60,3,0,0,0,0,0,0,0,0,78,0,0.5,,0
woundedEnemies > focus,spread8,,5,60,3,0,0,0,0,0,0,0,0,78,0,0.5,,0
woundedEnemies > amplify,spread8,,5,60,3,0,0,0,0,0,0,0,0,78,0,0.5,,0
woundedEnemies > prolong,spread8,,4,60,3,0,0,0,0,0,0,0,0,78,0,0.5,,0
woundedEnemies > regen,spread8,,5,60,3,0,0,0,0,0,0,0,0,78,0,0.5,,0
woundedEnemies > armor,spread8,,5,60,3,0,0,0,0,0,0,0,0,78,0,0.5,,0
woundedEnemies > pull,spread8,,4,60,3,0,0,0,0,0,0,0,0,78,0,0.5,,0
woundedEnemies > harvest,spread8,,5,60,3,0,0,0,0,0,0,0,0,78,0,0.5,,0
woundedEnemies > orb,spread8,,5,60,3,0,0,0,0,0,0,0,0,78,0,0.5,,0
woundedEnemies > mine,spread8,,5,60,3,0,0,0,0,0,0,0,0,78,0,0.5,,0
woundedEnemies > turret,spread8,,6,60,3,0,0,0,0,0,0,0,0,64,0,0.5,,0
woundedEnemies > decoy,spread8,,6,60,3,0,0,0,0,0,0,0,0,69,0,0.5,,0
woundedEnemies > detonate,spread8,,4,60,3,0,0,0,0,0,0,0,0,78,0,0.5,,0
woundedEnemies > launch,spread8,,4,60,3,0,0,0,0,0,0,0,0,82,0,0.5,,0
woundedEnemies > boomerang,spread8,,5,60,3,0,0,0,0,0,0,0,0,78,0,0.5,,0
woundedEnemies > homing,spread8,,5,60,3,0,0,0,0,0,0,0,0,78,0,0.5,,0
woundedEnemies > laser,spread8,,5,60,3,0,0,0,0,0,0,0,0,69,0,0.5,,0
woundedEnemies > chain,spread8,,5,60,3,0,0,0,0,0,0,0,0,69,0,0.5,,0
woundedEnemies > meteor,spread8,,5,60,3,0,0,0,0,0,0,0,0,69,0,0.5,,0
woundedEnemies > blades,spread8,,6,60,3,0,0,0,0,0,0,0,0,69,0,0.5,,0
woundedEnemies > root,spread8,,5,60,3,0,0,0,0,0,0,0,0,78,0,0.5,,0
woundedEnemies > mark,spread8,,4,60,3,0,0,0,0,0,0,0,0,90,0,0.5,,0
woundedEnemies > burn,spread8,,5,60,3,0,0,0,0,0,0,0,0,78,0,0.5,,0
woundedEnemies > fear,spread8,,5,60,3,0,0,0,0,0,0,0,0,78,0,0.5,,0
woundedEnemies > execute,spread8,,5,60,3,0,0,0,0,0,0,0,0,78,0,0.5,,0
woundedEnemies > drain,spread8,,5,60,3,0,0,0,0,0,0,0,0,78,0,0.5,,0
woundedEnemies > blink,spread8,,5,60,3,0,0,0,0,0,0,0,0,72,0,0.5,,0
woundedEnemies > dash,spread8,,5,60,3,0,0,0,0,0,0,0,0,72,0,0.5,,0
woundedEnemies > archer,spread8,,6,60,3,0,0,0,0,0,0,0,0,62,0,0.5,,0
woundedEnemies > sacrifice,spread8,,4,60,3,0,0,0,0,0,0,0,0,78,0,0.5,,0
woundedEnemies > rally,spread8,,5,60,3,0,0,0,0,0,0,0,0,78,0,0.5,,0
woundedEnemies > ward,spread8,,7,60,3,0,0,0,0,0,0,0,0,62,0,0.5,,0
woundedEnemies > spread,spread8,,4,60,3,0,0,0,0,0,0,0,0,78,0,0.5,,0
woundedEnemies > snipe,spread8,,6,60,3,0,0,0,0,0,0,0,0,69,0,0.5,,0
woundedEnemies > refresh,spread8,,4,60,3,0,0,0,0,0,0,0,0,82,0,0.5,,0
woundedEnemies > split,spread8,,4,60,3,0,0,0,0,0,0,0,0,72,0,0.5,,0
woundedEnemies > absorb,spread8,,4,60,3,0,0,0,0,0,0,0,0,82,0,0.5,,0
woundedEnemies > swap,spread8,,4,60,3,0,0,0,0,0,0,0,0,72,0,0.5,,0
pickups > bolt,spread8,,3,60,3,93.33333333333333,92.16666666666667,94.5,80,0,0,0,0,28.666666666666668,196,1.92911238825032,0.6,94
pickups > slash,spread8,,4,60,3,0,0,0,0,0,0,0,0,80,6,0.520625,,6
pickups > explode,spread8,,4,60,3,0,0,0,0,0,0,0,0,67,6,0.535820895522388,,6
pickups > frost,spread8,,4,60,3,0,0,0,0,0,0,0,0,21,126,2.6499999999999995,,6
pickups > poison,spread8,,5,60,3,0,0,0,0,0,0,0,0,66,6,0.5416666666666666,,6
pickups > vortex,spread8,,4,60,3,0,0,0,0,0,50,0,0,67,6,0.535820895522388,,12
pickups > shockwave,spread8,,3,60,3,0,0,0,0,0,0,0,0,70,6,0.5257142857142857,,6
pickups > summon,spread8,,5,60,3,113.16666666666667,110.83333333333333,114.33333333333333,97,0,0,0,0,13,96,4.325335775335776,0.26666666666666666,112
pickups > haste,spread8,,4,60,3,0,0,0,0,0,0,0,0,23,138,2.399999999999999,,6
pickups > scatter,spread8,,4,60,3,0,0,0,0,0,0,0,0,76,6,0.525,,6
pickups > lance,spread8,,4,60,3,0,0,0,0,0,0,0,0,76,6,0.525,,6
pickups > amplify,spread8,,4,60,3,0,0,0,0,0,0,0,0,23,138,2.399999999999999,,6
pickups > pull,spread8,,3,60,3,0,0,0,0,0,50,0,0,76,6,0.5203947368421052,,6
pickups > magnet,spread8,,3,60,3,0,0,0,0,0,50,0,0,80,6,0.51625,,6
pickups > orb,spread8,,4,60,3,31.766666666666666,26.066666666666666,43.166666666666664,27,0,0,0,0,22.666666666666668,141,2.445454545454545,0.26666666666666666,45.666666666666664
pickups > mine,spread8,,4,60,3,43.22222222222223,40.333333333333336,45,36.666666666666664,0,0,0,0,23,143,2.443478260869565,0.5666666666666667,53.666666666666664
pickups > turret,spread8,,5,60,3,142.00555555555556,141.76666666666668,142.48333333333332,121.33333333333333,0,0,0,0,14.666666666666666,99.66666666666667,3.781111111111112,0.26666666666666666,145.66666666666666
pickups > decoy,spread8,,5,60,3,0,0,0,0,0,0,0,0,17,102,3.25,,18
pickups > detonate,spread8,,3,60,3,1.1666666666666667,1.1666666666666667,1.1666666666666667,1,0,0,0,0,76,6,0.5203947368421052,0.06666666666666667,6
pickups > launch,spread8,,3,60,3,5.166666666666667,5.166666666666667,5.166666666666667,4,0,0,0,0,80,6,0.51625,0.06666666666666667,10
pickups > boomerang,spread8,,4,60,3,0,0,0,0,0,0,0,0,76,6,0.525,,6
pickups > homing,spread8,,4,60,3,0,0,0,0,0,0,0,0,76,6,0.525,,6
pickups > laser,spread8,,4,60,3,0,0,0,0,0,0,0,0,67,6,0.535820895522388,,6
pickups > chain,spread8,,4,60,3,21.777777777777782,21,22.166666666666668,18.666666666666668,0,0,0,0,18.666666666666668,115.66666666666667,2.9611111111111104,0.06666666666666667,25.333333333333332
pickups > meteor,spread8,,4,60,3,0,0,0,0,0,0,0,0,67,6,0.535820895522388,,12
pickups > blades,spread8,,5,60,3,0,0,0,0,0,0,0,0,66,6,0.5416666666666666,,6
pickups > root,spread8,,4,60,3,0,0,0,0,0,0,0,0,23,138,2.399999999999999,,6
pickups > mark,spread8,,3,60,3,0,0,0,0,0,0,0,0,36,216,1.549999999999999,,6
pickups > burn,spread8,,4,60,3,0,0,0,0,0,0,0,0,76,6,0.525,,6
pickups > fear,spread8,,4,60,3,0,0,0,0,0,0,0,0,74,12,0.5513513513513513,,6
pickups > execute,spread8,,4,60,3,0,0,0,0,0,0,0,0,76,6,0.525,,6
pickups > drain,spread8,,4,60,3,0,0,0,0,0,36,0,0,76,6,0.525,,6
pickups > blink,spread8,,4,60,3,0,0,0,0,0,0,0,0,64,18,0.60078125,,6
pickups > dash,spread8,,4,60,3,0,0,0,0,0,0,0,0,64,18,0.60078125,,6
pickups > archer,spread8,,5,60,3,95.94444444444444,93.33333333333333,100,81.66666666666667,0,0,0,0,13.666666666666666,94.66666666666667,4.139743589743589,0.27777777777777773,99
pickups > sacrifice,spread8,,3,60,3,1.1666666666666667,1.1666666666666667,1.1666666666666667,1,0,0,0,0,76,6,0.5203947368421052,0.06666666666666667,6
pickups > rally,spread8,,4,60,3,0,0,0,0,0,0,0,0,23,138,2.399999999999999,,6
pickups > ward,spread8,,6,60,3,0,0,0,0,0,0,0,0,58,6,0.5620689655172414,,12
pickups > spread,spread8,,3,60,3,0,0,0,0,0,0,0,0,26,156,2.049999999999999,,6
pickups > snipe,spread8,,5,60,3,0,0,0,0,0,0,0,0,66,6,0.5416666666666666,,6
pickups > split,spread8,,3,60,3,0,0,0,0,0,8.333333333333334,0,0,6,378,16.55,,384
pickups > absorb,spread8,,3,60,3,0,0,0,0,0,50,0,0,81,0,0.5,,6
pickups > swap,spread8,,3,60,3,0,0,0,0,0,25,0,0,42,42,1.0499999999999996,,6
,boss,,0,60,3,0,0,0,0,0,0,0,0,0,0,0,,0
self,boss,,1,60,3,0,0,0,0,0,0,0,0,0,0,0,,0
enemies,boss,,6,60,3,0,0,0,0,0,0,0,0,0,0,0,,0
ahead,boss,,1,60,3,0,0,0,0,0,0,0,0,0,0,0,,0
behind,boss,,1,60,3,0,0,0,0,0,0,0,0,0,0,0,,0
randomPoint,boss,,1,60,3,0,0,0,0,0,0,0,0,0,0,0,,0
fallen,boss,,2,60,3,0,0,0,0,0,0,0,0,0,0,0,,0
objects,boss,,3,60,3,0.6,0.6,0.6,0,0,0,0,0,0,0,0,0.2333333333333333,1
allies,boss,,3,60,3,2.1333333333333333,2.1333333333333333,2.1333333333333333,0,0,0,0,0,0,0,0,0.2333333333333333,1
zones,boss,,3,60,3,0.6833333333333332,0.6833333333333333,0.6833333333333333,0,0,0,0,0,0,0,0,0.03333333333333333,0
shots,boss,,3,60,3,0.10000000000000002,0.1,0.1,0,0,0,0,0,0,0,0,0.03333333333333333,0
gems,boss,,2,60,3,0,0,0,0,0,0,0,0,0,0,0,,1
prey,boss,,2,60,3,0,0,0,0,0,0,0,0,0,0,0,,0
lastHit,boss,,1,60,3,0,0,0,0,0,0,0,0,0,0,0,,0
all,boss,,5,60,3,3.516666666666667,3.5166666666666666,3.5166666666666666,0,0,0,0,0,0,0,0,0.03333333333333333,4
nearestEnemy,boss,,1,60,3,0,0,0,0,0,0,0,0,0,0,0,,0
woundedEnemies,boss,,3,60,3,0,0,0,0,0,0,0,0,0,0,0,,0
pickups,boss,,2,60,3,0,0,0,0,0,0,0,0,0,0,0,,1
self > bolt,boss,,2,60,3,17.066666666666666,17.066666666666666,17.066666666666666,0,0,0,0,0,65,65,0.7000000000000005,0.3333333333333333,2
self > slash,boss,,3,60,3,0,0,0,0,0,0,1152,0,48,48,1.0499999999999992,,0
self > explode,boss,,3,60,3,0,0,0,0,0,0,1118,0,43,43,1.0499999999999994,,0
self > frost,boss,,3,60,3,0,0,0,0,0,0,100,0,25,25,1.0500000000000005,,0
self > poison,boss,,4,60,3,0,0,0,0,0,0,486,0,35,35,1.3999999999999992,,3
self > vortex,boss,,3,60,3,0,0,0,0,0,0,0,0,43,43,1.0499999999999994,,2
self > shockwave,boss,,2,60,3,0,0,0,0,0,0,708,0,58,58,0.7000000000000003,,0
self > summon,boss,,4,60,3,60.75555555555555,60.666666666666664,60.8,1,0,0,0,0,33,33,1.3999999999999992,0.6888888888888888,7
self > heal,boss,,4,60,3,0,0,0,0,0,50,0,0,35,35,1.3999999999999992,,0
self > mend,boss,,4,60,3,0,0,0,0,0,50,0,0,35,35,1.3999999999999992,,0
self > shield,boss,,3,60,3,0,0,0,0,0,0,0,0,43,43,1.0499999999999994,,0
self > haste,boss,,3,60,3,0,0,0,0,0,0,0,0,46,46,1.0499999999999994,,0
self > scatter,boss,,3,60,3,0,0,0,0,0,0,230,0,46,46,1.0499999999999994,,0
self > lance,boss,,3,60,3,0,0,0,0,0,0,752,0,46,46,1.0499999999999994,,0
self > amplify,boss,,3,60,3,0,0,0,0,0,0,0,0,46,46,1.0499999999999994,,0
self > regen,boss,,3,60,3,0,0,0,0,0,50,0,0,46,46,1.0499999999999994,,0
self > armor,boss,,3,60,3,0,0,0,0,0,0,0,0,46,46,1.0499999999999994,,0
self > orb,boss,,3,60,3,0,0,0,0,0,0,0,0,46,46,1.0499999999999994,,7
self > mine,boss,,3,60,3,0,0,0,0,0,0,0,0,46,46,1.0499999999999994,,12
self > turret,boss,,4,60,3,47.333333333333336,47.333333333333336,47.333333333333336,0,0,0,0,0,34,34,1.3999999999999992,0.49999999999999994,12
self > decoy,boss,,4,60,3,0,0,0,0,0,0,0,0,35,35,1.3999999999999992,,4
self > boomerang,boss,,3,60,3,0,0,0,0,0,0,752,0,46,46,1.0499999999999994,,0
self > homing,boss,,3,60,3,0,0,0,0,0,0,230,0,46,46,1.0499999999999994,,0
self > laser,boss,,3,60,3,0,0,0,0,0,0,688,0,43,43,1.0499999999999994,,0
self > chain,boss,,3,60,3,0,0,0,0,0,0,0,0,43,43,1.0499999999999994,,0
self > meteor,boss,,3,60,3,0,0,0,0,0,0,2064,0,43,43,1.0499999999999994,,1
self > blades,boss,,4,60,3,0,0,0,0,0,0,896,0,35,35,1.3999999999999992,,3
self > root,boss,,3,60,3,0,0,0,0,0,0,0,0,46,46,1.0499999999999994,,0
self > mark,boss,,2,60,3,0,0,0,0,0,0,0,0,70,70,0.7000000000000007,,0
self > burn,boss,,3,60,3,0,0,0,0,0,0,113,0,46,46,1.0499999999999994,,0
self > fear,boss,,3,60,3,0,0,0,0,0,0,0,0,46,46,1.0499999999999994,,0
self > execute,boss,,3,60,3,0,0,0,0,0,0,0,0,46,46,1.0499999999999994,,0
self > drain,boss,,3,60,3,0,0,0,0,0,0,230,0,46,46,1.0499999999999994,,0
self > blink,boss,,3,60,3,0,0,0,0,0,0,0,0,44,44,1.0499999999999994,,0
self > dash,boss,,3,60,3,0,0,0,0,0,0,0,0,44,44,1.0499999999999994,,0
self > archer,boss,,4,60,3,48.70000000000001,48.7,48.7,0,0,0,0,0,33,33,1.3999999999999992,0.4666666666666666,9.666666666666666
self > rally,boss,,3,60,3,0,0,0,0,0,0,0,0,46,46,1.0499999999999994,,0
self > ward,boss,,5,60,3,0,0,0,0,0,0,0,0,28,28,1.75,,2
self > spread,boss,,2,60,3,0,0,0,0,0,0,0,0,62,62,0.7000000000000005,,0
self > snipe,boss,,4,60,3,0,0,0,0,0,0,0,0,35,35,1.3999999999999992,,0
self > split,boss,,2,60,3,0,0,0,0,0,0,0,0,58,58,0.7000000000000003,,6
enemies > bolt,boss,,7,60,3,6.133333333333334,6.133333333333334,6.133333333333334,0,0,0,0,0,23,23,2.450000000000001,0.3111111111111111,1
enemies > slash,boss,,8,60,3,6.666666666666667,6.666666666666667,6.666666666666667,0,0,0,0,0,20,20,2.799999999999999,0.06666666666666667,0
enemies > explode,boss,,8,60,3,7.333333333333333,7.333333333333333,7.333333333333333,0,0,0,0,0,20,20,2.799999999999999,0.06666666666666667,0
enemies > frost,boss,,8,60,3,1.3333333333333333,1.3333333333333333,1.3333333333333333,0,0.1444444444444441,0,0,0,20,20,2.799999999999999,0.06666666666666667,0
enemies > poison,boss,,9,60,3,4.566666666666666,4.566666666666666,4.566666666666666,0,0,0,0,0,18,18,3.149999999999999,0.06666666666666667,2
enemies > vortex,boss,,8,60,3,0,0,0,0,0,0,0,0,20,20,2.799999999999999,,1
enemies > shockwave,boss,,7,60,3,2.933333333333333,2.933333333333333,2.933333333333333,0,0,0,0,0,22,22,2.450000000000001,0.06666666666666667,0
enemies > summon,boss,,9,60,3,33.733333333333334,33.733333333333334,33.733333333333334,0,0,0,0,0,17,17,3.149999999999999,0.26666666666666666,3
enemies > heal,boss,,9,60,3,0,0,0,0,0,0,0,0,18,18,3.149999999999999,,0
enemies > mend,boss,,9,60,3,0,0,0,0,0,0,0,0,18,18,3.149999999999999,,0
enemies > shield,boss,,8,60,3,0,0,0,0,0,0,0,0,20,20,2.799999999999999,,0
enemies > haste,boss,,8,60,3,0,0,0,0,0,0,0,0,20,20,2.799999999999999,,0
enemies > rage,boss,,8,60,3,0,0,0,0,0,0,0,0,20,20,2.799999999999999,,0
enemies > scatter,boss,,8,60,3,18.666666666666668,18.666666666666668,18.666666666666668,0,0,0,0,0,20,20,2.799999999999999,0.06666666666666667,0
enemies > lance,boss,,8,60,3,4,4,4,0,0,0,0,0,20,20,2.799999999999999,0.06666666666666667,0
enemies > focus,boss,,8,60,3,0,0,0,0,0,0,0,0,20,20,2.799999999999999,,0
enemies > amplify,boss,,8,60,3,0,0,0,0,0,0,0,0,20,20,2.799999999999999,,0
enemies > prolong,boss,,7,60,3,0,0,0,0,0,0,0,0,78,0,0.5,,0
enemies > regen,boss,,8,60,3,0,0,0,0,0,0,0,0,20,20,2.799999999999999,,0
enemies > armor,boss,,8,60,3,0,0,0,0,0,0,0,0,20,20,2.799999999999999,,0
enemies > pull,boss,,7,60,3,0,0,0,0,0,0,0,0,23,23,2.450000000000001,,0
enemies > harvest,boss,,8,60,3,0,0,0,0,0,0,0,0,20,20,2.799999999999999,,0
enemies > orb,boss,,8,60,3,11.366666666666667,11.366666666666667,11.366666666666667,0,0,0,0,0,20,20,2.799999999999999,0.26666666666666666,3
enemies > mine,boss,,8,60,3,12,12,12,0,0,0,0,0,20,20,2.799999999999999,0.5666666666666667,1
enemies > turret,boss,,9,60,3,24.416666666666668,24.416666666666668,24.416666666666668,0,0,0,0,0,17,17,3.149999999999999,0.26666666666666666,4
enemies > decoy,boss,,9,60,3,0,0,0,0,0,0,0,0,18,18,3.149999999999999,,2
enemies > detonate,boss,,7,60,3,1380,1380,1380,23,0,0,0,0,23,23,2.450000000000001,0.06666666666666667,23
enemies > launch,boss,,7,60,3,1380.4333333333334,1380.4333333333334,1380.4333333333334,23,0,0,0,0,23,23,2.450000000000001,0.06666666666666667,24
enemies > boomerang,boss,,8,60,3,4,4,4,0,0,0,0,0,20,20,2.799999999999999,0.06666666666666667,0
enemies > homing,boss,,8,60,3,18.666666666666668,18.666666666666668,18.666666666666668,0,0,0,0,0,20,20,2.799999999999999,0.06666666666666667,0
enemies > laser,boss,,8,60,3,4,4,4,0,0,0,0,0,20,20,2.799999999999999,0.06666666666666667,0
enemies > chain,boss,,8,60,3,2.6666666666666665,2.6666666666666665,2.6666666666666665,0,0,0,0,0,20,20,2.799999999999999,0.06666666666666667,0
enemies > meteor,boss,,8,60,3,13.933333333333332,13.933333333333334,13.933333333333334,0,0,0,0,0,20,20,2.799999999999999,0.8666666666666666,1
enemies > blades,boss,,9,60,3,28.2,28.2,28.2,0,0,0,0,0,18,18,3.149999999999999,0.06666666666666667,2
enemies > root,boss,,8,60,3,0,0,0,0,0.6000000000000086,0,0,0,20,20,2.799999999999999,,0
enemies > mark,boss,,7,60,3,0,0,0,0,0,0,0,0,24,24,2.450000000000001,,0
enemies > burn,boss,,8,60,3,29.966666666666665,29.966666666666665,29.966666666666665,0,0,0,0,0,20,20,2.799999999999999,0.10000000000000002,0
enemies > fear,boss,,8,60,3,0,0,0,0,0,0,0,0,20,20,2.799999999999999,,0
enemies > execute,boss,,8,60,3,15.333333333333334,15.333333333333334,15.333333333333334,0,0,0,0,0,20,20,2.799999999999999,0.06666666666666667,0
enemies > drain,boss,,8,60,3,18.666666666666668,18.666666666666668,18.666666666666668,0,0,50,0,0,20,20,2.799999999999999,0.06666666666666667,0
enemies > blink,boss,,8,60,3,0,0,0,0,0,0,0,0,64,3,0.6078125,,0
enemies > dash,boss,,8,60,3,0,0,0,0,0,0,0,0,64,3,0.6078125,,0
enemies > archer,boss,,9,60,3,25.3,25.3,25.3,0,0,0,0,0,17,17,3.149999999999999,0.26666666666666666,3
enemies > sacrifice,boss,,7,60,3,1380,1380,1380,23,0,0,0,0,23,23,2.450000000000001,0.06666666666666667,23
enemies > rally,boss,,8,60,3,0,0,0,0,0,0,0,0,20,20,2.799999999999999,,0
enemies > ward,boss,,10,60,3,0,0,0,0,0,0,0,0,59,1,0.5508474576271186,,1
enemies > spread,boss,,7,60,3,0,0,0,0,0,0,0,0,23,23,2.450000000000001,,0
enemies > snipe,boss,,9,60,3,28.8,28.8,28.8,0,0,0,0,0,18,18,3.149999999999999,0.06666666666666667,0
enemies > refresh,boss,,7,60,3,0,0,0,0,0,0,0,0,82,0,0.5,,0
enemies > split,boss,,7,60,3,0,0,0,0,0,0,0,0,22,22,2.450000000000001,,0
enemies > absorb,boss,,7,60,3,1380,1380,1380,23,0,50,0,0,23,23,2.450000000000001,0.06666666666666667,23
enemies > swap,boss,,7,60,3,0,0,0,0,0,0,0,0,22,22,2.450000000000001,,0
ahead > bolt,boss,,2,60,3,17.066666666666666,17.066666666666666,17.066666666666666,0,0,0,0,0,65,65,0.7000000000000005,0.3333333333333333,2
ahead > poison,boss,,4,60,3,21.833333333333332,21.833333333333332,21.833333333333332,0,0,0,0,0,35,35,1.3999999999999992,0.06666666666666667,0
ahead > vortex,boss,,3,60,3,0,0,0,0,0,0,0,0,43,43,1.0499999999999994,,2
ahead > summon,boss,,4,60,3,65.06666666666666,65.06666666666666,65.06666666666666,1,0,0,0,0,33,33,1.3999999999999992,0.26666666666666666,7
ahead > orb,boss,,3,60,3,26.100000000000005,26.1,26.1,0,0,0,0,0,46,46,1.0499999999999994,0.26666666666666666,7
ahead > mine,boss,,3,60,3,27.600000000000005,27.6,27.6,0,0,0,0,0,46,46,1.0499999999999994,0.5666666666666667,1
ahead > turret,boss,,4,60,3,47.5,47.5,47.5,0,0,0,0,0,34,34,1.3999999999999992,0.26666666666666666,8
ahead > decoy,boss,,4,60,3,0,0,0,0,0,0,0,0,35,35,1.3999999999999992,,4
ahead > chain,boss,,3,60,3,5.733333333333333,5.733333333333333,5.733333333333333,0,0,0,0,0,43,43,1.0499999999999994,0.06666666666666667,0
ahead > meteor,boss,,3,60,3,31.533333333333335,31.533333333333335,31.533333333333335,0,0,0,0,0,43,43,1.0499999999999994,0.8666666666666666,1
ahead > blades,boss,,4,60,3,74.08888888888889,73.93333333333334,74.33333333333333,1,0,0,0,0,35,35,1.3999999999999992,0.06666666666666667,4
ahead > archer,boss,,4,60,3,48.79999999999999,48.8,48.8,0,0,0,0,0,33,33,1.3999999999999992,0.26666666666666666,6
ahead > rally,boss,,3,60,3,0,0,0,0,0,0,0,0,46,46,1.0499999999999994,,0
ahead > ward,boss,,5,60,3,0,0,0,0,0,0,0,0,28,28,1.75,,2
ahead > swap,boss,,2,60,3,0,0,0,0,0,0,0,0,58,58,0.7000000000000003,,0
behind > bolt,boss,,2,60,3,0,0,0,0,0,0,0,0,65,65,0.7000000000000005,,2
behind > poison,boss,,4,60,3,0,0,0,0,0,0,0,0,35,35,1.3999999999999992,,3
behind > vortex,boss,,3,60,3,0,0,0,0,0,0,0,0,43,43,1.0499999999999994,,2
behind > summon,boss,,4,60,3,56.26666666666667,56.266666666666666,56.266666666666666,0,0,0,0,0,33,33,1.3999999999999992,1.48888888888889,6
behind > orb,boss,,3,60,3,0,0,0,0,0,0,0,0,46,46,1.0499999999999994,,7
behind > mine,boss,,3,60,3,0,0,0,0,0,0,0,0,46,46,1.0499999999999994,,12
behind > turret,boss,,4,60,3,47.111111111111114,47.083333333333336,47.166666666666664,0,0,0,0,0,34,34,1.3999999999999992,0.7555555555555555,14.666666666666666
behind > decoy,boss,,4,60,3,0,0,0,0,0,0,0,0,35,35,1.3999999999999992,,4
behind > chain,boss,,3,60,3,0,0,0,0,0,0,0,0,43,43,1.0499999999999994,,0
behind > meteor,boss,,3,60,3,0,0,0,0,0,0,0,0,43,43,1.0499999999999994,,1
behind > blades,boss,,4,60,3,0,0,0,0,0,0,0,0,35,35,1.3999999999999992,,3
behind > archer,boss,,4,60,3,48.70000000000001,48.7,48.7,0,0,0,0,0,33,33,1.3999999999999992,0.6333333333333333,11
behind > rally,boss,,3,60,3,0,0,0,0,0,0,0,0,46,46,1.0499999999999994,,0
behind > ward,boss,,5,60,3,0,0,0,0,0,0,0,0,28,28,1.75,,2
behind > swap,boss,,2,60,3,0,0,0,0,0,0,0,0,58,58,0.7000000000000003,,0
randomPoint > bolt,boss,,2,60,3,2.3111111111111113,1.6,3.7333333333333334,0,0,0,0,0,65,65,0.7000000000000005,10.599999999999993,2
randomPoint > poison,boss,,4,60,3,2.638888888888889,1.9666666666666666,3.933333333333333,0,0,0,0,0,35,35,1.3999999999999992,14.51111111111131,3
randomPoint > vortex,boss,,3,60,3,0,0,0,0,0,0,0,0,43,43,1.0499999999999994,,2
randomPoint > summon,boss,,4,60,3,58.355555555555554,57.2,59.46666666666667,0,0,0,0,0,33,33,1.3999999999999992,1.38888888888889,6
randomPoint > orb,boss,,3,60,3,1.9000000000000001,1.5,2.4,0,0,0,0,0,46,46,1.0499999999999994,15.43333333333347,7
randomPoint > mine,boss,,3,60,3,1.5999999999999999,0.6,3,0,0,0,0,0,46,46,1.0499999999999994,15.733333333333478,12
randomPoint > turret,boss,,4,60,3,47.25,47.083333333333336,47.333333333333336,0,0,0,0,0,34,34,1.3999999999999992,0.7333333333333333,15
randomPoint > decoy,boss,,4,60,3,0,0,0,0,0,0,0,0,35,35,1.3999999999999992,,4
randomPoint > chain,boss,,3,60,3,1.7333333333333334,1.3333333333333333,2.2666666666666666,0,0,0,0,0,43,43,1.0499999999999994,4.266666666666661,0
randomPoint > meteor,boss,,3,60,3,7.822222222222223,5.133333333333334,10.266666666666667,0,0,0,0,0,43,43,1.0499999999999994,10.20000000000008,1
randomPoint > blades,boss,,4,60,3,6.088888888888889,0.26666666666666666,9.866666666666667,0,0,0,0,0,35,35,1.3999999999999992,12.400000000000153,3
randomPoint > archer,boss,,4,60,3,48.73333333333333,48.7,48.8,0,0,0,0,0,33,33,1.3999999999999992,0.6,11
randomPoint > rally,boss,,3,60,3,0,0,0,0,0,0,0,0,46,46,1.0499999999999994,,0
randomPoint > ward,boss,,5,60,3,0,0,0,0,0,0,0,0,28,28,1.75,,2
randomPoint > swap,boss,,2,60,3,0,0,0,0,0,0,0,0,58,58,0.7000000000000003,,0
fallen > bolt,boss,,3,60,3,0.5333333333333333,0.5333333333333333,0.5333333333333333,0,0,0,0,0,81,2,0.5135802469135803,0.3444444444444444,2
fallen > poison,boss,,5,60,3,0.6833333333333332,0.6833333333333333,0.6833333333333333,0,0,0,0,0,68,1,0.5183823529411765,0.06666666666666667,0
fallen > vortex,boss,,4,60,3,0,0,0,0,0,0,0,0,68,1,0.513235294117647,,1
fallen > summon,boss,,5,60,3,2.1333333333333333,2.1333333333333333,2.1333333333333333,0,0,0,0,0,61,1,0.5204918032786885,0.26666666666666666,1
fallen > orb,boss,,4,60,3,0.6,0.6,0.6,0,0,0,0,0,77,1,0.5116883116883116,0.26666666666666666,1
fallen > mine,boss,,4,60,3,0.6,0.6,0.6,0,0,0,0,0,77,1,0.5116883116883116,0.5666666666666667,1
fallen > turret,boss,,5,60,3,1.5833333333333333,1.5833333333333333,1.5833333333333333,0,0,0,0,0,63,1,0.5198412698412699,0.26666666666666666,1
fallen > decoy,boss,,5,60,3,0,0,0,0,0,0,0,0,68,1,0.5183823529411765,,1
fallen > chain,boss,,4,60,3,0.13333333333333333,0.13333333333333333,0.13333333333333333,0,0,0,0,0,68,1,0.513235294117647,0.06666666666666667,0
fallen > meteor,boss,,4,60,3,0.7333333333333333,0.7333333333333333,0.7333333333333333,0,0,0,0,0,68,1,0.513235294117647,0.8666666666666666,1
fallen > blades,boss,,5,60,3,1.9777777777777779,1.9333333333333333,2,0,0,0,0,0,68,1,0.5183823529411765,0.06666666666666667,1
fallen > archer,boss,,5,60,3,1.6000000000000003,1.6,1.6,0,0,0,0,0,61,1,0.5204918032786885,0.26666666666666666,1
fallen > rally,boss,,4,60,3,0,0,0,0,0,0,0,0,77,1,0.5116883116883116,,0
fallen > ward,boss,,6,60,3,0,0,0,0,0,0,0,0,60,1,0.5266666666666667,,1
fallen > swap,boss,,3,60,3,0,0,0,0,0,0,0,0,71,2,0.5154929577464789,,0
objects > bolt,boss,,4,60,3,1.9333333333333333,1.9333333333333333,1.9333333333333333,0,0,0,0,0,76,5,0.5592105263157895,0.2333333333333333,2
objects > slash,boss,,5,60,3,0.3,0.3,0.3,0,0,0,0,0,77,3,0.5487012987012987,0.2333333333333333,1
objects > explode,boss,,5,60,3,0.16666666666666666,0.16666666666666666,0.16666666666666666,0,0,0,0,0,66,2,0.5378787878787878,0.2333333333333333,1
objects > frost,boss,,5,60,3,0.6,0.6,0.6,0,0,0,0,0,66,4,0.5757575757575758,0.2333333333333333,1
objects > poison,boss,,6,60,3,0.2333333333333333,0.23333333333333334,0.23333333333333334,0,0,0,0,0,66,2,0.5484848484848486,0.2333333333333333,3
objects > vortex,boss,,5,60,3,0.03333333333333333,0.03333333333333333,0.03333333333333333,0,0,0,0,0,64,4,0.578125,0.2333333333333333,2
objects > shockwave,boss,,4,60,3,0.5333333333333333,0.5333333333333333,0.5333333333333333,0,0,0,0,0,67,5,0.5671641791044776,0.2333333333333333,1
objects > summon,boss,,6,60,3,9.133333333333333,9.133333333333333,9.133333333333333,0,0,0,0,0,56,4,0.6142857142857142,0.2333333333333333,5
objects > heal,boss,,6,60,3,0.6,0.6,0.6,0,0,0,0,0,62,4,0.6032258064516128,0.2333333333333333,1
objects > mend,boss,,6,60,3,0.6,0.6,0.6,0,0,0,0,0,62,4,0.6032258064516128,0.2333333333333333,1
objects > shield,boss,,5,60,3,0.6,0.6,0.6,0,0,0,0,0,64,4,0.578125,0.2333333333333333,1
objects > rage,boss,,5,60,3,1.5,1.5,1.5,0,0,0,0,0,72,4,0.5694444444444444,0.2333333333333333,1
objects > scatter,boss,,5,60,3,0,0,0,0,0,0,0,0,77,1,0.5162337662337663,,1
objects > lance,boss,,5,60,3,0.4666666666666666,0.4666666666666667,0.4666666666666667,0,0,0,0,0,72,4,0.5694444444444444,0.2333333333333333,1
objects > focus,boss,,5,60,3,1,1,1,0,0,0,0,0,72,4,0.5694444444444444,0.16666666666666666,1
objects > amplify,boss,,5,60,3,0.6,0.6,0.6,0,0,0,0,0,72,4,0.5694444444444444,0.2333333333333333,1
objects > prolong,boss,,4,60,3,4.6,4.6,4.6,0,0,0,0,0,37,37,1.3999999999999992,0.2333333333333333,1
objects > regen,boss,,5,60,3,0.6,0.6,0.6,0,0,0,0,0,72,4,0.5694444444444444,0.2333333333333333,1
objects > armor,boss,,5,60,3,0.6,0.6,0.6,0,0,0,0,0,72,4,0.5694444444444444,0.2333333333333333,1
objects > pull,boss,,4,60,3,0,0,0,0,0,0,0,0,73,5,0.5616438356164384,,1
objects > orb,boss,,5,60,3,53,53,53,0,0,0,0,0,16,159,3.537500000000001,0.2333333333333333,12
objects > mine,boss,,5,60,3,3,3,3,0,0,0,0,0,72,4,0.5694444444444444,0.2333333333333333,2
objects > turret,boss,,6,60,3,77.33333333333333,77.33333333333333,77.33333333333333,1,0,0,0,0,12,110,4.958333333333333,0.2333333333333333,17
objects > decoy,boss,,6,60,3,0.6,0.6,0.6,0,0,0,0,0,19,71,2.921052631578947,0.2333333333333333,8
objects > detonate,boss,,4,60,3,0.6833333333333332,0.6833333333333333,0.6833333333333333,0,0,0,0,0,77,1,0.5116883116883116,0.06666666666666667,1
objects > launch,boss,,4,60,3,0.43333333333333335,0.43333333333333335,0.43333333333333335,0,0,0,0,0,81,1,0.5111111111111111,0.06666666666666667,1
objects > boomerang,boss,,5,60,3,0.4666666666666666,0.4666666666666667,0.4666666666666667,0,0,0,0,0,72,4,0.5694444444444444,0.2333333333333333,1
objects > homing,boss,,5,60,3,0,0,0,0,0,0,0,0,77,1,0.5162337662337663,,1
objects > laser,boss,,5,60,3,0.5,0.5,0.5,0,0,0,0,0,64,4,0.578125,0.2333333333333333,1
objects > chain,boss,,5,60,3,1.1333333333333333,1.1333333333333333,1.1333333333333333,0,0,0,0,0,64,4,0.578125,0.06666666666666667,1
objects > meteor,boss,,5,60,3,0.2333333333333333,0.23333333333333334,0.23333333333333334,0,0,0,0,0,66,2,0.5378787878787878,0.2333333333333333,2
objects > blades,boss,,6,60,3,0.10000000000000002,0.1,0.1,0,0,0,0,0,68,1,0.5235294117647059,0.2333333333333333,2
objects > root,boss,,5,60,3,0.6,0.6,0.6,0,0,0,0,0,72,4,0.5694444444444444,0.2333333333333333,1
objects > mark,boss,,4,60,3,0.6,0.6,0.6,0,0,0,0,0,82,6,0.5658536585365853,0.2333333333333333,1
objects > burn,boss,,5,60,3,0.13333333333333333,0.13333333333333333,0.13333333333333333,0,0,0,0,0,77,1,0.5162337662337663,0.2333333333333333,1
objects > fear,boss,,5,60,3,0.03333333333333333,0.03333333333333333,0.03333333333333333,0,0,0,0,0,72,4,0.5694444444444444,0.2333333333333333,1
objects > execute,boss,,5,60,3,0,0,0,0,0,0,0,0,77,1,0.5162337662337663,,1
objects > drain,boss,,5,60,3,0,0,0,0,0,6,0,0,77,1,0.5162337662337663,,1
objects > blink,boss,,5,60,3,0,0,0,0,0,0,0,0,66,4,0.5757575757575758,,1
objects > dash,boss,,5,60,3,0,0,0,0,0,0,0,0,66,4,0.5757575757575758,,1
objects > archer,boss,,6,60,3,7,7,7,0,0,0,0,0,56,4,0.6142857142857142,0.2333333333333333,5
objects > sacrifice,boss,,4,60,3,0.6,0.6,0.6,0,0,0,0,0,77,1,0.5116883116883116,0.06666666666666667,1
objects > rally,boss,,5,60,3,7.5,7.5,7.5,0,0,0,0,0,30,30,1.75,0.16666666666666666,1
objects > ward,boss,,7,60,3,0,0,0,0,0,0,0,0,56,3,0.6044642857142858,,3
objects > spread,boss,,4,60,3,0.6,0.6,0.6,0,0,0,0,0,73,5,0.5616438356164384,0.2333333333333333,1
objects > snipe,boss,,6,60,3,0,0,0,0,0,0,0,0,68,1,0.5235294117647059,,1
objects > refresh,boss,,4,60,3,4.6,4.6,4.6,0,0,0,0,0,38,38,1.3999999999999992,0.2333333333333333,1
objects > split,boss,,4,60,3,2.733333333333333,2.2,3.2666666666666666,0,0,0,0,0,65,15,0.5976923076923077,0.2333333333333333,12
objects > absorb,boss,,4,60,3,0,0,0,0,0,6,0,0,81,1,0.5111111111111111,,1
objects > swap,boss,,4,60,3,0.26666666666666666,0.26666666666666666,0.26666666666666666,0,0,0,0,0,67,5,0.5671641791044776,1.9666666666666694,1
allies > bolt,boss,,4,60,3,4,4,4,0,0,0,0,0,74,7,0.585135135135135,0.2333333333333333,2
allies > slash,boss,,5,60,3,0.8000000000000002,0.8,0.8,0,0,0,0,0,77,3,0.5487012987012987,0.2333333333333333,1
allies > explode,boss,,5,60,3,0.5333333333333333,0.5333333333333333,0.5333333333333333,0,0,0,0,0,66,2,0.5378787878787878,0.2333333333333333,1
allies > frost,boss,,5,60,3,1.0666666666666667,1.0666666666666667,1.0666666666666667,0,0,0,0,0,65,5,0.5961538461538461,1.2666666666666673,1
allies > poison,boss,,6,60,3,0.6666666666666666,0.6666666666666666,0.6666666666666666,0,0,0,0,0,66,2,0.5484848484848486,0.2333333333333333,3
allies > vortex,boss,,5,60,3,0.6666666666666666,0.6666666666666666,0.6666666666666666,0,0,0,0,0,62,5,0.6008064516129032,0.2333333333333333,2
allies > shockwave,boss,,4,60,3,1.4666666666666666,1.4666666666666666,1.4666666666666666,0,0,0,0,0,67,5,0.5671641791044776,0.2333333333333333,1
allies > summon,boss,,6,60,3,70.93333333333334,70.93333333333334,70.93333333333334,1,0,0,0,0,15,79,3.806666666666667,0.2333333333333333,7
allies > heal,boss,,6,60,3,2.1333333333333333,2.1333333333333333,2.1333333333333333,0,0,0,0,0,60,5,0.6333333333333333,0.2333333333333333,1
allies > mend,boss,,6,60,3,2.1333333333333333,2.1333333333333333,2.1333333333333333,0,0,0,0,0,60,5,0.6333333333333333,0.2333333333333333,1
allies > shield,boss,,5,60,3,2.1333333333333333,2.1333333333333333,2.1333333333333333,0,0,0,0,0,62,5,0.6008064516129032,0.2333333333333333,1
allies > haste,boss,,5,60,3,2.1333333333333333,2.1333333333333333,2.1333333333333333,0,0,0,0,0,70,5,0.5892857142857143,0.2333333333333333,1
allies > rage,boss,,5,60,3,3.733333333333333,3.7333333333333334,3.7333333333333334,0,0,0,0,0,70,5,0.5892857142857143,0.2333333333333333,1
allies > scatter,boss,,5,60,3,0,0,0,0,0,0,0,0,77,1,0.5162337662337663,,1
allies > lance,boss,,5,60,3,1.3333333333333333,1.3333333333333333,1.3333333333333333,0,0,0,0,0,72,4,0.5694444444444444,0.2333333333333333,1
allies > focus,boss,,5,60,3,3.3333333333333335,3.3333333333333335,3.3333333333333335,0,0,0,0,0,70,5,0.5892857142857143,0.16666666666666666,1
allies > amplify,boss,,5,60,3,2.1333333333333333,2.1333333333333333,2.1333333333333333,0,0,0,0,0,70,5,0.5892857142857143,0.2333333333333333,1
allies > prolong,boss,,4,60,3,12.666666666666666,12.666666666666666,12.666666666666666,0,0,0,0,0,37,37,1.3999999999999992,0.2333333333333333,1
allies > regen,boss,,5,60,3,2.1333333333333333,2.1333333333333333,2.1333333333333333,0,0,0,0,0,70,5,0.5892857142857143,0.2333333333333333,1
allies > armor,boss,,5,60,3,2.1333333333333333,2.1333333333333333,2.1333333333333333,0,0,0,0,0,70,5,0.5892857142857143,0.2333333333333333,1
allies > pull,boss,,4,60,3,1.6000000000000003,1.6,1.6,0,0,0,0,0,71,7,0.5887323943661972,0.6888888888888888,1
allies > orb,boss,,5,60,3,5.133333333333334,5.133333333333334,5.133333333333334,0,0,0,0,0,70,5,0.5892857142857143,0.2333333333333333,5
allies > mine,boss,,5,60,3,5.133333333333334,5.133333333333334,5.133333333333334,0,0,0,0,0,70,5,0.5892857142857143,0.2333333333333333,2
allies > turret,boss,,6,60,3,8.466666666666667,8.466666666666667,8.466666666666667,0,0,0,0,0,58,4,0.6103448275862069,0.2333333333333333,5
allies > decoy,boss,,6,60,3,2.1333333333333333,2.1333333333333333,2.1333333333333333,0,0,0,0,0,60,5,0.6333333333333333,0.2333333333333333,4
allies > detonate,boss,,4,60,3,0.6833333333333332,0.6833333333333333,0.6833333333333333,0,0,0,0,0,77,1,0.5116883116883116,0.06666666666666667,1
allies > launch,boss,,4,60,3,0.43333333333333335,0.43333333333333335,0.43333333333333335,0,0,0,0,0,81,1,0.5111111111111111,0.06666666666666667,1
allies > boomerang,boss,,5,60,3,1.3333333333333333,1.3333333333333333,1.3333333333333333,0,0,0,0,0,72,4,0.5694444444444444,0.2333333333333333,1
allies > homing,boss,,5,60,3,0,0,0,0,0,0,0,0,77,1,0.5162337662337663,,1
allies > laser,boss,,5,60,3,1.3333333333333333,1.3333333333333333,1.3333333333333333,0,0,0,0,0,64,4,0.578125,0.2333333333333333,1
allies > chain,boss,,5,60,3,2.7999999999999994,2.8,2.8,0,0,0,0,0,62,5,0.6008064516129032,0.06666666666666667,1
allies > meteor,boss,,5,60,3,0.6666666666666666,0.6666666666666666,0.6666666666666666,0,0,0,0,0,66,2,0.5378787878787878,0.2333333333333333,2
allies > blades,boss,,6,60,3,0.26666666666666666,0.26666666666666666,0.26666666666666666,0,0,0,0,0,68,1,0.5235294117647059,0.2333333333333333,2
allies > root,boss,,5,60,3,2.1333333333333333,2.1333333333333333,2.1333333333333333,0,0,0,0,0,70,5,0.5892857142857143,0.2333333333333333,1
allies > mark,boss,,4,60,3,2.1333333333333333,2.1333333333333333,2.1333333333333333,0,0,0,0,0,81,7,0.5777777777777777,0.2333333333333333,1
allies > burn,boss,,5,60,3,0.4000000000000001,0.4,0.4,0,0,0,0,0,77,1,0.5162337662337663,0.2333333333333333,1
allies > fear,boss,,5,60,3,0.13333333333333333,0.13333333333333333,0.13333333333333333,0,0,0,0,0,70,5,0.5892857142857143,0.2333333333333333,1
allies > execute,boss,,5,60,3,0,0,0,0,0,0,0,0,77,1,0.5162337662337663,,1
allies > drain,boss,,5,60,3,0,0,0,0,0,6,0,0,77,1,0.5162337662337663,,1
allies > blink,boss,,5,60,3,2,2,2,0,0,0,0,0,65,5,0.5961538461538461,0.7000000000000001,1
allies > dash,boss,,5,60,3,2,2,2,0,0,0,0,0,65,5,0.5961538461538461,0.7666666666666666,1
allies > archer,boss,,6,60,3,53.5,53.5,53.5,0,0,0,0,0,15,79,3.806666666666667,0.2333333333333333,7.666666666666667
allies > sacrifice,boss,,4,60,3,0.6,0.6,0.6,0,0,0,0,0,77,1,0.5116883116883116,0.06666666666666667,1
allies > rally,boss,,5,60,3,20,20,20,0,0,0,0,0,30,30,1.75,0.16666666666666666,1
allies > ward,boss,,7,60,3,0.13333333333333333,0.13333333333333333,0.13333333333333333,0,0,0,0,0,54,4,0.6444444444444444,0.2333333333333333,3
allies > spread,boss,,4,60,3,2.1333333333333333,2.1333333333333333,2.1333333333333333,0,0,0,0,0,71,7,0.5887323943661972,0.2333333333333333,1
allies > snipe,boss,,6,60,3,0,0,0,0,0,0,0,0,68,1,0.5235294117647059,,1
allies > refresh,boss,,4,60,3,12.666666666666666,12.666666666666666,12.666666666666666,0,0,0,0,0,38,38,1.3999999999999992,0.2333333333333333,1
allies > split,boss,,4,60,3,11.199999999999998,11.2,11.2,0,0,0,0,0,63,19,0.626984126984127,0.2333333333333333,6
allies > absorb,boss,,4,60,3,0,0,0,0,0,6,0,0,81,1,0.5111111111111111,,1
allies > swap,boss,,4,60,3,2,2,2,0,0,0,0,0,66,6,0.5818181818181818,0.6888888888888888,1
zones > bolt,boss,,4,60,3,0.6833333333333332,0.6833333333333333,0.6833333333333333,0,0,0,0,0,82,0,0.5,0.03333333333333333,0
zones > slash,boss,,5,60,3,0.6833333333333332,0.6833333333333333,0.6833333333333333,0,0,0,0,0,82,0,0.5,0.03333333333333333,0
zones > explode,boss,,5,60,3,0.6833333333333332,0.6833333333333333,0.6833333333333333,0,0,0,0,0,69,0,0.5,0.03333333333333333,0
zones > frost,boss,,5,60,3,0.6833333333333332,0.6833333333333333,0.6833333333333333,0,0,0,0,0,72,0,0.5,0.03333333333333333,0
zones > poison,boss,,6,60,3,0.6833333333333332,0.6833333333333333,0.6833333333333333,0,0,0,0,0,69,0,0.5,0.03333333333333333,0
zones > vortex,boss,,5,60,3,0.6833333333333332,0.6833333333333333,0.6833333333333333,0,0,0,0,0,69,0,0.5,0.03333333333333333,0
zones > shockwave,boss,,4,60,3,0.6833333333333332,0.6833333333333333,0.6833333333333333,0,0,0,0,0,72,0,0.5,0.03333333333333333,0
zones > summon,boss,,6,60,3,0.6833333333333332,0.6833333333333333,0.6833333333333333,0,0,0,0,0,62,0,0.5,0.03333333333333333,0
zones > rage,boss,,5,60,3,0.6833333333333332,0.6833333333333333,0.6833333333333333,0,0,0,0,0,78,0,0.5,0.03333333333333333,0
zones > scatter,boss,,5,60,3,0.6833333333333332,0.6833333333333333,0.6833333333333333,0,0,0,0,0,78,0,0.5,0.03333333333333333,0
zones > lance,boss,,5,60,3,0.6833333333333332,0.6833333333333333,0.6833333333333333,0,0,0,0,0,78,0,0.5,0.03333333333333333,0
zones > focus,boss,,5,60,3,0.6833333333333332,0.6833333333333333,0.6833333333333333,0,0,0,0,0,78,0,0.5,0.03333333333333333,0
zones > amplify,boss,,5,60,3,0.6833333333333332,0.6833333333333333,0.6833333333333333,0,0,0,0,0,78,0,0.5,0.03333333333333333,0
zones > prolong,boss,,4,60,3,0.6833333333333332,0.6833333333333333,0.6833333333333333,0,0,0,0,0,78,0,0.5,0.03333333333333333,0
zones > pull,boss,,4,60,3,0.6833333333333332,0.6833333333333333,0.6833333333333333,0,0,0,0,0,78,0,0.5,0.03333333333333333,0
zones > orb,boss,,5,60,3,0.6833333333333332,0.6833333333333333,0.6833333333333333,0,0,0,0,0,78,0,0.5,0.03333333333333333,0
zones > mine,boss,,5,60,3,0.6833333333333332,0.6833333333333333,0.6833333333333333,0,0,0,0,0,78,0,0.5,0.03333333333333333,0
zones > turret,boss,,6,60,3,0.6833333333333332,0.6833333333333333,0.6833333333333333,0,0,0,0,0,64,0,0.5,0.03333333333333333,0
zones > decoy,boss,,6,60,3,0.6833333333333332,0.6833333333333333,0.6833333333333333,0,0,0,0,0,69,0,0.5,0.03333333333333333,0
zones > detonate,boss,,4,60,3,0.6833333333333332,0.6833333333333333,0.6833333333333333,0,0,0,0,0,78,0,0.5,0.03333333333333333,0
zones > launch,boss,,4,60,3,0.6833333333333332,0.6833333333333333,0.6833333333333333,0,0,0,0,0,82,0,0.5,0.03333333333333333,0
zones > boomerang,boss,,5,60,3,0.6833333333333332,0.6833333333333333,0.6833333333333333,0,0,0,0,0,78,0,0.5,0.03333333333333333,0
zones > homing,boss,,5,60,3,0.6833333333333332,0.6833333333333333,0.6833333333333333,0,0,0,0,0,78,0,0.5,0.03333333333333333,0
zones > laser,boss,,5,60,3,0.6833333333333332,0.6833333333333333,0.6833333333333333,0,0,0,0,0,69,0,0.5,0.03333333333333333,0
zones > chain,boss,,5,60,3,0.6833333333333332,0.6833333333333333,0.6833333333333333,0,0,0,0,0,69,0,0.5,0.03333333333333333,0
zones > meteor,boss,,5,60,3,0.6833333333333332,0.6833333333333333,0.6833333333333333,0,0,0,0,0,69,0,0.5,0.03333333333333333,0
zones > blades,boss,,6,60,3,0.6833333333333332,0.6833333333333333,0.6833333333333333,0,0,0,0,0,69,0,0.5,0.03333333333333333,0
zones > root,boss,,5,60,3,0.6833333333333332,0.6833333333333333,0.6833333333333333,0,0,0,0,0,78,0,0.5,0.03333333333333333,0
zones > mark,boss,,4,60,3,0.6833333333333332,0.6833333333333333,0.6833333333333333,0,0,0,0,0,90,0,0.5,0.03333333333333333,0
zones > burn,boss,,5,60,3,0.6833333333333332,0.6833333333333333,0.6833333333333333,0,0,0,0,0,78,0,0.5,0.03333333333333333,0
zones > fear,boss,,5,60,3,0.6833333333333332,0.6833333333333333,0.6833333333333333,0,0,0,0,0,78,0,0.5,0.03333333333333333,0
zones > execute,boss,,5,60,3,0.6833333333333332,0.6833333333333333,0.6833333333333333,0,0,0,0,0,78,0,0.5,0.03333333333333333,0
zones > drain,boss,,5,60,3,0.6833333333333332,0.6833333333333333,0.6833333333333333,0,0,0,0,0,78,0,0.5,0.03333333333333333,0
zones > blink,boss,,5,60,3,0.6833333333333332,0.6833333333333333,0.6833333333333333,0,0,0,0,0,72,0,0.5,0.03333333333333333,0
zones > dash,boss,,5,60,3,0.6833333333333332,0.6833333333333333,0.6833333333333333,0,0,0,0,0,72,0,0.5,0.03333333333333333,0
zones > archer,boss,,6,60,3,0.6833333333333332,0.6833333333333333,0.6833333333333333,0,0,0,0,0,62,0,0.5,0.03333333333333333,0
zones > sacrifice,boss,,4,60,3,0.6833333333333332,0.6833333333333333,0.6833333333333333,0,0,0,0,0,78,0,0.5,0.03333333333333333,0
zones > rally,boss,,5,60,3,0.6833333333333332,0.6833333333333333,0.6833333333333333,0,0,0,0,0,78,0,0.5,0.03333333333333333,0
zones > ward,boss,,7,60,3,0.6833333333333332,0.6833333333333333,0.6833333333333333,0,0,0,0,0,62,0,0.5,0.03333333333333333,0
zones > spread,boss,,4,60,3,0.6833333333333332,0.6833333333333333,0.6833333333333333,0,0,0,0,0,78,0,0.5,0.03333333333333333,0
zones > snipe,boss,,6,60,3,0.6833333333333332,0.6833333333333333,0.6833333333333333,0,0,0,0,0,69,0,0.5,0.03333333333333333,0
zones > refresh,boss,,4,60,3,0.6833333333333332,0.6833333333333333,0.6833333333333333,0,0,0,0,0,82,0,0.5,0.03333333333333333,0
zones > split,boss,,4,60,3,0.6833333333333332,0.6833333333333333,0.6833333333333333,0,0,0,0,0,72,0,0.5,0.03333333333333333,0
zones > absorb,boss,,4,60,3,0.6833333333333332,0.6833333333333333,0.6833333333333333,0,0,0,0,0,82,0,0.5,0.03333333333333333,0
zones > swap,boss,,4,60,3,0.6833333333333332,0.6833333333333333,0.6833333333333333,0,0,0,0,0,72,0,0.5,0.03333333333333333,0
shots > bolt,boss,,4,60,3,0.10000000000000002,0.1,0.1,0,0,0,0,0,82,0,0.5,0.03333333333333333,0
shots > slash,boss,,5,60,3,0.10000000000000002,0.1,0.1,0,0,0,0,0,82,0,0.5,0.03333333333333333,0
shots > explode,boss,,5,60,3,0.10000000000000002,0.1,0.1,0,0,0,0,0,69,0,0.5,0.03333333333333333,0
shots > frost,boss,,5,60,3,0.10000000000000002,0.1,0.1,0,0,0,0,0,72,0,0.5,0.03333333333333333,0
shots > poison,boss,,6,60,3,0.10000000000000002,0.1,0.1,0,0,0,0,0,69,0,0.5,0.03333333333333333,0
shots > vortex,boss,,5,60,3,0.10000000000000002,0.1,0.1,0,0,0,0,0,69,0,0.5,0.03333333333333333,0
shots > shockwave,boss,,4,60,3,0.10000000000000002,0.1,0.1,0,0,0,0,0,72,0,0.5,0.03333333333333333,0
shots > summon,boss,,6,60,3,0.10000000000000002,0.1,0.1,0,0,0,0,0,62,0,0.5,0.03333333333333333,0
shots > haste,boss,,5,60,3,0.10000000000000002,0.1,0.1,0,0,0,0,0,78,0,0.5,0.03333333333333333,0
shots > rage,boss,,5,60,3,0.10000000000000002,0.1,0.1,0,0,0,0,0,78,0,0.5,0.03333333333333333,0
shots > scatter,boss,,5,60,3,0.10000000000000002,0.1,0.1,0,0,0,0,0,78,0,0.5,0.03333333333333333,0
shots > lance,boss,,5,60,3,0.10000000000000002,0.1,0.1,0,0,0,0,0,78,0,0.5,0.03333333333333333,0
shots > amplify,boss,,5,60,3,0.10000000000000002,0.1,0.1,0,0,0,0,0,78,0,0.5,0.03333333333333333,0
shots > prolong,boss,,4,60,3,0.10000000000000002,0.1,0.1,0,0,0,0,0,78,0,0.5,0.03333333333333333,0
shots > pull,boss,,4,60,3,0.10000000000000002,0.1,0.1,0,0,0,0,0,78,0,0.5,0.03333333333333333,0
shots > orb,boss,,5,60,3,0.10000000000000002,0.1,0.1,0,0,0,0,0,78,0,0.5,0.03333333333333333,0
shots > mine,boss,,5,60,3,0.10000000000000002,0.1,0.1,0,0,0,0,0,78,0,0.5,0.03333333333333333,0
shots > turret,boss,,6,60,3,0.10000000000000002,0.1,0.1,0,0,0,0,0,64,0,0.5,0.03333333333333333,0
shots > decoy,boss,,6,60,3,0.10000000000000002,0.1,0.1,0,0,0,0,0,69,0,0.5,0.03333333333333333,0
shots > detonate,boss,,4,60,3,0.10000000000000002,0.1,0.1,0,0,0,0,0,78,0,0.5,0.03333333333333333,0
shots > launch,boss,,4,60,3,0.10000000000000002,0.1,0.1,0,0,0,0,0,82,0,0.5,0.03333333333333333,0
shots > boomerang,boss,,5,60,3,0.10000000000000002,0.1,0.1,0,0,0,0,0,78,0,0.5,0.03333333333333333,0
shots > homing,boss,,5,60,3,0.10000000000000002,0.1,0.1,0,0,0,0,0,78,0,0.5,0.03333333333333333,0
shots > laser,boss,,5,60,3,0.10000000000000002,0.1,0.1,0,0,0,0,0,69,0,0.5,0.03333333333333333,0
shots > chain,boss,,5,60,3,0.10000000000000002,0.1,0.1,0,0,0,0,0,69,0,0.5,0.03333333333333333,0
shots > meteor,boss,,5,60,3,0.10000000000000002,0.1,0.1,0,0,0,0,0,69,0,0.5,0.03333333333333333,0
shots > blades,boss,,6,60,3,0.10000000000000002,0.1,0.1,0,0,0,0,0,69,0,0.5,0.03333333333333333,0
shots > root,boss,,5,60,3,0.10000000000000002,0.1,0.1,0,0,0,0,0,78,0,0.5,0.03333333333333333,0
shots > mark,boss,,4,60,3,0.10000000000000002,0.1,0.1,0,0,0,0,0,90,0,0.5,0.03333333333333333,0
shots > burn,boss,,5,60,3,0.10000000000000002,0.1,0.1,0,0,0,0,0,78,0,0.5,0.03333333333333333,0
shots > fear,boss,,5,60,3,0.10000000000000002,0.1,0.1,0,0,0,0,0,78,0,0.5,0.03333333333333333,0
shots > execute,boss,,5,60,3,0.10000000000000002,0.1,0.1,0,0,0,0,0,78,0,0.5,0.03333333333333333,0
shots > drain,boss,,5,60,3,0.10000000000000002,0.1,0.1,0,0,0,0,0,78,0,0.5,0.03333333333333333,0
shots > blink,boss,,5,60,3,0.10000000000000002,0.1,0.1,0,0,0,0,0,72,0,0.5,0.03333333333333333,0
shots > dash,boss,,5,60,3,0.10000000000000002,0.1,0.1,0,0,0,0,0,72,0,0.5,0.03333333333333333,0
shots > archer,boss,,6,60,3,0.10000000000000002,0.1,0.1,0,0,0,0,0,62,0,0.5,0.03333333333333333,0
shots > sacrifice,boss,,4,60,3,0.10000000000000002,0.1,0.1,0,0,0,0,0,78,0,0.5,0.03333333333333333,0
shots > rally,boss,,5,60,3,0.10000000000000002,0.1,0.1,0,0,0,0,0,78,0,0.5,0.03333333333333333,0
shots > ward,boss,,7,60,3,0.10000000000000002,0.1,0.1,0,0,0,0,0,62,0,0.5,0.03333333333333333,0
shots > spread,boss,,4,60,3,0.10000000000000002,0.1,0.1,0,0,0,0,0,78,0,0.5,0.03333333333333333,0
shots > snipe,boss,,6,60,3,0.10000000000000002,0.1,0.1,0,0,0,0,0,69,0,0.5,0.03333333333333333,0
shots > refresh,boss,,4,60,3,0.10000000000000002,0.1,0.1,0,0,0,0,0,82,0,0.5,0.03333333333333333,0
shots > split,boss,,4,60,3,0.10000000000000002,0.1,0.1,0,0,0,0,0,72,0,0.5,0.03333333333333333,0
shots > absorb,boss,,4,60,3,0.10000000000000002,0.1,0.1,0,0,0,0,0,82,0,0.5,0.03333333333333333,0
shots > swap,boss,,4,60,3,0.10000000000000002,0.1,0.1,0,0,0,0,0,72,0,0.5,0.03333333333333333,0
gems > bolt,boss,,3,60,3,12.800000000000002,12.8,12.8,0,0,0,0,0,48,48,1.0499999999999992,0.3444444444444444,3
gems > slash,boss,,4,60,3,0,0,0,0,0,0,0,0,81,1,0.5111111111111111,,1
gems > explode,boss,,4,60,3,0,0,0,0,0,0,0,0,68,1,0.513235294117647,,1
gems > frost,boss,,4,60,3,0,0,0,0,0,0,0,0,36,36,1.3999999999999992,,1
gems > poison,boss,,5,60,3,0,0,0,0,0,0,0,0,68,1,0.5183823529411765,,1
gems > vortex,boss,,4,60,3,0,0,0,0,0,0,0,2,68,1,0.513235294117647,,2
gems > shockwave,boss,,3,60,3,0,0,0,0,0,0,0,0,71,1,0.5077464788732394,,1
gems > summon,boss,,5,60,3,54.4,54.4,54.4,0,0,0,0,0,28,28,1.75,0.26666666666666666,6
gems > haste,boss,,4,60,3,0,0,0,0,0,0,0,0,37,37,1.3999999999999992,,1
gems > scatter,boss,,4,60,3,0,0,0,0,0,0,0,0,77,1,0.5116883116883116,,1
gems > lance,boss,,4,60,3,0,0,0,0,0,0,0,0,77,1,0.5116883116883116,,1
gems > amplify,boss,,4,60,3,0,0,0,0,0,0,0,0,37,37,1.3999999999999992,,1
gems > pull,boss,,3,60,3,0,0,0,0,0,0,0,2,78,1,0.507051282051282,,1
gems > magnet,boss,,3,60,3,0,0,0,0,0,0,0,2,81,1,0.5067901234567901,,1
gems > harvest,boss,,4,60,3,0,0,0,0,0,0,0,0,37,37,1.3999999999999992,,1
gems > orb,boss,,4,60,3,20.9,20.9,20.9,0,0,0,0,0,37,37,1.3999999999999992,0.26666666666666666,6
gems > mine,boss,,4,60,3,22.2,22.2,22.2,0,0,0,0,0,37,37,1.3999999999999992,0.5666666666666667,2
gems > turret,boss,,5,60,3,39.583333333333336,39.583333333333336,39.583333333333336,0,0,0,0,0,28,28,1.75,0.26666666666666666,8
gems > decoy,boss,,5,60,3,0,0,0,0,0,0,0,0,29,29,1.75,,4
gems > detonate,boss,,3,60,3,0.6833333333333332,0.6833333333333333,0.6833333333333333,0,0,0,0,0,78,1,0.507051282051282,0.06666666666666667,1
gems > launch,boss,,3,60,3,0.43333333333333335,0.43333333333333335,0.43333333333333335,0,0,0,0,0,81,1,0.5067901234567901,0.06666666666666667,1
gems > boomerang,boss,,4,60,3,0,0,0,0,0,0,0,0,77,1,0.5116883116883116,,1
gems > homing,boss,,4,60,3,0,0,0,0,0,0,0,0,77,1,0.5116883116883116,,1
gems > laser,boss,,4,60,3,0,0,0,0,0,0,0,0,68,1,0.513235294117647,,1
gems > chain,boss,,4,60,3,4.666666666666667,4.666666666666667,4.666666666666667,0,0,0,0,0,35,35,1.3999999999999992,0.06666666666666667,1
gems > meteor,boss,,4,60,3,0,0,0,0,0,0,0,0,68,1,0.513235294117647,,2
gems > blades,boss,,5,60,3,0,0,0,0,0,0,0,0,68,1,0.5183823529411765,,1
gems > root,boss,,4,60,3,0,0,0,0,0,0,0,0,37,37,1.3999999999999992,,1
gems > mark,boss,,3,60,3,0,0,0,0,0,0,0,0,50,50,1.0499999999999992,,1
gems > burn,boss,,4,60,3,0,0,0,0,0,0,0,0,77,1,0.5116883116883116,,1
gems > fear,boss,,4,60,3,0,0,0,0,0,0,0,0,75,3,0.536,,1
gems > execute,boss,,4,60,3,0,0,0,0,0,0,0,0,77,1,0.5116883116883116,,1
gems > drain,boss,,4,60,3,0,0,0,0,0,6,0,0,77,1,0.5116883116883116,,1
gems > blink,boss,,4,60,3,0,0,0,0,0,0,0,0,69,3,0.5391304347826087,,1
gems > dash,boss,,4,60,3,0,0,0,0,0,0,0,0,69,3,0.5391304347826087,,1
gems > archer,boss,,5,60,3,40.8,40.8,40.8,0,0,0,0,0,28,28,1.75,0.26666666666666666,6
gems > sacrifice,boss,,3,60,3,0.6,0.6,0.6,0,0,0,0,0,78,1,0.507051282051282,0.06666666666666667,1
gems > rally,boss,,4,60,3,0,0,0,0,0,0,0,0,37,37,1.3999999999999992,,1
gems > ward,boss,,6,60,3,0,0,0,0,0,0,0,0,60,1,0.5266666666666667,,2
gems > spread,boss,,3,60,3,0,0,0,0,0,0,0,0,46,46,1.0499999999999994,,1
gems > snipe,boss,,5,60,3,0,0,0,0,0,0,0,0,68,1,0.5183823529411765,,1
gems > split,boss,,3,60,3,0,0,0,0,0,0,0,0,8,255,8.76875,,256
gems > absorb,boss,,3,60,3,0,0,0,0,0,0,0,2,81,1,0.5067901234567901,,1
gems > swap,boss,,3,60,3,0,0,0,0,0,0,0,0,44,44,1.0499999999999994,,1
prey > bolt,boss,,3,60,3,12.800000000000002,12.8,12.8,0,0,0,0,0,48,48,1.0499999999999992,0.3111111111111111,2
prey > slash,boss,,4,60,3,12.666666666666666,12.666666666666666,12.666666666666666,0,0,0,0,0,38,38,1.3999999999999992,0.06666666666666667,0
prey > explode,boss,,4,60,3,12.833333333333334,12.833333333333334,12.833333333333334,0,0,0,0,0,35,35,1.3999999999999992,0.06666666666666667,0
prey > frost,boss,,4,60,3,2.4,2.4,2.4,0,0.25999999999999923,0,0,0,36,36,1.3999999999999992,0.06666666666666667,0
prey > poison,boss,,5,60,3,7.533333333333334,7.533333333333333,7.533333333333333,0,0,0,0,0,29,29,1.75,0.06666666666666667,2
prey > vortex,boss,,4,60,3,0,0,0,0,0,0,0,0,35,35,1.3999999999999992,,1
prey > shockwave,boss,,3,60,3,5.866666666666666,5.866666666666666,5.866666666666666,0,0,0,0,0,44,44,1.0499999999999994,0.06666666666666667,0
prey > summon,boss,,5,60,3,54.4,54.4,54.4,0,0,0,0,0,28,28,1.75,0.26666666666666666,5
prey > heal,boss,,5,60,3,0,0,0,0,0,0,0,0,29,29,1.75,,0
prey > mend,boss,,5,60,3,0,0,0,0,0,0,0,0,29,29,1.75,,0
prey > shield,boss,,4,60,3,0,0,0,0,0,0,0,0,35,35,1.3999999999999992,,0
prey > haste,boss,,4,60,3,0,0,0,0,0,0,0,0,37,37,1.3999999999999992,,0
prey > rage,boss,,4,60,3,0,0,0,0,0,0,0,0,37,37,1.3999999999999992,,0
prey > scatter,boss,,4,60,3,34.53333333333333,34.53333333333333,34.53333333333333,0,0,0,0,0,37,37,1.3999999999999992,0.06666666666666667,0
prey > lance,boss,,4,60,3,7.400000000000001,7.4,7.4,0,0,0,0,0,37,37,1.3999999999999992,0.06666666666666667,0
prey > focus,boss,,4,60,3,0,0,0,0,0,0,0,0,37,37,1.3999999999999992,,0
prey > amplify,boss,,4,60,3,0,0,0,0,0,0,0,0,37,37,1.3999999999999992,,0
prey > prolong,boss,,3,60,3,0,0,0,0,0,0,0,0,78,0,0.5,,0
prey > regen,boss,,4,60,3,0,0,0,0,0,0,0,0,37,37,1.3999999999999992,,0
prey > armor,boss,,4,60,3,0,0,0,0,0,0,0,0,37,37,1.3999999999999992,,0
prey > pull,boss,,3,60,3,0,0,0,0,0,0,0,0,46,46,1.0499999999999994,,0
prey > harvest,boss,,4,60,3,0,0,0,0,0,0,0,0,37,37,1.3999999999999992,,0
prey > orb,boss,,4,60,3,20.9,20.9,20.9,0,0,0,0,0,37,37,1.3999999999999992,0.26666666666666666,5
prey > mine,boss,,4,60,3,22.2,22.2,22.2,0,0,0,0,0,37,37,1.3999999999999992,0.5666666666666667,1
prey > turret,boss,,5,60,3,39.583333333333336,39.583333333333336,39.583333333333336,0,0,0,0,0,28,28,1.75,0.26666666666666666,7
prey > decoy,boss,,5,60,3,0,0,0,0,0,0,0,0,29,29,1.75,,3
prey > detonate,boss,,3,60,3,2820,2820,2820,47,0,0,0,0,46,46,1.0499999999999994,0.06666666666666667,47
prey > launch,boss,,3,60,3,2880.433333333333,2880.4333333333334,2880.4333333333334,48,0,0,0,0,48,48,1.0499999999999992,0.06666666666666667,49
prey > boomerang,boss,,4,60,3,7.400000000000001,7.4,7.4,0,0,0,0,0,37,37,1.3999999999999992,0.06666666666666667,0
prey > homing,boss,,4,60,3,34.53333333333333,34.53333333333333,34.53333333333333,0,0,0,0,0,37,37,1.3999999999999992,0.06666666666666667,0
prey > laser,boss,,4,60,3,7,7,7,0,0,0,0,0,35,35,1.3999999999999992,0.06666666666666667,0
prey > chain,boss,,4,60,3,4.666666666666667,4.666666666666667,4.666666666666667,0,0,0,0,0,35,35,1.3999999999999992,0.06666666666666667,0
prey > meteor,boss,,4,60,3,25.666666666666668,25.666666666666668,25.666666666666668,0,0,0,0,0,35,35,1.3999999999999992,0.8666666666666666,1
prey > blades,boss,,5,60,3,46.53333333333333,46.53333333333333,46.53333333333333,0,0,0,0,0,29,29,1.75,0.06666666666666667,3
prey > root,boss,,4,60,3,0,0,0,0,0.9988888888888748,0,0,0,37,37,1.3999999999999992,,0
prey > mark,boss,,3,60,3,0,0,0,0,0,0,0,0,50,50,1.0499999999999992,,0
prey > burn,boss,,4,60,3,29.966666666666665,29.966666666666665,29.966666666666665,0,0,0,0,0,37,37,1.3999999999999992,0.10000000000000002,0
prey > fear,boss,,4,60,3,0,0,0,0,0,0,0,0,37,37,1.3999999999999992,,0
prey > execute,boss,,4,60,3,28.366666666666664,28.366666666666667,28.366666666666667,0,0,0,0,0,37,37,1.3999999999999992,0.06666666666666667,0
prey > drain,boss,,4,60,3,34.53333333333333,34.53333333333333,34.53333333333333,0,0,50,0,0,37,37,1.3999999999999992,0.06666666666666667,0
prey > blink,boss,,4,60,3,0,0,0,0,0,0,0,0,69,3,0.5391304347826087,,0
prey > dash,boss,,4,60,3,0,0,0,0,0,0,0,0,69,3,0.5391304347826087,,0
prey > archer,boss,,5,60,3,40.8,40.8,40.8,0,0,0,0,0,28,28,1.75,0.26666666666666666,5
prey > sacrifice,boss,,3,60,3,2820,2820,2820,47,0,0,0,0,46,46,1.0499999999999994,0.06666666666666667,47
prey > rally,boss,,4,60,3,0,0,0,0,0,0,0,0,37,37,1.3999999999999992,,0
prey > ward,boss,,6,60,3,0,0,0,0,0,0,0,0,60,1,0.5266666666666667,,1
prey > spread,boss,,3,60,3,0,0,0,0,0,0,0,0,46,46,1.0499999999999994,,0
prey > snipe,boss,,5,60,3,46.4,46.4,46.4,0,0,0,0,0,29,29,1.75,0.06666666666666667,0
prey > refresh,boss,,3,60,3,0,0,0,0,0,0,0,0,82,0,0.5,,0
prey > split,boss,,3,60,3,0,0,0,0,0,0,0,0,44,44,1.0499999999999994,,0
prey > absorb,boss,,3,60,3,2880,2880,2880,48,0,50,0,0,48,48,1.0499999999999992,0.06666666666666667,48
prey > swap,boss,,3,60,3,0,0,0,0,0,0,0,0,44,44,1.0499999999999994,,0
lastHit > bolt,boss,,2,60,3,17.066666666666666,17.066666666666666,17.066666666666666,0,0,0,0,0,65,65,0.7000000000000005,0.3111111111111111,2
lastHit > slash,boss,,3,60,3,16,16,16,0,0,0,0,0,48,48,1.0499999999999992,0.06666666666666667,0
lastHit > explode,boss,,3,60,3,15.766666666666667,15.766666666666667,15.766666666666667,0,0,0,0,0,43,43,1.0499999999999994,0.06666666666666667,0
lastHit > frost,boss,,3,60,3,2.933333333333333,2.933333333333333,2.933333333333333,0,0.31777777777777955,0,0,0,44,44,1.0499999999999994,0.06666666666666667,0
lastHit > poison,boss,,4,60,3,9.1,9.1,9.1,0,0,0,0,0,35,35,1.3999999999999992,0.06666666666666667,3
lastHit > vortex,boss,,3,60,3,0,0,0,0,0,0,0,0,43,43,1.0499999999999994,,2
lastHit > shockwave,boss,,2,60,3,7.866666666666666,7.866666666666666,7.866666666666666,0,0,0,0,0,58,58,0.7000000000000003,0.06666666666666667,0
lastHit > summon,boss,,4,60,3,64.13333333333334,64.13333333333334,64.13333333333334,1,0,0,0,0,34,31,1.320588235294117,0.26666666666666666,7
lastHit > heal,boss,,4,60,3,0,0,0,0,0,0,0,0,35,35,1.3999999999999992,,0
lastHit > mend,boss,,4,60,3,0,0,0,0,0,0,0,0,35,35,1.3999999999999992,,0
lastHit > shield,boss,,3,60,3,0,0,0,0,0,0,0,0,43,43,1.0499999999999994,,0
lastHit > haste,boss,,3,60,3,0,0,0,0,0,0,0,0,46,46,1.0499999999999994,,0
lastHit > rage,boss,,3,60,3,0,0,0,0,0,0,0,0,46,46,1.0499999999999994,,0
lastHit > scatter,boss,,3,60,3,43.86666666666667,43.86666666666667,43.86666666666667,0,0,0,0,0,46,46,1.0499999999999994,0.06666666666666667,0
lastHit > lance,boss,,3,60,3,9.4,9.4,9.4,0,0,0,0,0,46,46,1.0499999999999994,0.06666666666666667,0
lastHit > focus,boss,,3,60,3,0,0,0,0,0,0,0,0,46,46,1.0499999999999994,,0
lastHit > amplify,boss,,3,60,3,0,0,0,0,0,0,0,0,46,46,1.0499999999999994,,0
lastHit > prolong,boss,,2,60,3,0,0,0,0,0,0,0,0,78,0,0.5,,0
lastHit > regen,boss,,3,60,3,0,0,0,0,0,0,0,0,46,46,1.0499999999999994,,0
lastHit > armor,boss,,3,60,3,0,0,0,0,0,0,0,0,46,46,1.0499999999999994,,0
lastHit > pull,boss,,2,60,3,0,0,0,0,0,0,0,0,62,62,0.7000000000000005,,0
lastHit > harvest,boss,,3,60,3,0,0,0,0,0,0,0,0,46,46,1.0499999999999994,,0
lastHit > orb,boss,,3,60,3,26.100000000000005,26.1,26.1,0,0,0,0,0,46,46,1.0499999999999994,0.26666666666666666,7
lastHit > mine,boss,,3,60,3,27.600000000000005,27.6,27.6,0,0,0,0,0,46,46,1.0499999999999994,0.5666666666666667,1
lastHit > turret,boss,,4,60,3,47.5,47.5,47.5,0,0,0,0,0,34,34,1.3999999999999992,0.26666666666666666,8
lastHit > decoy,boss,,4,60,3,0,0,0,0,0,0,0,0,35,35,1.3999999999999992,,4
lastHit > detonate,boss,,2,60,3,60,60,60,1,0,0,0,0,78,1,0.5025641025641026,0.06666666666666667,1
lastHit > launch,boss,,2,60,3,60.43333333333333,60.43333333333333,60.43333333333333,1,0,0,0,0,82,1,0.5024390243902439,0.06666666666666667,2
lastHit > boomerang,boss,,3,60,3,9.4,9.4,9.4,0,0,0,0,0,46,46,1.0499999999999994,0.06666666666666667,0
lastHit > homing,boss,,3,60,3,43.86666666666667,43.86666666666667,43.86666666666667,0,0,0,0,0,46,46,1.0499999999999994,0.06666666666666667,0
lastHit > laser,boss,,3,60,3,8.6,8.6,8.6,0,0,0,0,0,43,43,1.0499999999999994,0.06666666666666667,0
lastHit > chain,boss,,3,60,3,5.733333333333333,5.733333333333333,5.733333333333333,0,0,0,0,0,43,43,1.0499999999999994,0.06666666666666667,0
lastHit > meteor,boss,,3,60,3,31.533333333333335,31.533333333333335,31.533333333333335,0,0,0,0,0,43,43,1.0499999999999994,0.8666666666666666,1
lastHit > blades,boss,,4,60,3,56.20000000000001,56.2,56.2,0,0,0,0,0,35,35,1.3999999999999992,0.06666666666666667,3
lastHit > root,boss,,3,60,3,0,0,0,0,0.9988888888888748,0,0,0,46,46,1.0499999999999994,,0
lastHit > mark,boss,,2,60,3,0,0,0,0,0,0,0,0,70,70,0.7000000000000007,,0
lastHit > burn,boss,,3,60,3,29.966666666666665,29.966666666666665,29.966666666666665,0,0,0,0,0,46,46,1.0499999999999994,0.10000000000000002,0
lastHit > fear,boss,,3,60,3,0,0,0,0,0,0,0,0,46,46,1.0499999999999994,,0
lastHit > execute,boss,,3,60,3,36.03333333333333,36.03333333333333,36.03333333333333,0,0,0,0,0,46,46,1.0499999999999994,0.06666666666666667,0
lastHit > drain,boss,,3,60,3,43.86666666666667,43.86666666666667,43.86666666666667,0,0,50,0,0,46,46,1.0499999999999994,0.06666666666666667,0
lastHit > blink,boss,,3,60,3,0,0,0,0,0,0,0,0,44,44,1.0499999999999994,,0
lastHit > dash,boss,,3,60,3,0,0,0,0,0,0,0,0,44,44,1.0499999999999994,,0
lastHit > archer,boss,,4,60,3,48.79999999999999,48.8,48.8,0,0,0,0,0,33,33,1.3999999999999992,0.26666666666666666,6
lastHit > sacrifice,boss,,2,60,3,60,60,60,1,0,0,0,0,78,1,0.5025641025641026,0.06666666666666667,1
lastHit > rally,boss,,3,60,3,0,0,0,0,0,0,0,0,46,46,1.0499999999999994,,0
lastHit > ward,boss,,5,60,3,0,0,0,0,0,0,0,0,28,28,1.75,,2
lastHit > spread,boss,,2,60,3,0,0,0,0,0,0,0,0,62,62,0.7000000000000005,,0
lastHit > snipe,boss,,4,60,3,56,56,56,0,0,0,0,0,35,35,1.3999999999999992,0.06666666666666667,0
lastHit > refresh,boss,,2,60,3,0,0,0,0,0,0,0,0,82,0,0.5,,0
lastHit > split,boss,,2,60,3,0,0,0,0,0,0,0,0,58,58,0.7000000000000003,,0
lastHit > absorb,boss,,2,60,3,60,60,60,1,0,6,0,0,82,1,0.5024390243902439,0.06666666666666667,1
lastHit > swap,boss,,2,60,3,0,0,0,0,0,0,0,0,58,58,0.7000000000000003,,0
all > bolt,boss,,6,60,3,28.850000000000005,28.85,28.85,0,0,0,0,0,22,95,2.5977272727272718,0.03333333333333333,10
all > slash,boss,,7,60,3,9.75,9.75,9.75,0,0,0,504,0,21,50,2.657142857142858,0.03333333333333333,4
all > explode,boss,,7,60,3,9.016666666666667,9.016666666666667,9.016666666666667,0,0,0,494,0,19,44,2.844736842105263,0.03333333333333333,4
all > frost,boss,,7,60,3,3.983333333333333,3.9833333333333334,3.9833333333333334,0,0.09388888888888873,0,52,0,13,56,3.2769230769230777,0.03333333333333333,4
all > poison,boss,,8,60,3,6.183333333333334,6.183333333333334,6.183333333333334,0,0,0,378,0,16,52,3.475,0.03333333333333333,8
all > vortex,boss,,7,60,3,3.516666666666667,3.5166666666666666,3.5166666666666666,0,0,25,0,2,19,45,2.8605263157894734,0.03333333333333333,10
all > shockwave,boss,,6,60,3,6.45,6.45,6.45,0,0,0,264,0,22,52,2.440909090909092,0.03333333333333333,4
all > summon,boss,,8,60,3,78.13333333333334,78.13333333333334,78.13333333333334,1,0,0,0,0,9,89,6.355555555555554,0.03333333333333333,9
all > heal,boss,,8,60,3,3.516666666666667,3.5166666666666666,3.5166666666666666,0,0,261,0,0,17,39,3.188235294117648,0.03333333333333333,4
all > mend,boss,,8,60,3,3.516666666666667,3.5166666666666666,3.5166666666666666,0,0,261,0,0,17,39,3.188235294117648,0.03333333333333333,4
all > shield,boss,,7,60,3,2.816666666666667,2.816666666666667,2.816666666666667,0,0,0,0,0,19,44,2.844736842105263,0.03333333333333333,4
all > haste,boss,,7,60,3,3.516666666666667,3.5166666666666666,3.5166666666666666,0,0,0,0,0,18,75,3.0833333333333326,0.03333333333333333,4
all > rage,boss,,7,60,3,6.016666666666667,6.016666666666667,6.016666666666667,0,0,0,0,0,22,29,2.5136363636363646,0.03333333333333333,4
all > scatter,boss,,7,60,3,20.383333333333333,20.383333333333333,20.383333333333333,0,0,0,100,0,21,46,2.688095238095238,0.03333333333333333,4
all > lance,boss,,7,60,3,7.716666666666666,7.716666666666667,7.716666666666667,0,0,0,336,0,21,50,2.726190476190476,0.03333333333333333,4
all > focus,boss,,7,60,3,5.116666666666666,5.116666666666666,5.116666666666666,0,0,0,0,0,22,29,2.5136363636363646,0.03333333333333333,4
all > amplify,boss,,7,60,3,3.516666666666667,3.5166666666666666,3.5166666666666666,0,0,0,0,0,18,78,3.1166666666666654,0.03333333333333333,4
all > prolong,boss,,6,60,3,18.05,18.05,18.05,0,0,0,0,0,24,48,2.299999999999999,0.03333333333333333,4
all > regen,boss,,7,60,3,3.516666666666667,3.5166666666666666,3.5166666666666666,0,0,169.86666666655765,0,0,21,49,2.7166666666666655,0.03333333333333333,4
all > armor,boss,,7,60,3,1.8833333333333335,1.8833333333333333,1.8833333333333333,0,0,0,0,0,21,49,2.7166666666666655,0.03333333333333333,4
all > pull,boss,,6,60,3,3.516666666666667,3.5166666666666666,3.5166666666666666,0,0,25,0,2,25,34,2.172000000000001,0.03333333333333333,4
all > magnet,boss,,6,60,3,3.516666666666667,3.5166666666666666,3.5166666666666666,0,0,25,0,2,80,2,0.521875,0.03333333333333333,4
all > harvest,boss,,7,60,3,3.516666666666667,3.5166666666666666,3.5166666666666666,0,0,0,0,0,21,42,2.6499999999999995,0.03333333333333333,4
all > orb,boss,,7,60,3,55.11666666666667,55.11666666666667,55.11666666666667,0,0,0,0,0,11,163,5.213636363636365,0.03333333333333333,15
all > mine,boss,,7,60,3,30.516666666666666,30.516666666666666,30.516666666666666,0,0,0,0,0,13,150,4.557692307692308,0.03333333333333333,15
all > turret,boss,,8,60,3,83.75,83.75,83.75,1,0,0,0,0,8,117,7.568749999999999,0.03333333333333333,24
all > decoy,boss,,8,60,3,3.283333333333333,3.283333333333333,3.283333333333333,0,0,0,0,0,12,94,4.8500000000000005,0.03333333333333333,15
all > detonate,boss,,6,60,3,1440,1440,1440,24,0,0,0,0,24,51,2.324999999999999,0.03333333333333333,4
all > launch,boss,,6,60,3,1500.8666666666666,1500.8666666666666,1500.8666666666666,25,0,0,0,0,25,53,2.268,0.03333333333333333,6
all > boomerang,boss,,7,60,3,7.716666666666666,7.716666666666667,7.716666666666667,0,0,0,336,0,21,50,2.726190476190476,0.03333333333333333,4
all > homing,boss,,7,60,3,20.383333333333333,20.383333333333333,20.383333333333333,0,0,0,100,0,21,46,2.688095238095238,0.03333333333333333,4
all > laser,boss,,7,60,3,7.316666666666666,7.316666666666666,7.316666666666666,0,0,0,304,0,19,45,2.8605263157894734,0.03333333333333333,4
all > chain,boss,,7,60,3,10.583333333333334,10.583333333333334,10.583333333333334,0,0,0,0,0,16,69,3.443750000000001,0.03333333333333333,4
all > meteor,boss,,7,60,3,16.183333333333334,16.183333333333334,16.183333333333334,0,0,0,912,0,19,44,2.844736842105263,0.03333333333333333,10
all > blades,boss,,8,60,3,21.816666666666666,21.816666666666666,21.816666666666666,0,0,0,792,0,15,62,3.7400000000000007,0.03333333333333333,8
all > root,boss,,7,60,3,3.516666666666667,3.5166666666666666,3.5166666666666666,0,0.540000000000012,0,0,0,18,78,3.1166666666666654,0.03333333333333333,4
all > mark,boss,,6,60,3,8.816666666666666,8.816666666666666,8.816666666666666,0,0,0,0,0,24,103,2.429166666666666,0.03333333333333333,4
all > burn,boss,,7,60,3,30.95,30.95,30.95,0,0,0,112,0,21,46,2.688095238095238,0.03333333333333333,4
all > fear,boss,,7,60,3,1.2166666666666666,1.2166666666666666,1.2166666666666666,0,0,0,0,0,18,78,3.1166666666666654,0.03333333333333333,4
all > execute,boss,,7,60,3,16.883333333333333,16.883333333333333,16.883333333333333,0,0,0,0,0,21,46,2.688095238095238,0.03333333333333333,4
all > drain,boss,,7,60,3,20.383333333333333,20.383333333333333,20.383333333333333,0,0,60,40,0,21,46,2.688095238095238,0.03333333333333333,4
all > blink,boss,,7,60,3,3.3388888888888886,3.25,3.5166666666666666,0,0,0,0,0,17,73,3.273529411764707,0.03333333333333333,4
all > dash,boss,,7,60,3,3.25,3.1166666666666667,3.5166666666666666,0,0,0,0,0,17,73,3.273529411764707,0.03333333333333333,4
all > archer,boss,,8,60,3,58.98333333333333,58.983333333333334,58.983333333333334,0,0,0,0,0,9,87,6.266666666666666,0.03333333333333333,10
all > sacrifice,boss,,6,60,3,1440,1440,1440,24,0,0,0,0,24,51,2.324999999999999,0.03333333333333333,4
all > rally,boss,,7,60,3,25.616666666666664,25.616666666666667,25.616666666666667,0,0,0,0,0,17,96,3.3794117647058823,0.03333333333333333,4
all > ward,boss,,9,60,3,2.9500000000000006,2.95,2.95,0,0,0,0,0,13,56,4.473076923076924,0.03333333333333333,10
all > spread,boss,,6,60,3,3.516666666666667,3.5166666666666666,3.5166666666666666,0,0,0,0,0,20,86,2.7600000000000002,0.03333333333333333,4
all > snipe,boss,,8,60,3,27.983333333333334,27.983333333333334,27.983333333333334,0,0,0,0,0,17,38,3.1705882352941184,0.03333333333333333,4
all > refresh,boss,,6,60,3,18.05,18.05,18.05,0,0,0,0,0,25,50,2.2499999999999996,0.03333333333333333,4
all > split,boss,,6,60,3,7.516666666666667,6.983333333333333,8.25,0,0,33.333333333333336,0,0.026041666666666668,7,277.6666666666667,11.766666666666666,0.03333333333333333,249.66666666666666
all > absorb,boss,,6,60,3,1680,1680,1680,28,0,50,0,2,1,5,2.6999999999999997,0.03333333333333333,4
all > swap,boss,,6,60,3,2.783333333333333,2.783333333333333,2.783333333333333,0,0,25,0,2,24,33,2.193750000000001,0.03333333333333333,4
nearestEnemy > bolt,boss,,2,60,3,17.066666666666666,17.066666666666666,17.066666666666666,0,0,0,0,0,65,65,0.7000000000000005,0.3111111111111111,2
nearestEnemy > slash,boss,,3,60,3,16,16,16,0,0,0,0,0,48,48,1.0499999999999992,0.06666666666666667,0
nearestEnemy > explode,boss,,3,60,3,15.766666666666667,15.766666666666667,15.766666666666667,0,0,0,0,0,43,43,1.0499999999999994,0.06666666666666667,0
nearestEnemy > frost,boss,,3,60,3,2.933333333333333,2.933333333333333,2.933333333333333,0,0.31777777777777955,0,0,0,44,44,1.0499999999999994,0.06666666666666667,0
nearestEnemy > poison,boss,,4,60,3,9.1,9.1,9.1,0,0,0,0,0,35,35,1.3999999999999992,0.06666666666666667,3
nearestEnemy > vortex,boss,,3,60,3,0,0,0,0,0,0,0,0,43,43,1.0499999999999994,,2
nearestEnemy > shockwave,boss,,2,60,3,7.866666666666666,7.866666666666666,7.866666666666666,0,0,0,0,0,58,58,0.7000000000000003,0.06666666666666667,0
nearestEnemy > summon,boss,,4,60,3,65.06666666666666,65.06666666666666,65.06666666666666,1,0,0,0,0,33,33,1.3999999999999992,0.26666666666666666,7
nearestEnemy > heal,boss,,4,60,3,0,0,0,0,0,0,0,0,35,35,1.3999999999999992,,0
nearestEnemy > mend,boss,,4,60,3,0,0,0,0,0,0,0,0,35,35,1.3999999999999992,,0
nearestEnemy > shield,boss,,3,60,3,0,0,0,0,0,0,0,0,43,43,1.0499999999999994,,0
nearestEnemy > haste,boss,,3,60,3,0,0,0,0,0,0,0,0,46,46,1.0499999999999994,,0
nearestEnemy > rage,boss,,3,60,3,0,0,0,0,0,0,0,0,46,46,1.0499999999999994,,0
nearestEnemy > scatter,boss,,3,60,3,43.86666666666667,43.86666666666667,43.86666666666667,0,0,0,0,0,46,46,1.0499999999999994,0.06666666666666667,0
nearestEnemy > lance,boss,,3,60,3,9.4,9.4,9.4,0,0,0,0,0,46,46,1.0499999999999994,0.06666666666666667,0
nearestEnemy > focus,boss,,3,60,3,0,0,0,0,0,0,0,0,46,46,1.0499999999999994,,0
nearestEnemy > amplify,boss,,3,60,3,0,0,0,0,0,0,0,0,46,46,1.0499999999999994,,0
nearestEnemy > prolong,boss,,2,60,3,0,0,0,0,0,0,0,0,78,0,0.5,,0
nearestEnemy > regen,boss,,3,60,3,0,0,0,0,0,0,0,0,46,46,1.0499999999999994,,0
nearestEnemy > armor,boss,,3,60,3,0,0,0,0,0,0,0,0,46,46,1.0499999999999994,,0
nearestEnemy > pull,boss,,2,60,3,0,0,0,0,0,0,0,0,62,62,0.7000000000000005,,0
nearestEnemy > harvest,boss,,3,60,3,0,0,0,0,0,0,0,0,46,46,1.0499999999999994,,0
nearestEnemy > orb,boss,,3,60,3,26.100000000000005,26.1,26.1,0,0,0,0,0,46,46,1.0499999999999994,0.26666666666666666,7
nearestEnemy > mine,boss,,3,60,3,27.600000000000005,27.6,27.6,0,0,0,0,0,46,46,1.0499999999999994,0.5666666666666667,1
nearestEnemy > turret,boss,,4,60,3,47.5,47.5,47.5,0,0,0,0,0,34,34,1.3999999999999992,0.26666666666666666,8
nearestEnemy > decoy,boss,,4,60,3,0,0,0,0,0,0,0,0,35,35,1.3999999999999992,,4
nearestEnemy > detonate,boss,,2,60,3,3780,3780,3780,63,0,0,0,0,62,62,0.7000000000000005,0.06666666666666667,63
nearestEnemy > launch,boss,,2,60,3,3900.433333333333,3900.4333333333334,3900.4333333333334,65,0,0,0,0,65,65,0.7000000000000005,0.06666666666666667,67
nearestEnemy > boomerang,boss,,3,60,3,9.4,9.4,9.4,0,0,0,0,0,46,46,1.0499999999999994,0.06666666666666667,0
nearestEnemy > homing,boss,,3,60,3,43.86666666666667,43.86666666666667,43.86666666666667,0,0,0,0,0,46,46,1.0499999999999994,0.06666666666666667,0
nearestEnemy > laser,boss,,3,60,3,8.6,8.6,8.6,0,0,0,0,0,43,43,1.0499999999999994,0.06666666666666667,0
nearestEnemy > chain,boss,,3,60,3,5.733333333333333,5.733333333333333,5.733333333333333,0,0,0,0,0,43,43,1.0499999999999994,0.06666666666666667,0
nearestEnemy > meteor,boss,,3,60,3,31.533333333333335,31.533333333333335,31.533333333333335,0,0,0,0,0,43,43,1.0499999999999994,0.8666666666666666,1
nearestEnemy > blades,boss,,4,60,3,56.20000000000001,56.2,56.2,0,0,0,0,0,35,35,1.3999999999999992,0.06666666666666667,3
nearestEnemy > root,boss,,3,60,3,0,0,0,0,0.9988888888888748,0,0,0,46,46,1.0499999999999994,,0
nearestEnemy > mark,boss,,2,60,3,0,0,0,0,0,0,0,0,70,70,0.7000000000000007,,0
nearestEnemy > burn,boss,,3,60,3,29.966666666666665,29.966666666666665,29.966666666666665,0,0,0,0,0,46,46,1.0499999999999994,0.10000000000000002,0
nearestEnemy > fear,boss,,3,60,3,0,0,0,0,0,0,0,0,46,46,1.0499999999999994,,0
nearestEnemy > execute,boss,,3,60,3,36.03333333333333,36.03333333333333,36.03333333333333,0,0,0,0,0,46,46,1.0499999999999994,0.06666666666666667,0
nearestEnemy > drain,boss,,3,60,3,43.86666666666667,43.86666666666667,43.86666666666667,0,0,50,0,0,46,46,1.0499999999999994,0.06666666666666667,0
nearestEnemy > blink,boss,,3,60,3,0,0,0,0,0,0,0,0,70,3,0.5235714285714286,,0
nearestEnemy > dash,boss,,3,60,3,0,0,0,0,0,0,0,0,70,3,0.5235714285714286,,0
nearestEnemy > archer,boss,,4,60,3,48.79999999999999,48.8,48.8,0,0,0,0,0,33,33,1.3999999999999992,0.26666666666666666,6
nearestEnemy > sacrifice,boss,,2,60,3,3780,3780,3780,63,0,0,0,0,62,62,0.7000000000000005,0.06666666666666667,63
nearestEnemy > rally,boss,,3,60,3,0,0,0,0,0,0,0,0,46,46,1.0499999999999994,,0
nearestEnemy > ward,boss,,5,60,3,0,0,0,0,0,0,0,0,61,1,0.5204918032786885,,1
nearestEnemy > spread,boss,,2,60,3,0,0,0,0,0,0,0,0,62,62,0.7000000000000005,,0
nearestEnemy > snipe,boss,,4,60,3,56,56,56,0,0,0,0,0,35,35,1.3999999999999992,0.06666666666666667,0
nearestEnemy > refresh,boss,,2,60,3,0,0,0,0,0,0,0,0,82,0,0.5,,0
nearestEnemy > split,boss,,2,60,3,0,0,0,0,0,0,0,0,58,58,0.7000000000000003,,0
nearestEnemy > absorb,boss,,2,60,3,3900,3900,3900,65,0,50,0,0,65,65,0.7000000000000005,0.06666666666666667,65
nearestEnemy > swap,boss,,2,60,3,0,0,0,0,0,0,0,0,58,58,0.7000000000000003,,0
woundedEnemies > bolt,boss,,4,60,3,0,0,0,0,0,0,0,0,82,0,0.5,,0
woundedEnemies > slash,boss,,5,60,3,0,0,0,0,0,0,0,0,82,0,0.5,,0
woundedEnemies > explode,boss,,5,60,3,0,0,0,0,0,0,0,0,69,0,0.5,,0
woundedEnemies > frost,boss,,5,60,3,0,0,0,0,0,0,0,0,72,0,0.5,,0
woundedEnemies > poison,boss,,6,60,3,0,0,0,0,0,0,0,0,69,0,0.5,,0
woundedEnemies > vortex,boss,,5,60,3,0,0,0,0,0,0,0,0,69,0,0.5,,0
woundedEnemies > shockwave,boss,,4,60,3,0,0,0,0,0,0,0,0,72,0,0.5,,0
woundedEnemies > summon,boss,,6,60,3,0,0,0,0,0,0,0,0,62,0,0.5,,0
woundedEnemies > heal,boss,,6,60,3,0,0,0,0,0,0,0,0,69,0,0.5,,0
woundedEnemies > mend,boss,,6,60,3,0,0,0,0,0,0,0,0,69,0,0.5,,0
woundedEnemies > shield,boss,,5,60,3,0,0,0,0,0,0,0,0,69,0,0.5,,0
woundedEnemies > haste,boss,,5,60,3,0,0,0,0,0,0,0,0,78,0,0.5,,0
woundedEnemies > rage,boss,,5,60,3,0,0,0,0,0,0,0,0,78,0,0.5,,0
woundedEnemies > scatter,boss,,5,60,3,0,0,0,0,0,0,0,0,78,0,0.5,,0
woundedEnemies > lance,boss,,5,60,3,0,0,0,0,0,0,0,0,78,0,0.5,,0
woundedEnemies > focus,boss,,5,60,3,0,0,0,0,0,0,0,0,78,0,0.5,,0
woundedEnemies > amplify,boss,,5,60,3,0,0,0,0,0,0,0,0,78,0,0.5,,0
woundedEnemies > prolong,boss,,4,60,3,0,0,0,0,0,0,0,0,78,0,0.5,,0
woundedEnemies > regen,boss,,5,60,3,0,0,0,0,0,0,0,0,78,0,0.5,,0
woundedEnemies > armor,boss,,5,60,3,0,0,0,0,0,0,0,0,78,0,0.5,,0
woundedEnemies > pull,boss,,4,60,3,0,0,0,0,0,0,0,0,78,0,0.5,,0
woundedEnemies > harvest,boss,,5,60,3,0,0,0,0,0,0,0,0,78,0,0.5,,0
woundedEnemies > orb,boss,,5,60,3,0,0,0,0,0,0,0,0,78,0,0.5,,0
woundedEnemies > mine,boss,,5,60,3,0,0,0,0,0,0,0,0,78,0,0.5,,0
woundedEnemies > turret,boss,,6,60,3,0,0,0,0,0,0,0,0,64,0,0.5,,0
woundedEnemies > decoy,boss,,6,60,3,0,0,0,0,0,0,0,0,69,0,0.5,,0
woundedEnemies > detonate,boss,,4,60,3,0,0,0,0,0,0,0,0,78,0,0.5,,0
woundedEnemies > launch,boss,,4,60,3,0,0,0,0,0,0,0,0,82,0,0.5,,0
woundedEnemies > boomerang,boss,,5,60,3,0,0,0,0,0,0,0,0,78,0,0.5,,0
woundedEnemies > homing,boss,,5,60,3,0,0,0,0,0,0,0,0,78,0,0.5,,0
woundedEnemies > laser,boss,,5,60,3,0,0,0,0,0,0,0,0,69,0,0.5,,0
woundedEnemies > chain,boss,,5,60,3,0,0,0,0,0,0,0,0,69,0,0.5,,0
woundedEnemies > meteor,boss,,5,60,3,0,0,0,0,0,0,0,0,69,0,0.5,,0
woundedEnemies > blades,boss,,6,60,3,0,0,0,0,0,0,0,0,69,0,0.5,,0
woundedEnemies > root,boss,,5,60,3,0,0,0,0,0,0,0,0,78,0,0.5,,0
woundedEnemies > mark,boss,,4,60,3,0,0,0,0,0,0,0,0,90,0,0.5,,0
woundedEnemies > burn,boss,,5,60,3,0,0,0,0,0,0,0,0,78,0,0.5,,0
woundedEnemies > fear,boss,,5,60,3,0,0,0,0,0,0,0,0,78,0,0.5,,0
woundedEnemies > execute,boss,,5,60,3,0,0,0,0,0,0,0,0,78,0,0.5,,0
woundedEnemies > drain,boss,,5,60,3,0,0,0,0,0,0,0,0,78,0,0.5,,0
woundedEnemies > blink,boss,,5,60,3,0,0,0,0,0,0,0,0,72,0,0.5,,0
woundedEnemies > dash,boss,,5,60,3,0,0,0,0,0,0,0,0,72,0,0.5,,0
woundedEnemies > archer,boss,,6,60,3,0,0,0,0,0,0,0,0,62,0,0.5,,0
woundedEnemies > sacrifice,boss,,4,60,3,0,0,0,0,0,0,0,0,78,0,0.5,,0
woundedEnemies > rally,boss,,5,60,3,0,0,0,0,0,0,0,0,78,0,0.5,,0
woundedEnemies > ward,boss,,7,60,3,0,0,0,0,0,0,0,0,62,0,0.5,,0
woundedEnemies > spread,boss,,4,60,3,0,0,0,0,0,0,0,0,78,0,0.5,,0
woundedEnemies > snipe,boss,,6,60,3,0,0,0,0,0,0,0,0,69,0,0.5,,0
woundedEnemies > refresh,boss,,4,60,3,0,0,0,0,0,0,0,0,82,0,0.5,,0
woundedEnemies > split,boss,,4,60,3,0,0,0,0,0,0,0,0,72,0,0.5,,0
woundedEnemies > absorb,boss,,4,60,3,0,0,0,0,0,0,0,0,82,0,0.5,,0
woundedEnemies > swap,boss,,4,60,3,0,0,0,0,0,0,0,0,72,0,0.5,,0
pickups > bolt,boss,,3,60,3,12.800000000000002,12.8,12.8,0,0,0,0,0,48,48,1.0499999999999992,0.3444444444444444,3
pickups > slash,boss,,4,60,3,0,0,0,0,0,0,0,0,81,1,0.5111111111111111,,1
pickups > explode,boss,,4,60,3,0,0,0,0,0,0,0,0,68,1,0.513235294117647,,1
pickups > frost,boss,,4,60,3,0,0,0,0,0,0,0,0,36,36,1.3999999999999992,,1
pickups > poison,boss,,5,60,3,0,0,0,0,0,0,0,0,68,1,0.5183823529411765,,1
pickups > vortex,boss,,4,60,3,0,0,0,0,0,25,0,0,68,1,0.513235294117647,,2
pickups > shockwave,boss,,3,60,3,0,0,0,0,0,0,0,0,71,1,0.5077464788732394,,1
pickups > summon,boss,,5,60,3,54.4,54.4,54.4,0,0,0,0,0,28,28,1.75,0.26666666666666666,6
pickups > haste,boss,,4,60,3,0,0,0,0,0,0,0,0,37,37,1.3999999999999992,,1
pickups > scatter,boss,,4,60,3,0,0,0,0,0,0,0,0,77,1,0.5116883116883116,,1
pickups > lance,boss,,4,60,3,0,0,0,0,0,0,0,0,77,1,0.5116883116883116,,1
pickups > amplify,boss,,4,60,3,0,0,0,0,0,0,0,0,37,37,1.3999999999999992,,1
pickups > pull,boss,,3,60,3,0,0,0,0,0,25,0,0,78,1,0.507051282051282,,1
pickups > magnet,boss,,3,60,3,0,0,0,0,0,25,0,0,81,1,0.5067901234567901,,1
pickups > orb,boss,,4,60,3,20.9,20.9,20.9,0,0,0,0,0,37,37,1.3999999999999992,0.26666666666666666,6
pickups > mine,boss,,4,60,3,22.2,22.2,22.2,0,0,0,0,0,37,37,1.3999999999999992,0.5666666666666667,2
pickups > turret,boss,,5,60,3,39.583333333333336,39.583333333333336,39.583333333333336,0,0,0,0,0,28,28,1.75,0.26666666666666666,8
pickups > decoy,boss,,5,60,3,0,0,0,0,0,0,0,0,29,29,1.75,,4
pickups > detonate,boss,,3,60,3,0.6833333333333332,0.6833333333333333,0.6833333333333333,0,0,0,0,0,78,1,0.507051282051282,0.06666666666666667,1
pickups > launch,boss,,3,60,3,0.43333333333333335,0.43333333333333335,0.43333333333333335,0,0,0,0,0,81,1,0.5067901234567901,0.06666666666666667,1
pickups > boomerang,boss,,4,60,3,0,0,0,0,0,0,0,0,77,1,0.5116883116883116,,1
pickups > homing,boss,,4,60,3,0,0,0,0,0,0,0,0,77,1,0.5116883116883116,,1
pickups > laser,boss,,4,60,3,0,0,0,0,0,0,0,0,68,1,0.513235294117647,,1
pickups > chain,boss,,4,60,3,4.666666666666667,4.666666666666667,4.666666666666667,0,0,0,0,0,35,35,1.3999999999999992,0.06666666666666667,1
pickups > meteor,boss,,4,60,3,0,0,0,0,0,0,0,0,68,1,0.513235294117647,,2
pickups > blades,boss,,5,60,3,0,0,0,0,0,0,0,0,68,1,0.5183823529411765,,1
pickups > root,boss,,4,60,3,0,0,0,0,0,0,0,0,37,37,1.3999999999999992,,1
pickups > mark,boss,,3,60,3,0,0,0,0,0,0,0,0,50,50,1.0499999999999992,,1
pickups > burn,boss,,4,60,3,0,0,0,0,0,0,0,0,77,1,0.5116883116883116,,1
pickups > fear,boss,,4,60,3,0,0,0,0,0,0,0,0,75,3,0.536,,1
pickups > execute,boss,,4,60,3,0,0,0,0,0,0,0,0,77,1,0.5116883116883116,,1
pickups > drain,boss,,4,60,3,0,0,0,0,0,6,0,0,77,1,0.5116883116883116,,1
pickups > blink,boss,,4,60,3,0,0,0,0,0,0,0,0,69,3,0.5391304347826087,,1
pickups > dash,boss,,4,60,3,0,0,0,0,0,0,0,0,69,3,0.5391304347826087,,1
pickups > archer,boss,,5,60,3,40.8,40.8,40.8,0,0,0,0,0,28,28,1.75,0.26666666666666666,6
pickups > sacrifice,boss,,3,60,3,0.6,0.6,0.6,0,0,0,0,0,78,1,0.507051282051282,0.06666666666666667,1
pickups > rally,boss,,4,60,3,0,0,0,0,0,0,0,0,37,37,1.3999999999999992,,1
pickups > ward,boss,,6,60,3,0,0,0,0,0,0,0,0,60,1,0.5266666666666667,,2
pickups > spread,boss,,3,60,3,0,0,0,0,0,0,0,0,46,46,1.0499999999999994,,1
pickups > snipe,boss,,5,60,3,0,0,0,0,0,0,0,0,68,1,0.5183823529411765,,1
pickups > split,boss,,3,60,3,0,0,0,0,0,16.666666666666668,0,0,8,254.66666666666666,8.758333333333335,,255.33333333333334
pickups > absorb,boss,,3,60,3,0,0,0,0,0,25,0,0,81,1,0.5067901234567901,,1
pickups > swap,boss,,3,60,3,0,0,0,0,0,0,0,0,44,44,1.0499999999999994,,1
,wounded8,,0,60,3,0,0,0,0,0,0,0,0,0,0,0,,0
self,wounded8,,1,60,3,0,0,0,0,0,0,0,0,0,0,0,,0
enemies,wounded8,,6,60,3,0,0,0,0,0,0,0,0,0,0,0,,0
ahead,wounded8,,1,60,3,0,0,0,0,0,0,0,0,0,0,0,,0
behind,wounded8,,1,60,3,0,0,0,0,0,0,0,0,0,0,0,,0
randomPoint,wounded8,,1,60,3,0,0,0,0,0,0,0,0,0,0,0,,0
fallen,wounded8,,2,60,3,0,0,0,0,0,0,0,0,0,0,0,,0
objects,wounded8,,3,60,3,16.62777777777778,16.108333333333334,17.666666666666668,54.666666666666664,0,0,0,0,0,0,0,0.2333333333333333,57.333333333333336
allies,wounded8,,3,60,3,14.066666666666668,14.041666666666666,14.083333333333334,46.666666666666664,0,0,0,0,0,0,0,0.2333333333333333,55.666666666666664
zones,wounded8,,3,60,3,18.666666666666668,18.666666666666668,18.666666666666668,64,0,0,0,0,0,0,0,0.03333333333333333,71
shots,wounded8,,3,60,3,0.4583333333333333,0.4583333333333333,0.4583333333333333,1,0,0,0,0,0,0,0,0.03333333333333333,4
gems,wounded8,,2,60,3,0,0,0,0,0,0,0,0,0,0,0,,6
prey,wounded8,,2,60,3,0,0,0,0,0,0,0,0,0,0,0,,0
lastHit,wounded8,,1,60,3,0,0,0,0,0,0,0,0,0,0,0,,0
all,wounded8,,5,60,3,31.977777777777778,31.066666666666666,32.96666666666667,106.66666666666667,0,0,0,0,0,0,0,0.03333333333333333,126.66666666666667
nearestEnemy,wounded8,,1,60,3,0,0,0,0,0,0,0,0,0,0,0,,0
woundedEnemies,wounded8,,3,60,3,0,0,0,0,0,0,0,0,0,0,0,,0
pickups,wounded8,,2,60,3,0,0,0,0,0,0,0,0,0,0,0,,6
self > bolt,wounded8,,2,60,3,37.333333333333336,37.333333333333336,37.333333333333336,128,0,0,0,0,65,65,0.7000000000000005,0.36666666666666664,132.66666666666666
self > slash,wounded8,,3,60,3,0,0,0,0,0,0,1152,0,48,48,1.0499999999999992,,0
self > explode,wounded8,,3,60,3,0,0,0,0,0,0,1118,0,43,43,1.0499999999999994,,0
self > frost,wounded8,,3,60,3,0,0,0,0,0,0,100,0,25,25,1.0500000000000005,,0
self > poison,wounded8,,4,60,3,0,0,0,0,0,0,486,0,35,35,1.3999999999999992,,3
self > vortex,wounded8,,3,60,3,0,0,0,0,0,0,0,0,43,43,1.0499999999999994,,2
self > shockwave,wounded8,,2,60,3,0,0,0,0,0,0,708,0,58,58,0.7000000000000003,,0
self > summon,wounded8,,4,60,3,66.40833333333333,66.40833333333333,66.40833333333333,227,0,0,0,0,33,33,1.3999999999999992,0.7555555555555555,235.33333333333334
self > heal,wounded8,,4,60,3,0,0,0,0,0,50,0,0,35,35,1.3999999999999992,,0
self > mend,wounded8,,4,60,3,0,0,0,0,0,50,0,0,35,35,1.3999999999999992,,0
self > shield,wounded8,,3,60,3,0,0,0,0,0,0,0,0,43,43,1.0499999999999994,,0
self > haste,wounded8,,3,60,3,0,0,0,0,0,0,0,0,46,46,1.0499999999999994,,0
self > scatter,wounded8,,3,60,3,0,0,0,0,0,0,230,0,46,46,1.0499999999999994,,0
self > lance,wounded8,,3,60,3,0,0,0,0,0,0,752,0,46,46,1.0499999999999994,,0
self > amplify,wounded8,,3,60,3,0,0,0,0,0,0,0,0,46,46,1.0499999999999994,,0
self > regen,wounded8,,3,60,3,0,0,0,0,0,50,0,0,46,46,1.0499999999999994,,0
self > armor,wounded8,,3,60,3,0,0,0,0,0,0,0,0,46,46,1.0499999999999994,,0
self > orb,wounded8,,3,60,3,0,0,0,0,0,0,0,0,46,46,1.0499999999999994,,7
self > mine,wounded8,,3,60,3,0,0,0,0,0,0,0,0,46,46,1.0499999999999994,,12
self > turret,wounded8,,4,60,3,82.83333333333333,82.83333333333333,82.83333333333333,284,0,0,0,0,34,34,1.3999999999999992,0.5333333333333333,301
self > decoy,wounded8,,4,60,3,0,0,0,0,0,0,0,0,35,35,1.3999999999999992,,4
self > boomerang,wounded8,,3,60,3,0,0,0,0,0,0,752,0,46,46,1.0499999999999994,,0
self > homing,wounded8,,3,60,3,0,0,0,0,0,0,230,0,46,46,1.0499999999999994,,0
self > laser,wounded8,,3,60,3,0,0,0,0,0,0,688,0,43,43,1.0499999999999994,,0
self > chain,wounded8,,3,60,3,16.866666666666667,0,50.6,56,0,0,0,0,43,43,1.0499999999999994,0.06666666666666667,56.666666666666664
self > meteor,wounded8,,3,60,3,0,0,0,0,0,0,2064,0,43,43,1.0499999999999994,,1
self > blades,wounded8,,4,60,3,0,0,0,0,0,0,896,0,35,35,1.3999999999999992,,3
self > root,wounded8,,3,60,3,0,0,0,0,0,0,0,0,46,46,1.0499999999999994,,0
self > mark,wounded8,,2,60,3,0,0,0,0,0,0,0,0,70,70,0.7000000000000007,,0
self > burn,wounded8,,3,60,3,0,0,0,0,0,0,113,0,46,46,1.0499999999999994,,0
self > fear,wounded8,,3,60,3,0,0,0,0,0,0,0,0,46,46,1.0499999999999994,,0
self > execute,wounded8,,3,60,3,0,0,0,0,0,0,0,0,46,46,1.0499999999999994,,0
self > drain,wounded8,,3,60,3,0,0,0,0,0,0,230,0,46,46,1.0499999999999994,,0
self > blink,wounded8,,3,60,3,0,0,0,0,0,0,0,0,44,44,1.0499999999999994,,0
self > dash,wounded8,,3,60,3,0,0,0,0,0,0,0,0,44,44,1.0499999999999994,,0
self > archer,wounded8,,4,60,3,71.04166666666667,71.04166666666667,71.04166666666667,243,0,0,0,0,33,33,1.3999999999999992,0.4777777777777777,255.66666666666666
self > rally,wounded8,,3,60,3,0,0,0,0,0,0,0,0,46,46,1.0499999999999994,,0
self > ward,wounded8,,5,60,3,0,0,0,0,0,0,0,0,28,28,1.75,,2
self > spread,wounded8,,2,60,3,0,0,0,0,0,0,0,0,62,62,0.7000000000000005,,0
self > snipe,wounded8,,4,60,3,0,0,0,0,0,0,0,0,35,35,1.3999999999999992,,0
self > split,wounded8,,2,60,3,0,0,0,0,0,0,0,0,58,58,0.7000000000000003,,6
enemies > bolt,wounded8,,7,60,3,74.66666666666667,74.66666666666667,74.66666666666667,256,0,0,0,0,17,136,3.5,0.3444444444444444,270
enemies > slash,wounded8,,8,60,3,35,35,35,120,0,0,0,0,15,120,3.850000000000001,0.06666666666666667,123.66666666666667
enemies > explode,wounded8,,8,60,3,28,28,28,96,0,0,0,0,12,96,4.8999999999999995,0.06666666666666667,99
enemies > frost,wounded8,,8,60,3,6.266666666666667,6.266666666666667,6.266666666666667,16,0.18944444444443906,0,0,0,13,104,4.549999999999999,0.06666666666666667,16
enemies > poison,wounded8,,9,60,3,25.666666666666668,25.666666666666668,25.666666666666668,88,0,0,0,0,11,88,5.25,0.06666666666666667,97.66666666666667
enemies > vortex,wounded8,,8,60,3,0,0,0,0,0,0,0,0,12,96,4.8999999999999995,,8
enemies > shockwave,wounded8,,7,60,3,16.333333333333332,16.333333333333332,16.333333333333332,56,0,0,0,0,14,112,4.200000000000001,0.06666666666666667,56.666666666666664
enemies > summon,wounded8,,9,60,3,82.25,82.25,82.25,282,0,0,0,0,10,80,5.95,0.26666666666666666,295
enemies > heal,wounded8,,9,60,3,0,0,0,0,0,420,0,0,11,88,5.25,,0
enemies > mend,wounded8,,9,60,3,0,0,0,0,0,420,0,0,11,88,5.25,,0
enemies > shield,wounded8,,8,60,3,0,0,0,0,0,0,0,0,12,96,4.8999999999999995,,0
enemies > haste,wounded8,,8,60,3,0,0,0,0,0,0,0,0,14,112,4.200000000000001,,0
enemies > rage,wounded8,,8,60,3,0,0,0,0,0,0,0,0,14,112,4.200000000000001,,0
enemies > scatter,wounded8,,8,60,3,32.666666666666664,32.666666666666664,32.666666666666664,112,0,0,0,0,14,112,4.200000000000001,0.06666666666666667,115.66666666666667
enemies > lance,wounded8,,8,60,3,16.333333333333332,16.333333333333332,16.333333333333332,56,0,0,0,0,14,112,4.200000000000001,0.06666666666666667,56.666666666666664
enemies > focus,wounded8,,8,60,3,0,0,0,0,0,0,0,0,14,112,4.200000000000001,,0
enemies > amplify,wounded8,,8,60,3,0,0,0,0,0,0,0,0,14,112,4.200000000000001,,0
enemies > prolong,wounded8,,7,60,3,0,0,0,0,0,0,0,0,78,0,0.5,,0
enemies > regen,wounded8,,8,60,3,0,0,0,0,0,419.99999999996845,0,0,14,112,4.200000000000001,,0
enemies > armor,wounded8,,8,60,3,0,0,0,0,0,0,0,0,14,112,4.200000000000001,,0
enemies > pull,wounded8,,7,60,3,0,0,0,0,0,0,0,0,15,120,3.850000000000001,,0
enemies > harvest,wounded8,,8,60,3,0,0,0,0,0,0,0,0,14,112,4.200000000000001,,0
enemies > orb,wounded8,,8,60,3,458.8055555555556,426.2416666666667,519.075,1571.3333333333333,0,0,0,0,14,112,4.200000000000001,0.26666666666666666,381
enemies > mine,wounded8,,8,60,3,261.3333333333333,261.3333333333333,261.3333333333333,896,0,0,0,0,14,112,4.200000000000001,0.5666666666666667,367
enemies > turret,wounded8,,9,60,3,129.11111111111111,116.66666666666667,140,442.6666666666667,0,0,0,0,10,80,5.6000000000000005,0.26666666666666666,366.3333333333333
enemies > decoy,wounded8,,9,60,3,0,0,0,0,0,0,0,0,11,88,5.25,,12
enemies > detonate,wounded8,,7,60,3,35,35,35,120,0,0,0,0,15,120,3.850000000000001,0.06666666666666667,124.66666666666667
enemies > launch,wounded8,,7,60,3,102.18055555555556,89.83333333333333,110.54166666666667,350.3333333333333,0,0,0,0,17,136,3.5,0.06666666666666667,347
enemies > boomerang,wounded8,,8,60,3,16.333333333333332,16.333333333333332,16.333333333333332,56,0,0,0,0,14,112,4.200000000000001,0.06666666666666667,56.666666666666664
enemies > homing,wounded8,,8,60,3,32.666666666666664,32.666666666666664,32.666666666666664,112,0,0,0,0,14,112,4.200000000000001,0.06666666666666667,115.66666666666667
enemies > laser,wounded8,,8,60,3,14,14,14,48,0,0,0,0,12,96,4.8999999999999995,0.06666666666666667,48.666666666666664
enemies > chain,wounded8,,8,60,3,28,28,28,96,0,0,0,0,12,96,4.8999999999999995,0.06666666666666667,97.66666666666667
enemies > meteor,wounded8,,8,60,3,28,28,28,96,0,0,0,0,12,96,4.8999999999999995,0.8666666666666666,97.66666666666667
enemies > blades,wounded8,,9,60,3,25.666666666666668,25.666666666666668,25.666666666666668,88,0,0,0,0,11,88,5.25,0.06666666666666667,97.66666666666667
enemies > root,wounded8,,8,60,3,0,0,0,0,0.4199999999999815,0,0,0,14,112,4.200000000000001,,0
enemies > mark,wounded8,,7,60,3,0,0,0,0,0,0,0,0,19,152,3.149999999999999,,0
enemies > burn,wounded8,,8,60,3,32.666666666666664,32.666666666666664,32.666666666666664,112,0,0,0,0,14,112,4.200000000000001,0.10000000000000002,114.33333333333333
enemies > fear,wounded8,,8,60,3,0,0,0,0,0.06666666666666822,0,0,0,69,16,0.6072463768115942,,0
enemies > execute,wounded8,,8,60,3,32.666666666666664,32.666666666666664,32.666666666666664,112,0,0,0,0,14,112,4.200000000000001,0.06666666666666667,116.33333333333333
enemies > drain,wounded8,,8,60,3,32.666666666666664,32.666666666666664,32.666666666666664,112,0,50,0,0,14,112,4.200000000000001,0.06666666666666667,115.66666666666667
enemies > blink,wounded8,,8,60,3,0,0,0,0,0,0,0,0,58,24,0.7094827586206897,,0
enemies > dash,wounded8,,8,60,3,0,0,0,0,0,0,0,0,58,24,0.7094827586206897,,0
enemies > archer,wounded8,,9,60,3,82.25,82.25,82.25,282,0,0,0,0,10,80,5.95,0.26666666666666666,295.6666666666667
enemies > sacrifice,wounded8,,7,60,3,35,35,35,120,0,0,0,0,15,120,3.850000000000001,0.06666666666666667,124.66666666666667
enemies > rally,wounded8,,8,60,3,0,0,0,0,0,0,0,0,14,112,4.200000000000001,,0
enemies > ward,wounded8,,10,60,3,0,0,0,0,0,0,0,0,56,8,0.6035714285714285,,8
enemies > spread,wounded8,,7,60,3,0,0,0,0,0,0,0,0,15,120,3.850000000000001,,0
enemies > snipe,wounded8,,9,60,3,25.666666666666668,25.666666666666668,25.666666666666668,88,0,0,0,0,11,88,5.25,0.06666666666666667,90.66666666666667
enemies > refresh,wounded8,,7,60,3,0,0,0,0,0,0,0,0,82,0,0.5,,0
enemies > split,wounded8,,7,60,3,0,0,0,0,0,0,0,0,5,248,14.6,,0
enemies > absorb,wounded8,,7,60,3,39.666666666666664,39.666666666666664,39.666666666666664,136,0,50,0,0,17,136,3.5,0.06666666666666667,141
enemies > swap,wounded8,,7,60,3,0,0,0,0,0,0,0,0,14,112,4.200000000000001,,0
ahead > bolt,wounded8,,2,60,3,37.333333333333336,37.333333333333336,37.333333333333336,128,0,0,0,0,65,65,0.7000000000000005,0.36666666666666664,132.66666666666666
ahead > poison,wounded8,,4,60,3,212.33333333333334,212.33333333333334,212.33333333333334,728,0,0,0,0,35,35,1.3999999999999992,0.06666666666666667,360.3333333333333
ahead > vortex,wounded8,,3,60,3,0,0,0,0,0,0,0,0,43,43,1.0499999999999994,,2
ahead > summon,wounded8,,4,60,3,71.2388888888889,71.16666666666667,71.275,243.33333333333334,0,0,0,0,33,33,1.3999999999999992,0.26666666666666666,254.33333333333334
ahead > orb,wounded8,,3,60,3,260.55555555555554,234.5,273.5833333333333,893.3333333333334,0,0,0,0,46,46,1.0499999999999994,0.26666666666666666,367.6666666666667
ahead > mine,wounded8,,3,60,3,107.33333333333333,107.33333333333333,107.33333333333333,368,0,0,0,0,46,46,1.0499999999999994,0.5666666666666667,353
ahead > turret,wounded8,,4,60,3,83.125,83.125,83.125,285,0,0,0,0,34,34,1.3999999999999992,0.26666666666666666,298.3333333333333
ahead > decoy,wounded8,,4,60,3,0,0,0,0,0,0,0,0,35,35,1.3999999999999992,,4
ahead > chain,wounded8,,3,60,3,50.6,50.6,50.6,168,0,0,0,0,43,43,1.0499999999999994,0.06666666666666667,171
ahead > meteor,wounded8,,3,60,3,100.33333333333333,100.33333333333333,100.33333333333333,344,0,0,0,0,43,43,1.0499999999999994,0.8666666666666666,348.6666666666667
ahead > blades,wounded8,,4,60,3,240.11666666666667,212.125,254.28333333333333,820.6666666666666,0,0,0,0,35,35,1.3999999999999992,0.13333333333333333,362
ahead > archer,wounded8,,4,60,3,71.18055555555556,71.16666666666667,71.20833333333333,243.66666666666666,0,0,0,0,33,33,1.3999999999999992,0.26666666666666666,253.33333333333334
ahead > rally,wounded8,,3,60,3,0,0,0,0,0,0,0,0,46,46,1.0499999999999994,,0
ahead > ward,wounded8,,5,60,3,0,0,0,0,0,0,0,0,28,28,1.75,,2
ahead > swap,wounded8,,2,60,3,0,0,0,0,0,0,0,0,58,58,0.7000000000000003,,0
behind > bolt,wounded8,,2,60,3,0,0,0,0,0,0,0,0,65,65,0.7000000000000005,,2
behind > poison,wounded8,,4,60,3,0,0,0,0,0,0,0,0,35,35,1.3999999999999992,,3
behind > vortex,wounded8,,3,60,3,0,0,0,0,0,0,0,0,43,43,1.0499999999999994,,2
behind > summon,wounded8,,4,60,3,61.577777777777776,61.541666666666664,61.65,210.66666666666666,0,0,0,0,33,33,1.3999999999999992,1.5555555555555571,219.66666666666666
behind > orb,wounded8,,3,60,3,0,0,0,0,0,0,0,0,46,46,1.0499999999999994,,7
behind > mine,wounded8,,3,60,3,0,0,0,0,0,0,0,0,46,46,1.0499999999999994,,12
behind > turret,wounded8,,4,60,3,82.4,82.4,82.4,282,0,0,0,0,34,34,1.3999999999999992,0.7777777777777777,302
behind > decoy,wounded8,,4,60,3,0,0,0,0,0,0,0,0,35,35,1.3999999999999992,,4
behind > chain,wounded8,,3,60,3,0,0,0,0,0,0,0,0,43,43,1.0499999999999994,,0
behind > meteor,wounded8,,3,60,3,0,0,0,0,0,0,0,0,43,43,1.0499999999999994,,1
behind > blades,wounded8,,4,60,3,0,0,0,0,0,0,0,0,35,35,1.3999999999999992,,3
behind > archer,wounded8,,4,60,3,70.90277777777779,70.875,70.91666666666667,242.33333333333334,0,0,0,0,33,33,1.3999999999999992,0.6555555555555554,253.33333333333334
behind > rally,wounded8,,3,60,3,0,0,0,0,0,0,0,0,46,46,1.0499999999999994,,0
behind > ward,wounded8,,5,60,3,0,0,0,0,0,0,0,0,28,28,1.75,,2
behind > swap,wounded8,,2,60,3,0,0,0,0,0,0,0,0,58,58,0.7000000000000003,,0
randomPoint > bolt,wounded8,,2,60,3,4.180555555555555,2.9166666666666665,4.958333333333333,14.333333333333334,0,0,0,0,65,65,0.7000000000000005,3.1666666666666656,16.666666666666668
randomPoint > poison,wounded8,,4,60,3,19.730555555555558,10.133333333333333,25.691666666666666,64.33333333333333,0,0,0,0,35,35,1.3999999999999992,3.5333333333333274,68.66666666666667
randomPoint > vortex,wounded8,,3,60,3,0,0,0,0,0,0,0,0,43,43,1.0499999999999994,,2
randomPoint > summon,wounded8,,4,60,3,65.41111111111111,64.38333333333334,66.60833333333333,222.66666666666666,0,0,0,0,33,33,1.3999999999999992,1.1666666666666672,232
randomPoint > orb,wounded8,,3,60,3,11.994444444444445,3.5,18.483333333333334,40.666666666666664,0,0,0,0,46,46,1.0499999999999994,11.533333333333369,48.666666666666664
randomPoint > mine,wounded8,,3,60,3,8.847222222222223,4.666666666666667,11.083333333333334,30.333333333333332,0,0,0,0,46,46,1.0499999999999994,7.499999999999983,43.333333333333336
randomPoint > turret,wounded8,,4,60,3,82.54722222222222,82.25833333333334,82.69166666666666,282.3333333333333,0,0,0,0,34,34,1.3999999999999992,0.6444444444444444,300.3333333333333
randomPoint > decoy,wounded8,,4,60,3,0,0,0,0,0,0,0,0,35,35,1.3999999999999992,,4
randomPoint > chain,wounded8,,3,60,3,15.311111111111112,13.266666666666667,18.666666666666668,50.666666666666664,0,0,0,0,43,43,1.0499999999999994,1.933333333333333,51
randomPoint > meteor,wounded8,,3,60,3,29.847222222222225,25.375,35.583333333333336,102.33333333333333,0,0,0,0,43,43,1.0499999999999994,3.199999999999996,107
randomPoint > blades,wounded8,,4,60,3,52.355555555555554,48.025,55.608333333333334,176,0,0,0,0,35,35,1.3999999999999992,3.6666666666666607,183.33333333333334
randomPoint > archer,wounded8,,4,60,3,70.97222222222223,70.91666666666667,71.08333333333333,242,0,0,0,0,33,33,1.3999999999999992,0.6222222222222222,255
randomPoint > rally,wounded8,,3,60,3,0,0,0,0,0,0,0,0,46,46,1.0499999999999994,,0
randomPoint > ward,wounded8,,5,60,3,0,0,0,0,0,0,0,0,28,28,1.75,,2
randomPoint > swap,wounded8,,2,60,3,0,0,0,0,0,0,0,0,58,58,0.7000000000000003,,0
fallen > bolt,wounded8,,3,60,3,3.013888888888889,2.625,3.5,10.333333333333334,0,0,0,0,80,6,0.51625,0.36666666666666664,11.333333333333334
fallen > poison,wounded8,,5,60,3,37.333333333333336,37.333333333333336,37.333333333333336,128,0,0,0,0,57,30,0.6912280701754385,0.06666666666666667,146.66666666666666
fallen > vortex,wounded8,,4,60,3,0,0,0,0,0,0,0,0,67,6,0.535820895522388,,6
fallen > summon,wounded8,,5,60,3,86.47777777777777,85.85833333333333,86.84166666666667,294.6666666666667,0,0,0,0,13,102,4.488461538461539,0.26666666666666666,307.3333333333333
fallen > orb,wounded8,,4,60,3,305.8611111111111,301.5833333333333,308.5833333333333,1048.6666666666667,0,0,0,0,11,239.33333333333334,5.551515151515152,0.26666666666666666,372
fallen > mine,wounded8,,4,60,3,14,14,14,48,0,0,0,0,76,6,0.525,0.5666666666666667,49.333333333333336
fallen > turret,wounded8,,5,60,3,107.77222222222224,94.79166666666667,132.70833333333334,369.3333333333333,0,0,0,0,12.666666666666666,111,4.5189393939393945,0.26666666666666666,355.6666666666667
fallen > decoy,wounded8,,5,60,3,0,0,0,0,0,0,0,0,66,6,0.5416666666666666,,6
fallen > chain,wounded8,,4,60,3,2.3333333333333335,2.3333333333333335,2.3333333333333335,8,0,0,0,0,67,6,0.535820895522388,0.06666666666666667,8
fallen > meteor,wounded8,,4,60,3,2.3333333333333335,2.3333333333333335,2.3333333333333335,8,0,0,0,0,67,6,0.535820895522388,0.8666666666666666,8.333333333333334
fallen > blades,wounded8,,5,60,3,79.9,67.35,86.30833333333334,273.3333333333333,0,0,0,0,51.333333333333336,46.333333333333336,0.8084760143050932,0.06666666666666667,296
fallen > archer,wounded8,,5,60,3,86.05555555555556,84.875,86.66666666666667,294.6666666666667,0,0,0,0,12.333333333333334,99.33333333333333,4.575641025641026,0.26666666666666666,305.6666666666667
fallen > rally,wounded8,,4,60,3,0,0,0,0,0,0,0,0,76,6,0.525,,0
fallen > ward,wounded8,,6,60,3,0,0,0,0,0,0,0,0,58,6,0.5620689655172414,,6
fallen > swap,wounded8,,3,60,3,0,0,0,0,0,0,0,0,70,6,0.5257142857142857,,0
objects > bolt,wounded8,,4,60,3,26.21666666666667,25.633333333333333,27.041666666666668,88,0,0,0,0,70,21,0.6307142857142857,0.2333333333333333,91.66666666666667
objects > slash,wounded8,,5,60,3,11.424999999999999,11.1,12.075,37,0,0,0,0,75,14,0.572,0.2333333333333333,42
objects > explode,wounded8,,5,60,3,8.752777777777778,8.558333333333334,9.141666666666667,29.666666666666668,0,0,0,0,64,10,0.5765625,0.2333333333333333,34.333333333333336
objects > frost,wounded8,,5,60,3,16.62777777777778,16.108333333333334,17.666666666666668,54.666666666666664,0,0,0,0,60,16,0.6666666666666666,0.2333333333333333,57.333333333333336
objects > poison,wounded8,,6,60,3,14.247222222222222,13.791666666666666,15.158333333333333,44.333333333333336,0,0,0,0,63,10,0.5888888888888889,0.2333333333333333,52
objects > vortex,wounded8,,5,60,3,3.1277777777777778,3.033333333333333,3.175,8.666666666666666,0,0,4,0,35,38,1.5764876632801161,0.2333333333333333,14.333333333333334
objects > shockwave,wounded8,,4,60,3,15.894444444444446,15.375,16.933333333333334,52.666666666666664,0,0,0,0,63,18,0.623015873015873,0.2333333333333333,55.333333333333336
objects > summon,wounded8,,6,60,3,41.672222222222224,40.94166666666667,42.791666666666664,141.33333333333334,0,0,0,0,51,13,0.719607843137255,0.2333333333333333,145
objects > heal,wounded8,,6,60,3,16.62777777777778,16.108333333333334,17.666666666666668,54.666666666666664,0,0,0,0,57,15,0.6929824561403509,0.2333333333333333,57.333333333333336
objects > mend,wounded8,,6,60,3,16.62777777777778,16.108333333333334,17.666666666666668,54.666666666666664,0,0,0,0,57,15,0.6929824561403509,0.2333333333333333,57.333333333333336
objects > shield,wounded8,,5,60,3,16.62777777777778,16.108333333333334,17.666666666666668,54.666666666666664,0,0,0,0,57,16,0.6842105263157895,0.2333333333333333,57.333333333333336
objects > rage,wounded8,,5,60,3,22.36111111111111,21.583333333333332,23.916666666666668,76.66666666666667,0,0,0,0,66,17,0.646969696969697,0.2333333333333333,80
objects > scatter,wounded8,,5,60,3,2.3333333333333335,2.3333333333333335,2.3333333333333335,8,0,0,0,0,76,6,0.5296052631578947,0.06666666666666667,8.333333333333334
objects > lance,wounded8,,5,60,3,15.56111111111111,15.041666666666666,16.6,50.666666666666664,0,0,0,0,69,15,0.6043478260869566,0.2333333333333333,55.333333333333336
objects > focus,wounded8,,5,60,3,25.36388888888889,24.416666666666668,27.2,84.33333333333333,0,0,0,0,66,17,0.646969696969697,0.16666666666666666,89
objects > amplify,wounded8,,5,60,3,17.666666666666668,16.108333333333334,19.225,58,0,0,0,0,66,17,0.646969696969697,0.2333333333333333,61.333333333333336
objects > prolong,wounded8,,4,60,3,96.35000000000001,91.94166666666666,105.16666666666667,328,0,0,0,0,27,110,2.0148148148148146,0.2333333333333333,333.3333333333333
objects > regen,wounded8,,5,60,3,16.62777777777778,16.108333333333334,17.666666666666668,54.666666666666664,0,0,0,0,66,17,0.646969696969697,0.2333333333333333,57.333333333333336
objects > armor,wounded8,,5,60,3,16.62777777777778,16.108333333333334,17.666666666666668,54.666666666666664,0,0,0,0,66,17,0.646969696969697,0.2333333333333333,57.333333333333336
objects > pull,wounded8,,4,60,3,4.186111111111111,4.083333333333333,4.383333333333334,13.666666666666666,0,0,12,0,62,29,0.7064516129032258,0.4333333333333333,16.666666666666668
objects > orb,wounded8,,5,60,3,224.29166666666666,210.58333333333334,231.29166666666666,769,0,0,0,0,15,172,3.843333333333334,0.2333333333333333,368.3333333333333
objects > mine,wounded8,,5,60,3,55.17777777777778,54.69166666666667,56.15,188.66666666666666,0,0,0,0,66,17,0.646969696969697,0.2333333333333333,192.33333333333334
objects > turret,wounded8,,6,60,3,152.54722222222222,151.825,153.41666666666666,522.3333333333334,0,0,0,0,10,112,5.669999999999999,0.2333333333333333,371.3333333333333
objects > decoy,wounded8,,6,60,3,9.477777777777778,9.25,9.933333333333334,30.666666666666668,0,0,0,0,12,116,4.699999999999998,0.2333333333333333,43
objects > detonate,wounded8,,4,60,3,2.3333333333333335,2.3333333333333335,2.3333333333333335,8,0,0,0,0,76,6,0.525,0.06666666666666667,8.333333333333334
objects > launch,wounded8,,4,60,3,7.972222222222221,7.583333333333333,8.166666666666666,27.333333333333332,0,0,0,0,80,6,0.520625,0.06666666666666667,30.666666666666668
objects > boomerang,wounded8,,5,60,3,15.56111111111111,15.041666666666666,16.6,50.666666666666664,0,0,0,0,69,15,0.6043478260869566,0.2333333333333333,55.333333333333336
objects > homing,wounded8,,5,60,3,2.3333333333333335,2.3333333333333335,2.3333333333333335,8,0,0,0,0,76,6,0.5296052631578947,0.06666666666666667,8.333333333333334
objects > laser,wounded8,,5,60,3,15.752777777777778,15.233333333333333,16.791666666666668,51.666666666666664,0,0,0,0,60,14,0.6333333333333333,0.2333333333333333,55.333333333333336
objects > chain,wounded8,,5,60,3,26.677777777777777,26.191666666666666,27.65,86.66666666666667,0,0,0,0,57,16,0.6842105263157895,0.06666666666666667,89.33333333333333
objects > meteor,wounded8,,5,60,3,10.111111111111112,9.85,10.633333333333333,30.666666666666668,0,0,0,0,64,10,0.5765625,0.2333333333333333,39
objects > blades,wounded8,,6,60,3,5.45,5.416666666666667,5.516666666666667,16,0,0,0,0,66,6,0.546969696969697,0.2333333333333333,24
objects > root,wounded8,,5,60,3,16.62777777777778,16.108333333333334,17.666666666666668,54.666666666666664,0,0,0,0,66,17,0.646969696969697,0.2333333333333333,57.333333333333336
objects > mark,wounded8,,4,60,3,16.62777777777778,16.108333333333334,17.666666666666668,54.666666666666664,0,0,0,0,76,25,0.6276315789473684,0.2333333333333333,57.333333333333336
objects > burn,wounded8,,5,60,3,6.175000000000001,6.108333333333333,6.308333333333334,17,0,0,0,0,76,6,0.5296052631578947,0.2333333333333333,21.333333333333332
objects > fear,wounded8,,5,60,3,2.7583333333333333,0.975,3.65,9,0,0,0,0,64,19.666666666666668,0.6782575757575757,0.2333333333333333,14.333333333333334
objects > execute,wounded8,,5,60,3,2.3333333333333335,2.3333333333333335,2.3333333333333335,8,0,0,0,0,76,6,0.5296052631578947,0.06666666666666667,8.333333333333334
objects > drain,wounded8,,5,60,3,2.3333333333333335,2.3333333333333335,2.3333333333333335,8,0,36,0,0,76,6,0.5296052631578947,0.06666666666666667,8.333333333333334
objects > blink,wounded8,,5,60,3,1.3166666666666667,1.3166666666666667,1.3166666666666667,4,0,0,0,0,55,24,0.7545454545454545,0.5333333333333333,10
objects > dash,wounded8,,5,60,3,1.3166666666666667,1.3166666666666667,1.3166666666666667,4,0,0,0,0,55,24,0.7545454545454545,0.5666666666666667,10
objects > archer,wounded8,,6,60,3,38.72222222222223,37.775,39.81666666666667,130.66666666666666,0,0,0,0,51,13,0.719607843137255,0.2333333333333333,134.33333333333334
objects > sacrifice,wounded8,,4,60,3,2.3333333333333335,2.3333333333333335,2.3333333333333335,8,0,0,0,0,76,6,0.525,0.06666666666666667,8.333333333333334
objects > rally,wounded8,,5,60,3,154.49444444444444,147.26666666666668,168.95,526.6666666666666,0,0,0,0,23,94,2.367391304347827,0.16666666666666666,358.6666666666667
objects > ward,wounded8,,7,60,3,0.3611111111111111,0.3,0.39166666666666666,0.6666666666666666,0,0,0,0,46,17,0.85,0.25555555555555554,13
objects > spread,wounded8,,4,60,3,16.62777777777778,16.108333333333334,17.666666666666668,54.666666666666664,0,0,0,0,67,20,0.6328358208955224,0.2333333333333333,57.333333333333336
objects > snipe,wounded8,,6,60,3,2.3333333333333335,2.3333333333333335,2.3333333333333335,8,0,0,0,0,66,6,0.546969696969697,0.06666666666666667,8.333333333333334
objects > refresh,wounded8,,4,60,3,96.35000000000001,91.94166666666666,105.16666666666667,328,0,0,0,0,29,118,1.8603448275862078,0.2333333333333333,333.3333333333333
objects > split,wounded8,,4,60,3,35.599999999999994,33.025,38.85,120,0,0,0,0,58,35,0.7068965517241379,0.2333333333333333,136
objects > absorb,wounded8,,4,60,3,0,0,0,0,0,36,0,0,80,6,0.520625,,6
objects > swap,wounded8,,4,60,3,11.641666666666666,11.308333333333334,12.216666666666667,37,0,8.333333333333334,12,222,61,20,0.6565573770491803,0.2333333333333333,20.333333333333332
allies > bolt,wounded8,,4,60,3,28.305555555555557,27.416666666666668,29.625,96.66666666666667,0,0,0,0,71,30,0.6161971830985915,0.2333333333333333,106.66666666666667
allies > slash,wounded8,,5,60,3,7.927777777777778,7.916666666666667,7.95,26,0,0,0,0,74,18,0.581081081081081,0.2333333333333333,33.333333333333336
allies > explode,wounded8,,5,60,3,5.316666666666666,5.291666666666667,5.333333333333333,16.666666666666668,0,0,0,0,63,12,0.5873015873015873,0.2333333333333333,24.333333333333332
allies > frost,wounded8,,5,60,3,9.677777777777777,9.666666666666666,9.7,32,0,0,0,0,63,18,0.6190476190476191,1.2666666666666673,40
allies > poison,wounded8,,6,60,3,6.177777777777778,6.166666666666667,6.2,20,0,0,0,0,62,12,0.6000000000000001,0.2333333333333333,33.333333333333336
allies > vortex,wounded8,,5,60,3,11.055555555555557,10.991666666666667,11.108333333333333,36,0,0,0,0,60,18,0.6375,0.2333333333333333,45
allies > shockwave,wounded8,,4,60,3,14.066666666666668,14.041666666666666,14.083333333333334,46.666666666666664,0,0,0,0,62,24,0.6387096774193549,0.2333333333333333,55.666666666666664
allies > summon,wounded8,,6,60,3,80.57222222222224,80.5,80.60833333333333,275.3333333333333,0,0,0,0,14,84,4.1000000000000005,0.26666666666666666,287
allies > heal,wounded8,,6,60,3,14.066666666666668,14.041666666666666,14.083333333333334,46.666666666666664,0,0,0,0,59,18,0.6576271186440678,0.2333333333333333,55.666666666666664
allies > mend,wounded8,,6,60,3,14.066666666666668,14.041666666666666,14.083333333333334,46.666666666666664,0,0,0,0,59,18,0.6576271186440678,0.2333333333333333,55.666666666666664
allies > shield,wounded8,,5,60,3,14.066666666666668,14.041666666666666,14.083333333333334,46.666666666666664,0,0,0,0,60,18,0.6375,0.2333333333333333,55.666666666666664
allies > haste,wounded8,,5,60,3,14.066666666666668,14.041666666666666,14.083333333333334,46.666666666666664,0,0,0,0,67,24,0.6343283582089553,0.2333333333333333,55.666666666666664
allies > rage,wounded8,,5,60,3,18.916666666666668,18.916666666666668,18.916666666666668,64,0,0,0,0,67,24,0.6343283582089553,0.2333333333333333,71.66666666666667
allies > scatter,wounded8,,5,60,3,0,0,0,0,0,0,0,0,76,6,0.5296052631578947,,6
allies > lance,wounded8,,5,60,3,12.316666666666668,12.291666666666666,12.333333333333334,40.666666666666664,0,0,0,0,67,24,0.6343283582089553,0.2333333333333333,49.333333333333336
allies > focus,wounded8,,5,60,3,21.927777777777777,21.916666666666668,21.95,74,0,0,0,0,67,24,0.6343283582089553,0.16666666666666666,83.33333333333333
allies > amplify,wounded8,,5,60,3,14.066666666666668,14.041666666666666,14.083333333333334,46.666666666666664,0,0,0,0,67,24,0.6343283582089553,0.2333333333333333,55.666666666666664
allies > prolong,wounded8,,4,60,3,83.17777777777779,83.16666666666667,83.2,284,0,0,0,0,23,138,2.399999999999999,0.2333333333333333,295.6666666666667
allies > regen,wounded8,,5,60,3,14.066666666666668,14.041666666666666,14.083333333333334,46.666666666666664,0,0,0,0,67,24,0.6343283582089553,0.2333333333333333,55.666666666666664
allies > armor,wounded8,,5,60,3,14.066666666666668,14.041666666666666,14.083333333333334,46.666666666666664,0,0,0,0,67,24,0.6343283582089553,0.2333333333333333,55.666666666666664
allies > pull,wounded8,,4,60,3,13.036111111111111,12.616666666666667,13.366666666666667,43.666666666666664,0,0,0,0,69,24,0.610144927536232,0.3444444444444444,50.666666666666664
allies > orb,wounded8,,5,60,3,96.74166666666667,91,103.65,331,0,0,0,0,67,24,0.6343283582089553,0.2333333333333333,340.6666666666667
allies > mine,wounded8,,5,60,3,67.40277777777777,66.95833333333333,67.83333333333333,230.33333333333334,0,0,0,0,67,24,0.6343283582089553,0.2333333333333333,245.33333333333334
allies > turret,wounded8,,6,60,3,57.76111111111111,57.75833333333333,57.766666666666666,196.66666666666666,0,0,0,0,54,18,0.686111111111111,0.2333333333333333,207.33333333333334
allies > decoy,wounded8,,6,60,3,14.066666666666668,14.041666666666666,14.083333333333334,46.666666666666664,0,0,0,0,59,18,0.6576271186440678,0.2333333333333333,67.33333333333333
allies > detonate,wounded8,,4,60,3,2.3333333333333335,2.3333333333333335,2.3333333333333335,8,0,0,0,0,76,6,0.525,0.06666666666666667,8.333333333333334
allies > launch,wounded8,,4,60,3,7.388888888888889,7,7.875,25.333333333333332,0,0,0,0,80,6,0.520625,0.06666666666666667,30.333333333333332
allies > boomerang,wounded8,,5,60,3,12.316666666666668,12.291666666666666,12.333333333333334,40.666666666666664,0,0,0,0,67,24,0.6343283582089553,0.2333333333333333,49.333333333333336
allies > homing,wounded8,,5,60,3,0,0,0,0,0,0,0,0,76,6,0.5296052631578947,,6
allies > laser,wounded8,,5,60,3,14.066666666666668,14.041666666666666,14.083333333333334,46.666666666666664,0,0,0,0,60,18,0.6375,0.2333333333333333,55.666666666666664
allies > chain,wounded8,,5,60,3,20.72222222222222,20.458333333333332,21,70.66666666666667,0,0,0,0,60,18,0.6375,0.06666666666666667,79
allies > meteor,wounded8,,5,60,3,6.177777777777778,6.166666666666667,6.2,20,0,0,0,0,63,12,0.5873015873015873,0.2333333333333333,33.333333333333336
allies > blades,wounded8,,6,60,3,1.8166666666666667,1.7916666666666667,1.8333333333333333,4.666666666666667,0,0,0,0,66,6,0.546969696969697,0.2333333333333333,18.333333333333332
allies > root,wounded8,,5,60,3,14.066666666666668,14.041666666666666,14.083333333333334,46.666666666666664,0,0,0,0,67,24,0.6343283582089553,0.2333333333333333,55.666666666666664
allies > mark,wounded8,,4,60,3,14.066666666666668,14.041666666666666,14.083333333333334,46.666666666666664,0,0,0,0,80,30,0.5875,0.2333333333333333,55.666666666666664
allies > burn,wounded8,,5,60,3,2.6777777777777776,2.6666666666666665,2.7,8,0,0,0,0,76,6,0.5296052631578947,0.2333333333333333,15
allies > fear,wounded8,,5,60,3,3.8194444444444446,3.7916666666666665,3.8333333333333335,12.333333333333334,0,0,0,0,67,24,0.6343283582089553,0.2333333333333333,20.333333333333332
allies > execute,wounded8,,5,60,3,0,0,0,0,0,0,0,0,76,6,0.5296052631578947,,6
allies > drain,wounded8,,5,60,3,0,0,0,0,0,36,0,0,76,6,0.5296052631578947,,6
allies > blink,wounded8,,5,60,3,13.594444444444447,13.583333333333334,13.616666666666667,46,0,0,0,0,63,18,0.6190476190476191,0.3444444444444444,53.666666666666664
allies > dash,wounded8,,5,60,3,13.552777777777779,13.458333333333334,13.616666666666667,45.666666666666664,0,0,0,0,63,18,0.6190476190476191,0.36666666666666664,54
allies > archer,wounded8,,6,60,3,80.56944444444444,80.54166666666667,80.58333333333333,274.3333333333333,0,0,0,0,14,84,4.1000000000000005,0.26666666666666666,286.3333333333333
allies > sacrifice,wounded8,,4,60,3,2.3333333333333335,2.3333333333333335,2.3333333333333335,8,0,0,0,0,76,6,0.525,0.06666666666666667,8.333333333333334
allies > rally,wounded8,,5,60,3,131.31666666666666,131.29166666666666,131.33333333333334,448.6666666666667,0,0,0,0,20,120,2.75,0.16666666666666666,360.6666666666667
allies > ward,wounded8,,7,60,3,2.5833333333333335,2.5,2.625,8.666666666666666,0,0,0,0,50,18,0.7369999999999998,0.2333333333333333,21.333333333333332
allies > spread,wounded8,,4,60,3,14.066666666666668,14.041666666666666,14.083333333333334,46.666666666666664,0,0,0,0,69,24,0.610144927536232,0.2333333333333333,55.666666666666664
allies > snipe,wounded8,,6,60,3,0,0,0,0,0,0,0,0,66,6,0.546969696969697,,6
allies > refresh,wounded8,,4,60,3,83.17777777777779,83.16666666666667,83.2,284,0,0,0,0,26,156,2.149999999999999,0.2333333333333333,295.6666666666667
allies > split,wounded8,,4,60,3,14.97777777777778,14.95,14.991666666666667,49.333333333333336,0,0,0,0,62,24,0.6387096774193549,0.26666666666666666,57
allies > absorb,wounded8,,4,60,3,0,0,0,0,0,36,0,0,80,6,0.520625,,6
allies > swap,wounded8,,4,60,3,13.93611111111111,13.908333333333333,13.95,46.333333333333336,0,16.666666666666668,0,278,62,24,0.6387096774193549,0.2333333333333333,10.333333333333334
zones > bolt,wounded8,,4,60,3,24.694444444444446,23.916666666666668,25.666666666666668,84.66666666666667,0,0,0,0,78,12,0.5423076923076923,0.03333333333333333,95
zones > slash,wounded8,,5,60,3,2.3333333333333335,2.3333333333333335,2.3333333333333335,8,0,0,0,0,79,6,0.5253164556962026,0.03333333333333333,14.333333333333334
zones > explode,wounded8,,5,60,3,2.3333333333333335,2.3333333333333335,2.3333333333333335,8,0,0,0,0,66,6,0.5416666666666666,0.03333333333333333,14.333333333333334
zones > frost,wounded8,,5,60,3,18.666666666666668,18.666666666666668,18.666666666666668,64,0,0,0,0,66,12,0.5757575757575758,0.03333333333333333,71
zones > poison,wounded8,,6,60,3,2.3333333333333335,2.3333333333333335,2.3333333333333335,8,0,0,0,0,66,6,0.546969696969697,0.03333333333333333,14.333333333333334
zones > vortex,wounded8,,5,60,3,3.886111111111111,3.725,4.016666666666667,9.666666666666666,0,0,0,0,63,12,0.5873015873015873,0.03333333333333333,22
zones > shockwave,wounded8,,4,60,3,2.3333333333333335,2.3333333333333335,2.3333333333333335,8,0,0,0,0,70,6,0.5307142857142857,0.03333333333333333,14.333333333333334
zones > summon,wounded8,,6,60,3,31.34166666666667,30.441666666666666,31.791666666666668,107,0,0,0,0,58,6,0.5620689655172414,0.03333333333333333,117.66666666666667
zones > rage,wounded8,,5,60,3,18.666666666666668,18.666666666666668,18.666666666666668,64,0,0,0,0,73,12,0.5616438356164384,0.03333333333333333,72
zones > scatter,wounded8,,5,60,3,2.3333333333333335,2.3333333333333335,2.3333333333333335,8,0,0,0,0,76,6,0.5296052631578947,0.03333333333333333,14.333333333333334
zones > lance,wounded8,,5,60,3,2.3333333333333335,2.3333333333333335,2.3333333333333335,8,0,0,0,0,76,6,0.5296052631578947,0.03333333333333333,14.333333333333334
zones > focus,wounded8,,5,60,3,30.333333333333332,30.333333333333332,30.333333333333332,104,0,0,0,0,73,12,0.5616438356164384,0.03333333333333333,112
zones > amplify,wounded8,,5,60,3,18.666666666666668,18.666666666666668,18.666666666666668,64,0,0,0,0,73,12,0.5616438356164384,0.03333333333333333,71
zones > prolong,wounded8,,4,60,3,44.333333333333336,44.333333333333336,44.333333333333336,152,0,0,0,0,69,24,0.610144927536232,0.03333333333333333,160.66666666666666
zones > pull,wounded8,,4,60,3,2.3333333333333335,2.3333333333333335,2.3333333333333335,8,0,0,0,0,74,12,0.5513513513513513,0.03333333333333333,14.333333333333334
zones > orb,wounded8,,5,60,3,65.46666666666667,61.94166666666667,68.54166666666667,224,0,0,0,0,73,12,0.5616438356164384,0.03333333333333333,237
zones > mine,wounded8,,5,60,3,46.666666666666664,46.666666666666664,46.666666666666664,160,0,0,0,0,73,12,0.5616438356164384,0.03333333333333333,168.33333333333334
zones > turret,wounded8,,6,60,3,33.15555555555556,32.083333333333336,33.84166666666667,113.33333333333333,0,0,0,0,61,6,0.5549180327868852,0.03333333333333333,122.66666666666667
zones > decoy,wounded8,,6,60,3,18.666666666666668,18.666666666666668,18.666666666666668,64,0,0,0,0,62,12,0.6000000000000001,0.03333333333333333,77.33333333333333
zones > detonate,wounded8,,4,60,3,4.666666666666667,4.666666666666667,4.666666666666667,16,0,0,0,0,76,6,0.525,0.03333333333333333,16.333333333333332
zones > launch,wounded8,,4,60,3,9.722222222222223,9.333333333333334,10.208333333333334,33.333333333333336,0,0,0,0,80,6,0.520625,0.03333333333333333,39
zones > boomerang,wounded8,,5,60,3,2.3333333333333335,2.3333333333333335,2.3333333333333335,8,0,0,0,0,76,6,0.5296052631578947,0.03333333333333333,14.333333333333334
zones > homing,wounded8,,5,60,3,2.3333333333333335,2.3333333333333335,2.3333333333333335,8,0,0,0,0,76,6,0.5296052631578947,0.03333333333333333,14.333333333333334
zones > laser,wounded8,,5,60,3,2.3333333333333335,2.3333333333333335,2.3333333333333335,8,0,0,0,0,66,6,0.5416666666666666,0.03333333333333333,14.333333333333334
zones > chain,wounded8,,5,60,3,23.333333333333332,23.333333333333332,23.333333333333332,80,0,0,0,0,63,12,0.5873015873015873,0.03333333333333333,87.66666666666667
zones > meteor,wounded8,,5,60,3,4.666666666666667,4.666666666666667,4.666666666666667,16,0,0,0,0,66,6,0.5416666666666666,0.03333333333333333,28.333333333333332
zones > blades,wounded8,,6,60,3,2.3333333333333335,2.3333333333333335,2.3333333333333335,8,0,0,0,0,66,6,0.546969696969697,0.03333333333333333,14.333333333333334
zones > root,wounded8,,5,60,3,18.666666666666668,18.666666666666668,18.666666666666668,64,0,0,0,0,73,12,0.5616438356164384,0.03333333333333333,71
zones > mark,wounded8,,4,60,3,18.666666666666668,18.666666666666668,18.666666666666668,64,0,0,0,0,86,12,0.5325581395348837,0.03333333333333333,71
zones > burn,wounded8,,5,60,3,2.3333333333333335,2.3333333333333335,2.3333333333333335,8,0,0,0,0,76,6,0.5296052631578947,0.03333333333333333,14.333333333333334
zones > fear,wounded8,,5,60,3,3.8777777777777778,3.825,3.908333333333333,10.666666666666666,0,0,0,0,73,12,0.5616438356164384,0.03333333333333333,17
zones > execute,wounded8,,5,60,3,2.3333333333333335,2.3333333333333335,2.3333333333333335,8,0,0,0,0,76,6,0.5296052631578947,0.03333333333333333,14.333333333333334
zones > drain,wounded8,,5,60,3,2.3333333333333335,2.3333333333333335,2.3333333333333335,8,0,36,0,0,76,6,0.5296052631578947,0.03333333333333333,14.333333333333334
zones > blink,wounded8,,5,60,3,2.3333333333333335,2.3333333333333335,2.3333333333333335,8,0,0,0,0,66,12,0.5757575757575758,0.03333333333333333,14.333333333333334
zones > dash,wounded8,,5,60,3,2.3333333333333335,2.3333333333333335,2.3333333333333335,8,0,0,0,0,66,12,0.5757575757575758,0.03333333333333333,14.333333333333334
zones > archer,wounded8,,6,60,3,30.73611111111111,30.375,31.208333333333332,105,0,0,0,0,58,6,0.5620689655172414,0.03333333333333333,114.66666666666667
zones > sacrifice,wounded8,,4,60,3,4.666666666666667,4.666666666666667,4.666666666666667,16,0,0,0,0,76,6,0.525,0.03333333333333333,16.333333333333332
zones > rally,wounded8,,5,60,3,431.6666666666667,431.6666666666667,431.6666666666667,1480,0,0,0,0,20,120,2.75,0.03333333333333333,373
zones > ward,wounded8,,7,60,3,2.3333333333333335,2.3333333333333335,2.3333333333333335,8,0,0,0,0,58,6,0.5681034482758621,0.03333333333333333,20.333333333333332
zones > spread,wounded8,,4,60,3,18.666666666666668,18.666666666666668,18.666666666666668,64,0,0,0,0,74,12,0.5513513513513513,0.03333333333333333,71
zones > snipe,wounded8,,6,60,3,2.3333333333333335,2.3333333333333335,2.3333333333333335,8,0,0,0,0,66,6,0.546969696969697,0.03333333333333333,14.333333333333334
zones > refresh,wounded8,,4,60,3,280,280,280,960,0,0,0,0,26,156,2.149999999999999,0.03333333333333333,368
zones > split,wounded8,,4,60,3,18.666666666666668,18.666666666666668,18.666666666666668,64,0,0,0,0,65,18,0.5892307692307692,0.03333333333333333,82.33333333333333
zones > absorb,wounded8,,4,60,3,2.3333333333333335,2.3333333333333335,2.3333333333333335,8,0,36,0,0,80,6,0.520625,0.03333333333333333,14.333333333333334
zones > swap,wounded8,,4,60,3,18.666666666666668,18.666666666666668,18.666666666666668,64,0,16.666666666666668,0,384,67,12,0.5641791044776119,0.03333333333333333,14.666666666666666
shots > bolt,wounded8,,4,60,3,2.0416666666666665,2.0416666666666665,2.0416666666666665,7,0,0,0,0,80,3,0.515,0.03333333333333333,10.333333333333334
shots > slash,wounded8,,5,60,3,0.4583333333333333,0.4583333333333333,0.4583333333333333,1,0,0,0,0,80,3,0.5193749999999999,0.03333333333333333,4
shots > explode,wounded8,,5,60,3,0.4583333333333333,0.4583333333333333,0.4583333333333333,1,0,0,0,0,67,3,0.5276119402985074,0.03333333333333333,4
shots > frost,wounded8,,5,60,3,0.4583333333333333,0.4583333333333333,0.4583333333333333,1,0,0,0,0,70,3,0.525,0.03333333333333333,4
shots > poison,wounded8,,6,60,3,0.4583333333333333,0.4583333333333333,0.4583333333333333,1,0,0,0,0,67,3,0.5328358208955224,0.03333333333333333,4
shots > vortex,wounded8,,5,60,3,0.9027777777777777,0.875,0.9166666666666666,2.3333333333333335,0,0,0,0,67,3,0.5276119402985074,0.03333333333333333,6.333333333333333
shots > shockwave,wounded8,,4,60,3,0.4583333333333333,0.4583333333333333,0.4583333333333333,1,0,0,0,0,70,3,0.52,0.03333333333333333,4
shots > summon,wounded8,,6,60,3,7.491666666666666,7.491666666666666,7.491666666666666,25,0,0,0,0,60,3,0.5399999999999999,0.03333333333333333,28.333333333333332
shots > haste,wounded8,,5,60,3,0.4583333333333333,0.4583333333333333,0.4583333333333333,1,0,0,0,0,76,3,0.5217105263157894,0.03333333333333333,4
shots > rage,wounded8,,5,60,3,0.4583333333333333,0.4583333333333333,0.4583333333333333,1,0,0,0,0,76,3,0.5217105263157894,0.03333333333333333,4
shots > scatter,wounded8,,5,60,3,0.4583333333333333,0.4583333333333333,0.4583333333333333,1,0,0,0,0,76,3,0.5217105263157894,0.03333333333333333,4
shots > lance,wounded8,,5,60,3,0.4583333333333333,0.4583333333333333,0.4583333333333333,1,0,0,0,0,76,3,0.5217105263157894,0.03333333333333333,4
shots > amplify,wounded8,,5,60,3,0.4583333333333333,0.4583333333333333,0.4583333333333333,1,0,0,0,0,76,3,0.5217105263157894,0.03333333333333333,4
shots > prolong,wounded8,,4,60,3,0.4583333333333333,0.4583333333333333,0.4583333333333333,1,0,0,0,0,75,6,0.5346666666666667,0.03333333333333333,4
shots > pull,wounded8,,4,60,3,0.9166666666666666,0.9166666666666666,0.9166666666666666,2,0,0,0,0,77,3,0.5168831168831168,0.03333333333333333,4
shots > orb,wounded8,,5,60,3,3.3083333333333336,2.1416666666666666,3.8916666666666666,11,0,0,0,0,76,3,0.5217105263157894,0.03333333333333333,14
shots > mine,wounded8,,5,60,3,7.291666666666667,7.291666666666667,7.291666666666667,25,0,0,0,0,76,3,0.5217105263157894,0.03333333333333333,29
shots > turret,wounded8,,6,60,3,8.761111111111111,8.75,8.775,29.333333333333332,0,0,0,0,62,3,0.5370967741935483,0.03333333333333333,33.666666666666664
shots > decoy,wounded8,,6,60,3,0.4583333333333333,0.4583333333333333,0.4583333333333333,1,0,0,0,0,67,3,0.5328358208955224,0.03333333333333333,7
shots > detonate,wounded8,,4,60,3,2.625,2.625,2.625,9,0,0,0,0,77,3,0.5168831168831168,0.03333333333333333,9.333333333333334
shots > launch,wounded8,,4,60,3,5.833333333333333,4.666666666666667,6.416666666666667,20,0,0,0,0,80,3,0.515,0.03333333333333333,20.666666666666668
shots > boomerang,wounded8,,5,60,3,0.4583333333333333,0.4583333333333333,0.4583333333333333,1,0,0,0,0,76,3,0.5217105263157894,0.03333333333333333,4
shots > homing,wounded8,,5,60,3,0.4583333333333333,0.4583333333333333,0.4583333333333333,1,0,0,0,0,76,3,0.5217105263157894,0.03333333333333333,4
shots > laser,wounded8,,5,60,3,0.4583333333333333,0.4583333333333333,0.4583333333333333,1,0,0,0,0,67,3,0.5276119402985074,0.03333333333333333,4
shots > chain,wounded8,,5,60,3,2.625,2.625,2.625,9,0,0,0,0,67,3,0.5276119402985074,0.03333333333333333,12
shots > meteor,wounded8,,5,60,3,0.4583333333333333,0.4583333333333333,0.4583333333333333,1,0,0,0,0,67,3,0.5276119402985074,0.03333333333333333,7
shots > blades,wounded8,,6,60,3,0.4583333333333333,0.4583333333333333,0.4583333333333333,1,0,0,0,0,67,3,0.5328358208955224,0.03333333333333333,4
shots > root,wounded8,,5,60,3,0.4583333333333333,0.4583333333333333,0.4583333333333333,1,0,0,0,0,76,3,0.5217105263157894,0.03333333333333333,4
shots > mark,wounded8,,4,60,3,0.4583333333333333,0.4583333333333333,0.4583333333333333,1,0,0,0,0,89,3,0.5123595505617977,0.03333333333333333,4
shots > burn,wounded8,,5,60,3,0.4583333333333333,0.4583333333333333,0.4583333333333333,1,0,0,0,0,76,3,0.5217105263157894,0.03333333333333333,4
shots > fear,wounded8,,5,60,3,0.4583333333333333,0.4583333333333333,0.4583333333333333,1,0,0,0,0,76,3,0.5217105263157894,0.03333333333333333,4
shots > execute,wounded8,,5,60,3,0.4583333333333333,0.4583333333333333,0.4583333333333333,1,0,0,0,0,76,3,0.5217105263157894,0.03333333333333333,4
shots > drain,wounded8,,5,60,3,0.4583333333333333,0.4583333333333333,0.4583333333333333,1,0,18,0,0,76,3,0.5217105263157894,0.03333333333333333,4
shots > blink,wounded8,,5,60,3,0.4583333333333333,0.4583333333333333,0.4583333333333333,1,0,0,0,0,70,3,0.525,0.03333333333333333,4
shots > dash,wounded8,,5,60,3,0.4583333333333333,0.4583333333333333,0.4583333333333333,1,0,0,0,0,70,3,0.525,0.03333333333333333,4
shots > archer,wounded8,,6,60,3,9.013888888888888,7.458333333333333,9.791666666666666,30.333333333333332,0,0,0,0,58.666666666666664,3.6666666666666665,0.5593103448275861,0.03333333333333333,33.333333333333336
shots > sacrifice,wounded8,,4,60,3,2.625,2.625,2.625,9,0,0,0,0,77,3,0.5168831168831168,0.03333333333333333,9.333333333333334
shots > rally,wounded8,,5,60,3,0.4583333333333333,0.4583333333333333,0.4583333333333333,1,0,0,0,0,74,6,0.5445945945945946,0.03333333333333333,4
shots > ward,wounded8,,7,60,3,0.4583333333333333,0.4583333333333333,0.4583333333333333,1,0,0,0,0,59,3,0.5466101694915254,0.03333333333333333,7
shots > spread,wounded8,,4,60,3,0.4583333333333333,0.4583333333333333,0.4583333333333333,1,0,0,0,0,77,3,0.5168831168831168,0.03333333333333333,4
shots > snipe,wounded8,,6,60,3,0.4583333333333333,0.4583333333333333,0.4583333333333333,1,0,0,0,0,67,3,0.5328358208955224,0.03333333333333333,4
shots > refresh,wounded8,,4,60,3,0.4583333333333333,0.4583333333333333,0.4583333333333333,1,0,0,0,0,80,3,0.515,0.03333333333333333,4
shots > split,wounded8,,4,60,3,0.4583333333333333,0.4583333333333333,0.4583333333333333,1,0,0,0,0,70,3,0.52,0.03333333333333333,7
shots > absorb,wounded8,,4,60,3,0.4583333333333333,0.4583333333333333,0.4583333333333333,1,0,6,0,0,80,3,0.515,0.03333333333333333,4
shots > swap,wounded8,,4,60,3,0.625,0.625,0.625,1,0,0,0,6,70,3,0.52,0.03333333333333333,4
gems > bolt,wounded8,,3,60,3,49.19444444444445,45.5,51.333333333333336,168.66666666666666,0,0,0,0,6.666666666666667,438,10.711904761904762,0.36666666666666664,305.3333333333333
gems > slash,wounded8,,4,60,3,0,0,0,0,0,0,0,0,80,6,0.520625,,6
gems > explode,wounded8,,4,60,3,0,0,0,0,0,0,0,0,67,6,0.535820895522388,,6
gems > frost,wounded8,,4,60,3,0,0,0,0,0,0,0,0,21,126,2.6499999999999995,,6
gems > poison,wounded8,,5,60,3,0,0,0,0,0,0,0,0,66,6,0.5416666666666666,,6
gems > vortex,wounded8,,4,60,3,0,0,0,0,0,0,0,12,67,6,0.535820895522388,,12
gems > shockwave,wounded8,,3,60,3,0,0,0,0,0,0,0,0,70,6,0.5257142857142857,,6
gems > summon,wounded8,,5,60,3,48.16111111111112,48.125,48.233333333333334,164.66666666666666,0,0,0,0,4,229.66666666666666,24.316666666666666,0.26666666666666666,180
gems > haste,wounded8,,4,60,3,0,0,0,0,0,0,0,0,23,138,2.399999999999999,,6
gems > scatter,wounded8,,4,60,3,0,0,0,0,0,0,0,0,76,6,0.525,,6
gems > lance,wounded8,,4,60,3,0,0,0,0,0,0,0,0,76,6,0.525,,6
gems > amplify,wounded8,,4,60,3,0,0,0,0,0,0,0,0,23,138,2.399999999999999,,6
gems > pull,wounded8,,3,60,3,0,0,0,0,0,0,0,12,76,6,0.5203947368421052,,6
gems > magnet,wounded8,,3,60,3,0,0,0,0,0,0,0,12,80,6,0.51625,,6
gems > harvest,wounded8,,4,60,3,0,0,0,0,0,0,0,0,23,138,2.399999999999999,,6
gems > orb,wounded8,,4,60,3,98,85.75,105.58333333333333,336,0,0,0,0,4,430,22.700000000000003,0.26666666666666666,349.6666666666667
gems > mine,wounded8,,4,60,3,98,98,98,336,0,0,0,0,4,456,24,0.5666666666666667,348
gems > turret,wounded8,,5,60,3,58.68055555555555,50.75,62.725,200.33333333333334,0,0,0,0,4,251,23.3625,0.26666666666666666,235.33333333333334
gems > decoy,wounded8,,5,60,3,0,0,0,0,0,0,0,0,17,102,3.25,,18
gems > detonate,wounded8,,3,60,3,53.666666666666664,53.666666666666664,53.666666666666664,184,0,0,0,0,23,182,2.432608695652175,0.06666666666666667,13.333333333333334
gems > launch,wounded8,,3,60,3,74.375,67.66666666666667,77.875,255,0,0,0,0,22,250,2.617559523809524,0.06666666666666667,36.666666666666664
gems > boomerang,wounded8,,4,60,3,0,0,0,0,0,0,0,0,76,6,0.525,,6
gems > homing,wounded8,,4,60,3,0,0,0,0,0,0,0,0,76,6,0.525,,6
gems > laser,wounded8,,4,60,3,0,0,0,0,0,0,0,0,67,6,0.535820895522388,,6
gems > chain,wounded8,,4,60,3,16.333333333333332,16.333333333333332,16.333333333333332,56,0,0,0,0,7,210,10.099999999999998,0.06666666666666667,63
gems > meteor,wounded8,,4,60,3,0,0,0,0,0,0,0,0,67,6,0.535820895522388,,12
gems > blades,wounded8,,5,60,3,0,0,0,0,0,0,0,0,66,6,0.5416666666666666,,6
gems > root,wounded8,,4,60,3,0,0,0,0,0,0,0,0,23,138,2.399999999999999,,6
gems > mark,wounded8,,3,60,3,0,0,0,0,0,0,0,0,36,216,1.549999999999999,,6
gems > burn,wounded8,,4,60,3,0,0,0,0,0,0,0,0,76,6,0.525,,6
gems > fear,wounded8,,4,60,3,0,0,0,0,0,0,0,0,74,12,0.5513513513513513,,6
gems > execute,wounded8,,4,60,3,0,0,0,0,0,0,0,0,76,6,0.525,,6
gems > drain,wounded8,,4,60,3,0,0,0,0,0,36,0,0,76,6,0.525,,6
gems > blink,wounded8,,4,60,3,0,0,0,0,0,0,0,0,64,18,0.60078125,,6
gems > dash,wounded8,,4,60,3,0,0,0,0,0,0,0,0,64,18,0.60078125,,6
gems > archer,wounded8,,5,60,3,48.15277777777777,48.125,48.166666666666664,164.33333333333334,0,0,0,0,4,227.66666666666666,24.11666666666667,0.26666666666666666,178.66666666666666
gems > sacrifice,wounded8,,3,60,3,53.666666666666664,53.666666666666664,53.666666666666664,184,0,0,0,0,23,182,2.432608695652175,0.06666666666666667,13.333333333333334
gems > rally,wounded8,,4,60,3,0,0,0,0,0,0,0,0,23,138,2.399999999999999,,6
gems > ward,wounded8,,6,60,3,0,0,0,0,0,0,0,0,58,6,0.5620689655172414,,12
gems > spread,wounded8,,3,60,3,0,0,0,0,0,0,0,0,26,156,2.049999999999999,,6
gems > snipe,wounded8,,5,60,3,0,0,0,0,0,0,0,0,66,6,0.5416666666666666,,6
gems > split,wounded8,,3,60,3,0,0,0,0,0,0,0,0.041666666666666664,6,378,16.55,,384
gems > absorb,wounded8,,3,60,3,0,0,0,0,0,0,0,12,80,6,0.51625,,6
gems > swap,wounded8,,3,60,3,0,0,0,0,0,0,0,10,43,48,1.07906976744186,,6
prey > bolt,wounded8,,3,60,3,28,28,28,96,0,0,0,0,48,48,1.0499999999999992,0.3444444444444444,147.66666666666666
prey > slash,wounded8,,4,60,3,11.083333333333334,11.083333333333334,11.083333333333334,38,0,0,0,0,38,38,1.3999999999999992,0.06666666666666667,76.66666666666667
prey > explode,wounded8,,4,60,3,10.208333333333334,10.208333333333334,10.208333333333334,35,0,0,0,0,35,35,1.3999999999999992,0.06666666666666667,70.66666666666667
prey > frost,wounded8,,4,60,3,2.1083333333333334,2.1083333333333334,2.1083333333333334,7,0.06118055555555684,0,0,0,36,36,1.3999999999999992,0.06666666666666667,14
prey > poison,wounded8,,5,60,3,8.458333333333334,8.458333333333334,8.458333333333334,29,0,0,0,0,29,29,1.75,0.06666666666666667,59
prey > vortex,wounded8,,4,60,3,0,0,0,0,0,0,0,0,35,35,1.3999999999999992,,1
prey > shockwave,wounded8,,3,60,3,6.416666666666667,6.416666666666667,6.416666666666667,22,0,0,0,0,44,44,1.0499999999999994,0.06666666666666667,44.666666666666664
prey > summon,wounded8,,5,60,3,59.644444444444446,59.608333333333334,59.71666666666667,202.66666666666666,0,0,0,0,28,28,1.75,0.26666666666666666,230
prey > heal,wounded8,,5,60,3,0,0,0,0,0,52.5,0,0,29,29,1.75,,0
prey > mend,wounded8,,5,60,3,0,0,0,0,0,52.5,0,0,29,29,1.75,,0
prey > shield,wounded8,,4,60,3,0,0,0,0,0,0,0,0,35,35,1.3999999999999992,,0
prey > haste,wounded8,,4,60,3,0,0,0,0,0,0,0,0,37,37,1.3999999999999992,,0
prey > rage,wounded8,,4,60,3,0,0,0,0,0,0,0,0,37,37,1.3999999999999992,,0
prey > scatter,wounded8,,4,60,3,10.791666666666666,10.791666666666666,10.791666666666666,37,0,0,0,0,37,37,1.3999999999999992,0.06666666666666667,74.66666666666667
prey > lance,wounded8,,4,60,3,5.516666666666667,5.516666666666667,5.516666666666667,18,0,0,0,0,37,37,1.3999999999999992,0.06666666666666667,36.666666666666664
prey > focus,wounded8,,4,60,3,0,0,0,0,0,0,0,0,37,37,1.3999999999999992,,0
prey > amplify,wounded8,,4,60,3,0,0,0,0,0,0,0,0,37,37,1.3999999999999992,,0
prey > prolong,wounded8,,3,60,3,0,0,0,0,0,0,0,0,78,0,0.5,,0
prey > regen,wounded8,,4,60,3,0,0,0,0,0,52.5,0,0,37,37,1.3999999999999992,,0
prey > armor,wounded8,,4,60,3,0,0,0,0,0,0,0,0,37,37,1.3999999999999992,,0
prey > pull,wounded8,,3,60,3,0,0,0,0,0,0,0,0,46,46,1.0499999999999994,,0
prey > harvest,wounded8,,4,60,3,0,0,0,0,0,0,0,0,37,37,1.3999999999999992,,0
prey > orb,wounded8,,4,60,3,281.82222222222225,207.95833333333334,362.46666666666664,965.3333333333334,0,0,0,0,40.666666666666664,34,1.2749999999999992,0.26666666666666666,368.3333333333333
prey > mine,wounded8,,4,60,3,86.33333333333333,86.33333333333333,86.33333333333333,296,0,0,0,0,37,37,1.3999999999999992,0.5666666666666667,339
prey > turret,wounded8,,5,60,3,69.275,69.275,69.275,237,0,0,0,0,28,28,1.75,0.26666666666666666,249.33333333333334
prey > decoy,wounded8,,5,60,3,0,0,0,0,0,0,0,0,29,29,1.75,,3
prey > detonate,wounded8,,3,60,3,109.66666666666667,109.66666666666667,109.66666666666667,376,0,0,0,0,46,46,1.0499999999999994,0.06666666666666667,352.3333333333333
prey > launch,wounded8,,3,60,3,107.33333333333333,98,112,368,0,0,0,0,48,48,1.0499999999999992,0.06666666666666667,352.6666666666667
prey > boomerang,wounded8,,4,60,3,5.516666666666667,5.516666666666667,5.516666666666667,18,0,0,0,0,37,37,1.3999999999999992,0.06666666666666667,36.666666666666664
prey > homing,wounded8,,4,60,3,10.791666666666666,10.791666666666666,10.791666666666666,37,0,0,0,0,37,37,1.3999999999999992,0.06666666666666667,74.66666666666667
prey > laser,wounded8,,4,60,3,5.225,5.225,5.225,17,0,0,0,0,35,35,1.3999999999999992,0.06666666666666667,34.666666666666664
prey > chain,wounded8,,4,60,3,41.266666666666666,41.266666666666666,41.266666666666666,136,0,0,0,0,35,35,1.3999999999999992,0.06666666666666667,157
prey > meteor,wounded8,,4,60,3,10.208333333333334,10.208333333333334,10.208333333333334,35,0,0,0,0,35,35,1.3999999999999992,0.8666666666666666,70.66666666666667
prey > blades,wounded8,,5,60,3,8.458333333333334,8.458333333333334,8.458333333333334,29,0,0,0,0,29,29,1.75,0.06666666666666667,59
prey > root,wounded8,,4,60,3,0,0,0,0,0.12486111111110935,0,0,0,37,37,1.3999999999999992,,0
prey > mark,wounded8,,3,60,3,0,0,0,0,0,0,0,0,50,50,1.0499999999999992,,0
prey > burn,wounded8,,4,60,3,10.791666666666666,10.791666666666666,10.791666666666666,37,0,0,0,0,37,37,1.3999999999999992,0.10000000000000002,76.33333333333333
prey > fear,wounded8,,4,60,3,0,0,0,0,0.08777777777777813,0,0,0,51,24,0.9235294117647056,,0
prey > execute,wounded8,,4,60,3,10.791666666666666,10.791666666666666,10.791666666666666,37,0,0,0,0,37,37,1.3999999999999992,0.06666666666666667,74
prey > drain,wounded8,,4,60,3,10.791666666666666,10.791666666666666,10.791666666666666,37,0,50,0,0,37,37,1.3999999999999992,0.06666666666666667,74.66666666666667
prey > blink,wounded8,,4,60,3,0,0,0,0,0,0,0,0,47,24,0.9595744680851062,,0
prey > dash,wounded8,,4,60,3,0,0,0,0,0,0,0,0,47,24,0.9595744680851062,,0
prey > archer,wounded8,,5,60,3,59.5,59.5,59.5,204,0,0,0,0,28,28,1.75,0.26666666666666666,215
prey > sacrifice,wounded8,,3,60,3,109.66666666666667,109.66666666666667,109.66666666666667,376,0,0,0,0,46,46,1.0499999999999994,0.06666666666666667,352.3333333333333
prey > rally,wounded8,,4,60,3,0,0,0,0,0,0,0,0,37,37,1.3999999999999992,,0
prey > ward,wounded8,,6,60,3,0,0,0,0,0,0,0,0,49,8,0.7612244897959183,,2
prey > spread,wounded8,,3,60,3,0,0,0,0,0,0,0,0,46,46,1.0499999999999994,,0
prey > snipe,wounded8,,5,60,3,8.458333333333334,8.458333333333334,8.458333333333334,29,0,0,0,0,29,29,1.75,0.06666666666666667,58.333333333333336
prey > refresh,wounded8,,3,60,3,0,0,0,0,0,0,0,0,82,0,0.5,,0
prey > split,wounded8,,3,60,3,0,0,0,0,0,0,0,0,44,44,1.0499999999999994,,0
prey > absorb,wounded8,,3,60,3,14,14,14,48,0,50,0,0,48,48,1.0499999999999992,0.06666666666666667,96
prey > swap,wounded8,,3,60,3,0,0,0,0,0,0,0,0,44,44,1.0499999999999994,,0
lastHit > bolt,wounded8,,2,60,3,0.5833333333333334,0.5833333333333334,0.5833333333333334,2,0,0,0,0,82,1,0.5024390243902439,0.35555555555555557,2
lastHit > slash,wounded8,,3,60,3,0.2916666666666667,0.2916666666666667,0.2916666666666667,1,0,0,0,0,81,1,0.5067901234567901,0.06666666666666667,1
lastHit > explode,wounded8,,3,60,3,0.2916666666666667,0.2916666666666667,0.2916666666666667,1,0,0,0,0,69,1,0.5079710144927536,0.06666666666666667,1
lastHit > frost,wounded8,,3,60,3,0.2916666666666667,0.2916666666666667,0.2916666666666667,1,0.0086111111111111,0,0,0,69,5,0.5398550724637681,0.06666666666666667,1
lastHit > poison,wounded8,,4,60,3,0.2916666666666667,0.2916666666666667,0.2916666666666667,1,0,0,0,0,68,1,0.513235294117647,0.06666666666666667,2.3333333333333335
lastHit > vortex,wounded8,,3,60,3,0,0,0,0,0,0,0,0,43,43,1.0499999999999994,,2
lastHit > shockwave,wounded8,,2,60,3,0.2916666666666667,0.2916666666666667,0.2916666666666667,1,0,0,0,0,72,2,0.5055555555555555,0.06666666666666667,1
lastHit > summon,wounded8,,4,60,3,6.222222222222221,2.3333333333333335,11.666666666666666,21.333333333333332,0,0,0,0,59.666666666666664,2.6666666666666665,0.5407801017524024,0.26666666666666666,22.666666666666668
lastHit > heal,wounded8,,4,60,3,0,0,0,0,0,52.5,0,0,35,35,1.3999999999999992,,0
lastHit > mend,wounded8,,4,60,3,0,0,0,0,0,52.5,0,0,35,35,1.3999999999999992,,0
lastHit > shield,wounded8,,3,60,3,0,0,0,0,0,0,0,0,43,43,1.0499999999999994,,0
lastHit > haste,wounded8,,3,60,3,0,0,0,0,0,0,0,0,46,46,1.0499999999999994,,0
lastHit > rage,wounded8,,3,60,3,0,0,0,0,0,0,0,0,46,46,1.0499999999999994,,0
lastHit > scatter,wounded8,,3,60,3,0.2916666666666667,0.2916666666666667,0.2916666666666667,1,0,0,0,0,78,1,0.507051282051282,0.06666666666666667,1
lastHit > lance,wounded8,,3,60,3,0.2916666666666667,0.2916666666666667,0.2916666666666667,1,0,0,0,0,77,2,0.5142857142857143,0.06666666666666667,1
lastHit > focus,wounded8,,3,60,3,0,0,0,0,0,0,0,0,46,46,1.0499999999999994,,0
lastHit > amplify,wounded8,,3,60,3,0,0,0,0,0,0,0,0,46,46,1.0499999999999994,,0
lastHit > prolong,wounded8,,2,60,3,0,0,0,0,0,0,0,0,78,0,0.5,,0
lastHit > regen,wounded8,,3,60,3,0,0,0,0,0,52.5,0,0,46,46,1.0499999999999994,,0
lastHit > armor,wounded8,,3,60,3,0,0,0,0,0,0,0,0,46,46,1.0499999999999994,,0
lastHit > pull,wounded8,,2,60,3,0,0,0,0,0,0,0,0,62,62,0.7000000000000005,,0
lastHit > harvest,wounded8,,3,60,3,0,0,0,0,0,0,0,0,46,46,1.0499999999999994,,0
lastHit > orb,wounded8,,3,60,3,9.916666666666666,7,12.25,34,0,0,0,0,78,1,0.507051282051282,0.26666666666666666,35
lastHit > mine,wounded8,,3,60,3,2.3333333333333335,2.3333333333333335,2.3333333333333335,8,0,0,0,0,78,1,0.507051282051282,0.5666666666666667,8.333333333333334
lastHit > turret,wounded8,,4,60,3,2.775,2.775,2.775,9,0,0,0,0,63,1,0.5142857142857142,0.26666666666666666,11
lastHit > decoy,wounded8,,4,60,3,0,0,0,0,0,0,0,0,35,35,1.3999999999999992,,4
lastHit > detonate,wounded8,,2,60,3,2.3333333333333335,2.3333333333333335,2.3333333333333335,8,0,0,0,0,78,1,0.5025641025641026,0.06666666666666667,8.333333333333334
lastHit > launch,wounded8,,2,60,3,1.652777777777778,1.1666666666666667,2.3333333333333335,5.666666666666667,0,0,0,0,82,1,0.5024390243902439,0.06666666666666667,6.666666666666667
lastHit > boomerang,wounded8,,3,60,3,0.2916666666666667,0.2916666666666667,0.2916666666666667,1,0,0,0,0,77,2,0.5142857142857143,0.06666666666666667,1
lastHit > homing,wounded8,,3,60,3,0.2916666666666667,0.2916666666666667,0.2916666666666667,1,0,0,0,0,78,1,0.507051282051282,0.06666666666666667,1
lastHit > laser,wounded8,,3,60,3,0.2916666666666667,0.2916666666666667,0.2916666666666667,1,0,0,0,0,68,2,0.5161764705882353,0.06666666666666667,1
lastHit > chain,wounded8,,3,60,3,2.3333333333333335,2.3333333333333335,2.3333333333333335,8,0,0,0,0,68,2,0.5161764705882353,0.06666666666666667,8
lastHit > meteor,wounded8,,3,60,3,0.2916666666666667,0.2916666666666667,0.2916666666666667,1,0,0,0,0,69,1,0.5079710144927536,0.8666666666666666,1
lastHit > blades,wounded8,,4,60,3,0.2916666666666667,0.2916666666666667,0.2916666666666667,1,0,0,0,0,68,1,0.513235294117647,0.06666666666666667,2.3333333333333335
lastHit > root,wounded8,,3,60,3,0,0,0,0,0.12486111111110935,0,0,0,46,46,1.0499999999999994,,0
lastHit > mark,wounded8,,2,60,3,0,0,0,0,0,0,0,0,70,70,0.7000000000000007,,0
lastHit > burn,wounded8,,3,60,3,0.2916666666666667,0.2916666666666667,0.2916666666666667,1,0,0,0,0,78,1,0.507051282051282,0.10000000000000002,1
lastHit > fear,wounded8,,3,60,3,0,0,0,0,0.12486111111110935,0,0,0,46,46,1.0499999999999994,,0
lastHit > execute,wounded8,,3,60,3,0.2916666666666667,0.2916666666666667,0.2916666666666667,1,0,0,0,0,78,1,0.507051282051282,0.06666666666666667,1
lastHit > drain,wounded8,,3,60,3,0.2916666666666667,0.2916666666666667,0.2916666666666667,1,0,6,0,0,78,1,0.507051282051282,0.06666666666666667,1
lastHit > blink,wounded8,,3,60,3,0,0,0,0,0,0,0,0,44,44,1.0499999999999994,,0
lastHit > dash,wounded8,,3,60,3,0,0,0,0,0,0,0,0,44,44,1.0499999999999994,,0
lastHit > archer,wounded8,,4,60,3,2.3333333333333335,2.3333333333333335,2.3333333333333335,8,0,0,0,0,61,1,0.5147540983606557,0.26666666666666666,9.333333333333334
lastHit > sacrifice,wounded8,,2,60,3,2.3333333333333335,2.3333333333333335,2.3333333333333335,8,0,0,0,0,78,1,0.5025641025641026,0.06666666666666667,8.333333333333334
lastHit > rally,wounded8,,3,60,3,0,0,0,0,0,0,0,0,46,46,1.0499999999999994,,0
lastHit > ward,wounded8,,5,60,3,0,0,0,0,0,0,0,0,28,28,1.75,,2
lastHit > spread,wounded8,,2,60,3,0,0,0,0,0,0,0,0,62,62,0.7000000000000005,,0
lastHit > snipe,wounded8,,4,60,3,0.2916666666666667,0.2916666666666667,0.2916666666666667,1,0,0,0,0,68,1,0.513235294117647,0.06666666666666667,1
lastHit > refresh,wounded8,,2,60,3,0,0,0,0,0,0,0,0,82,0,0.5,,0
lastHit > split,wounded8,,2,60,3,0,0,0,0,0,0,0,0,58,58,0.7000000000000003,,0
lastHit > absorb,wounded8,,2,60,3,0.2916666666666667,0.2916666666666667,0.2916666666666667,1,0,6,0,0,82,1,0.5024390243902439,0.06666666666666667,1
lastHit > swap,wounded8,,2,60,3,0,0,0,0,0,0,0,0,58,58,0.7000000000000003,,0
all > bolt,wounded8,,6,60,3,61.73611111111111,59.791666666666664,63.875,211.66666666666666,0,0,0,0,4,549,22.537499999999998,0.03333333333333333,418.6666666666667
all > slash,wounded8,,7,60,3,48.02777777777778,46.958333333333336,49,164.66666666666666,0,0,200,0,8.333333333333334,271.3333333333333,7.1930555555555555,0.03333333333333333,108
all > explode,wounded8,,7,60,3,37.138888888888886,36.75,37.625,127.33333333333333,0,0,95.33333333333333,0,3.6666666666666665,183.66666666666666,17.4,0.03333333333333333,114.66666666666667
all > frost,wounded8,,7,60,3,31.572222222222223,30.35,32.833333333333336,106,0.025763888888888822,0,12,0,3,287.3333333333333,26.144444444444446,0.03333333333333333,122.33333333333333
all > poison,wounded8,,8,60,3,31.686111111111114,31.066666666666666,32.38333333333333,105.66666666666667,0,0,0,0,3,254.33333333333334,27.933333333333326,0.03333333333333333,113
all > vortex,wounded8,,7,60,3,32.269444444444446,31.65,32.96666666666667,107.66666666666667,0,50,0,358,3,206,22.749999999999996,0.03333333333333333,100.66666666666667
all > shockwave,wounded8,,6,60,3,37.31944444444444,36.858333333333334,37.75,125.66666666666667,0,0,68,0,5.666666666666667,203.33333333333334,10.87777777777778,0.03333333333333333,114.66666666666667
all > summon,wounded8,,8,60,3,48.61944444444444,47.266666666666666,50.4,163.66666666666666,0,0,0,0,2,177,37.800000000000004,0.03333333333333333,186
all > heal,wounded8,,8,60,3,32.22222222222222,31.441666666666666,33.166666666666664,103.33333333333333,0,595,0,0,11,112,5.554545454545456,0.03333333333333333,123.33333333333333
all > mend,wounded8,,8,60,3,32.25277777777777,31.491666666666667,33.041666666666664,103,0,602.6666666666666,0,0,11,112,5.554545454545456,0.03333333333333333,123
all > shield,wounded8,,7,60,3,29.694444444444446,29.008333333333333,30.341666666666665,99.33333333333333,0,0,0,0,11,112,5.204545454545455,0.03333333333333333,118.66666666666667
all > haste,wounded8,,7,60,3,31.977777777777778,31.066666666666666,32.96666666666667,106.66666666666667,0,0,0,0,3,272.6666666666667,20.427777777777777,0.03333333333333333,126.66666666666667
all > rage,wounded8,,7,60,3,39.516666666666666,38.5,41.25833333333333,132,0,0,0,0,14,137,4.207142857142858,0.03333333333333333,152.66666666666666
all > scatter,wounded8,,7,60,3,25.666666666666668,25.666666666666668,25.666666666666668,88,0,0,50,0,10,199.33333333333334,6.2366666666666655,0.03333333333333333,43.333333333333336
all > lance,wounded8,,7,60,3,38.96666666666666,38.108333333333334,40.125,129.33333333333334,0,0,112,0,7,224.66666666666666,8.669047619047618,0.03333333333333333,114.66666666666667
all > focus,wounded8,,7,60,3,45.06944444444445,44.11666666666667,45.666666666666664,153,0,0,0,0,14,132,4.135714285714287,0.03333333333333333,170.33333333333334
all > amplify,wounded8,,7,60,3,32.88611111111111,31.775,34.35,111,0,0,0,0,3,305.3333333333333,22.605555555555554,0.03333333333333333,131
all > prolong,wounded8,,6,60,3,120.45833333333333,118.85833333333333,122.10833333333333,410.3333333333333,0,0,0,0,16,135,3.5874999999999986,0.03333333333333333,361.3333333333333
all > regen,wounded8,,7,60,3,31.820555555555558,30.920555555555556,32.75666666666667,106.33333333333333,0,518.3999999999623,0,0,14,141,4.264285714285713,0.03333333333333333,126.33333333333333
all > armor,wounded8,,7,60,3,30.208333333333332,29.241666666666667,31.258333333333333,101.66666666666667,0,0,0,0,14,141,4.264285714285713,0.03333333333333333,122
all > pull,wounded8,,6,60,3,22.977777777777778,22.775,23.116666666666667,78,0,58,0,480,12,184,4.966666666666667,0.03333333333333333,61.666666666666664
all > magnet,wounded8,,6,60,3,31.977777777777778,31.066666666666666,32.96666666666667,106.66666666666667,0,50,0,652,54.666666666666664,96,0.8695903479236812,0.03333333333333333,59
all > harvest,wounded8,,7,60,3,31.977777777777778,31.066666666666666,32.96666666666667,106.66666666666667,0,0,0,0,4,315.6666666666667,18.033333333333335,0.03333333333333333,126.66666666666667
all > orb,wounded8,,7,60,3,125.61111111111113,119.29166666666667,129.20833333333334,430.6666666666667,0,0,0,0,3,526.6666666666666,37.361111111111114,0.03333333333333333,364.3333333333333
all > mine,wounded8,,7,60,3,101.1111111111111,100.91666666666667,101.20833333333333,346.6666666666667,0,0,0,0,3,493,35.11666666666667,0.03333333333333333,352.3333333333333
all > turret,wounded8,,8,60,3,75.59722222222223,71.025,81.825,258.3333333333333,0,0,0,0,2,236.33333333333334,43.80833333333333,0.03333333333333333,292.3333333333333
all > decoy,wounded8,,8,60,3,18.46666666666667,18.325,18.583333333333332,61.333333333333336,0,0,0,0,3,202.66666666666666,22.766666666666666,0.03333333333333333,86.33333333333333
all > detonate,wounded8,,6,60,3,28,28,28,96,0,0,0,0,11,204.33333333333334,5.615151515151516,0.03333333333333333,43.333333333333336
all > launch,wounded8,,6,60,3,70.09722222222221,62.416666666666664,76.70833333333333,240.33333333333334,0,0,0,0,8.333333333333334,314,7.628472222222221,0.03333333333333333,76.66666666666667
all > boomerang,wounded8,,7,60,3,38.96666666666666,38.108333333333334,40.125,129.33333333333334,0,0,112,0,7,224.66666666666666,8.669047619047618,0.03333333333333333,114.66666666666667
all > homing,wounded8,,7,60,3,25.666666666666668,25.666666666666668,25.666666666666668,88,0,0,50,0,10,199.33333333333334,6.2366666666666655,0.03333333333333333,43.333333333333336
all > laser,wounded8,,7,60,3,35.59722222222222,34.9,36.675,119,0,0,64,0,3.6666666666666665,178,16.95,0.03333333333333333,114.66666666666667
all > chain,wounded8,,7,60,3,37.72222222222222,37.041666666666664,39.083333333333336,129.33333333333334,0,0,0,0,3,322.6666666666667,34.416666666666664,0.03333333333333333,146
all > meteor,wounded8,,7,60,3,31.977777777777778,31.066666666666666,32.96666666666667,106.66666666666667,0,0,0,0,3,258.6666666666667,28.016666666666666,0.03333333333333333,127
all > blades,wounded8,,8,60,3,31.686111111111114,31.066666666666666,32.38333333333333,105.66666666666667,0,0,0,0,3,254.33333333333334,27.933333333333326,0.03333333333333333,113
all > root,wounded8,,7,60,3,31.977777777777778,31.066666666666666,32.96666666666667,106.66666666666667,0.04925925925925995,0,0,0,3,296.3333333333333,22.005555555555556,0.03333333333333333,126.66666666666667
all > mark,wounded8,,6,60,3,32.53055555555556,31.575,33.25,109.66666666666667,0,0,0,0,5,542.3333333333334,12.846666666666666,0.03333333333333333,130
all > burn,wounded8,,7,60,3,29.166666666666668,29.166666666666668,29.166666666666668,100,0,0,54,0,9,201,6.716666666666666,0.03333333333333333,46.666666666666664
all > fear,wounded8,,7,60,3,20.830555555555556,19.275,21.608333333333334,70.33333333333333,0.08851851851851884,0,0,0,4,317.6666666666667,18.133333333333336,0.03333333333333333,91.33333333333333
all > execute,wounded8,,7,60,3,25.666666666666668,25.666666666666668,25.666666666666668,88,0,0,0,0,10,200.33333333333334,6.256666666666665,0.03333333333333333,43.333333333333336
all > drain,wounded8,,7,60,3,25.666666666666668,25.666666666666668,25.666666666666668,88,0,540,0,0,10,199.33333333333334,6.2366666666666655,0.03333333333333333,43.333333333333336
all > blink,wounded8,,7,60,3,18.816666666666666,18.691666666666666,18.925,63.333333333333336,0,16.666666666666668,0,384,8.333333333333334,177,7.547222222222224,0.03333333333333333,43.333333333333336
all > dash,wounded8,,7,60,3,18.741666666666664,18.666666666666668,18.866666666666667,63.666666666666664,0,16.666666666666668,0,386,8.333333333333334,176.33333333333334,7.526388888888891,0.03333333333333333,43.333333333333336
all > archer,wounded8,,8,60,3,45.480555555555554,44.28333333333333,46.50833333333333,153.66666666666666,0,0,0,0,2,166.33333333333334,35.666666666666664,0.03333333333333333,176
all > sacrifice,wounded8,,6,60,3,28,28,28,96,0,0,0,0,11,204.33333333333334,5.615151515151516,0.03333333333333333,43.333333333333336
all > rally,wounded8,,7,60,3,64.72777777777777,62.95,65.825,220,0,0,0,0,3,451,32.31666666666667,0.03333333333333333,241.33333333333334
all > ward,wounded8,,9,60,3,32.074999999999996,31.066666666666666,33.25833333333333,107,0,0,0,0,2,167.66666666666666,36.28333333333333,0.03333333333333333,138.66666666666666
all > spread,wounded8,,6,60,3,31.977777777777778,31.066666666666666,32.96666666666667,106.66666666666667,0,0,0,0,3,298.3333333333333,21.78888888888889,0.03333333333333333,126.66666666666667
all > snipe,wounded8,,8,60,3,18.666666666666668,18.666666666666668,18.666666666666668,64,0,0,0,0,7,147.33333333333334,8.814285714285715,0.03333333333333333,43.333333333333336
all > refresh,wounded8,,6,60,3,169.87500000000003,163.675,175.83333333333334,579.6666666666666,0,0,0,0,16,173,3.5718750000000004,0.03333333333333333,366.3333333333333
all > split,wounded8,,6,60,3,43.518055555555556,40.5375,45.2625,147.33333333333334,0,8.333333333333334,0,0,3,570,49.35,0.03333333333333333,681
all > absorb,wounded8,,6,60,3,34.22222222222222,32.666666666666664,35,117.33333333333333,0,50,0,668,13.666666666666666,209.33333333333334,4.2489010989011,0.03333333333333333,43.333333333333336
all > swap,wounded8,,6,60,3,23.780555555555555,23.05,24.958333333333332,81,0,50,0,498,12,97.66666666666667,3.884722222222223,0.03333333333333333,43.333333333333336
nearestEnemy > bolt,wounded8,,2,60,3,37.333333333333336,37.333333333333336,37.333333333333336,128,0,0,0,0,65,65,0.7000000000000005,0.3444444444444444,133
nearestEnemy > slash,wounded8,,3,60,3,14,14,14,48,0,0,0,0,48,48,1.0499999999999992,0.06666666666666667,48
nearestEnemy > explode,wounded8,,3,60,3,12.541666666666666,12.541666666666666,12.541666666666666,43,0,0,0,0,43,43,1.0499999999999994,0.06666666666666667,43
nearestEnemy > frost,wounded8,,3,60,3,2.6,2.6,2.6,8,0.07750000000000094,0,0,0,44,44,1.0499999999999994,0.06666666666666667,8
nearestEnemy > poison,wounded8,,4,60,3,10.208333333333334,10.208333333333334,10.208333333333334,35,0,0,0,0,35,35,1.3999999999999992,0.06666666666666667,36.666666666666664
nearestEnemy > vortex,wounded8,,3,60,3,0,0,0,0,0,0,0,0,43,43,1.0499999999999994,,2
nearestEnemy > shockwave,wounded8,,2,60,3,8.658333333333333,8.658333333333333,8.658333333333333,29,0,0,0,0,58,58,0.7000000000000003,0.06666666666666667,29.333333333333332
nearestEnemy > summon,wounded8,,4,60,3,71.20277777777778,71.16666666666667,71.275,243.66666666666666,0,0,0,0,33,33,1.3999999999999992,0.26666666666666666,254.66666666666666
nearestEnemy > heal,wounded8,,4,60,3,0,0,0,0,0,52.5,0,0,35,35,1.3999999999999992,,0
nearestEnemy > mend,wounded8,,4,60,3,0,0,0,0,0,52.5,0,0,35,35,1.3999999999999992,,0
nearestEnemy > shield,wounded8,,3,60,3,0,0,0,0,0,0,0,0,43,43,1.0499999999999994,,0
nearestEnemy > haste,wounded8,,3,60,3,0,0,0,0,0,0,0,0,46,46,1.0499999999999994,,0
nearestEnemy > rage,wounded8,,3,60,3,0,0,0,0,0,0,0,0,46,46,1.0499999999999994,,0
nearestEnemy > scatter,wounded8,,3,60,3,13.708333333333334,13.708333333333334,13.708333333333334,47,0,0,0,0,46,46,1.0499999999999994,0.06666666666666667,47
nearestEnemy > lance,wounded8,,3,60,3,6.974999999999999,6.975,6.975,23,0,0,0,0,46,46,1.0499999999999994,0.06666666666666667,23.333333333333332
nearestEnemy > focus,wounded8,,3,60,3,0,0,0,0,0,0,0,0,46,46,1.0499999999999994,,0
nearestEnemy > amplify,wounded8,,3,60,3,0,0,0,0,0,0,0,0,46,46,1.0499999999999994,,0
nearestEnemy > prolong,wounded8,,2,60,3,0,0,0,0,0,0,0,0,78,0,0.5,,0
nearestEnemy > regen,wounded8,,3,60,3,0,0,0,0,0,52.5,0,0,46,46,1.0499999999999994,,0
nearestEnemy > armor,wounded8,,3,60,3,0,0,0,0,0,0,0,0,46,46,1.0499999999999994,,0
nearestEnemy > pull,wounded8,,2,60,3,0,0,0,0,0,0,0,0,62,62,0.7000000000000005,,0
nearestEnemy > harvest,wounded8,,3,60,3,0,0,0,0,0,0,0,0,46,46,1.0499999999999994,,0
nearestEnemy > orb,wounded8,,3,60,3,208.44444444444443,117.25,312.6666666666667,714.6666666666666,0,0,0,0,46,46,1.0499999999999994,0.26666666666666666,362.6666666666667
nearestEnemy > mine,wounded8,,3,60,3,107.33333333333333,107.33333333333333,107.33333333333333,368,0,0,0,0,46,46,1.0499999999999994,0.5666666666666667,352
nearestEnemy > turret,wounded8,,4,60,3,83.125,83.125,83.125,285,0,0,0,0,34,34,1.3999999999999992,0.26666666666666666,298.3333333333333
nearestEnemy > decoy,wounded8,,4,60,3,0,0,0,0,0,0,0,0,35,35,1.3999999999999992,,4
nearestEnemy > detonate,wounded8,,2,60,3,147,147,147,504,0,0,0,0,62,62,0.7000000000000005,0.06666666666666667,354.6666666666667
nearestEnemy > launch,wounded8,,2,60,3,145.3472222222222,132.70833333333334,151.66666666666666,498.3333333333333,0,0,0,0,65,65,0.7000000000000005,0.06666666666666667,357
nearestEnemy > boomerang,wounded8,,3,60,3,6.974999999999999,6.975,6.975,23,0,0,0,0,46,46,1.0499999999999994,0.06666666666666667,23.333333333333332
nearestEnemy > homing,wounded8,,3,60,3,13.708333333333334,13.708333333333334,13.708333333333334,47,0,0,0,0,46,46,1.0499999999999994,0.06666666666666667,47
nearestEnemy > laser,wounded8,,3,60,3,6.391666666666667,6.391666666666667,6.391666666666667,21,0,0,0,0,43,43,1.0499999999999994,0.06666666666666667,21.333333333333332
nearestEnemy > chain,wounded8,,3,60,3,50.6,50.6,50.6,168,0,0,0,0,43,43,1.0499999999999994,0.06666666666666667,171
nearestEnemy > meteor,wounded8,,3,60,3,12.541666666666666,12.541666666666666,12.541666666666666,43,0,0,0,0,43,43,1.0499999999999994,0.8666666666666666,43.666666666666664
nearestEnemy > blades,wounded8,,4,60,3,10.208333333333334,10.208333333333334,10.208333333333334,35,0,0,0,0,35,35,1.3999999999999992,0.06666666666666667,36.666666666666664
nearestEnemy > root,wounded8,,3,60,3,0,0,0,0,0.12486111111110935,0,0,0,46,46,1.0499999999999994,,0
nearestEnemy > mark,wounded8,,2,60,3,0,0,0,0,0,0,0,0,70,70,0.7000000000000007,,0
nearestEnemy > burn,wounded8,,3,60,3,13.483333333333333,13.483333333333333,13.483333333333333,46,0,0,0,0,46,46,1.0499999999999994,0.10000000000000002,46.666666666666664
nearestEnemy > fear,wounded8,,3,60,3,0,0,0,0,0.07208333333333458,0,0,0,66,18,0.6500000000000001,,0
nearestEnemy > execute,wounded8,,3,60,3,13.708333333333334,13.708333333333334,13.708333333333334,47,0,0,0,0,46,46,1.0499999999999994,0.06666666666666667,47.333333333333336
nearestEnemy > drain,wounded8,,3,60,3,13.708333333333334,13.708333333333334,13.708333333333334,47,0,50,0,0,46,46,1.0499999999999994,0.06666666666666667,47
nearestEnemy > blink,wounded8,,3,60,3,0,0,0,0,0,0,0,0,57,24,0.7315789473684212,,0
nearestEnemy > dash,wounded8,,3,60,3,0,0,0,0,0,0,0,0,57,24,0.7315789473684212,,0
nearestEnemy > archer,wounded8,,4,60,3,71.18055555555556,71.16666666666667,71.20833333333333,243.66666666666666,0,0,0,0,33,33,1.3999999999999992,0.26666666666666666,252
nearestEnemy > sacrifice,wounded8,,2,60,3,147,147,147,504,0,0,0,0,62,62,0.7000000000000005,0.06666666666666667,354.6666666666667
nearestEnemy > rally,wounded8,,3,60,3,0,0,0,0,0,0,0,0,46,46,1.0499999999999994,,0
nearestEnemy > ward,wounded8,,5,60,3,0,0,0,0,0,0,0,0,52,8,0.6923076923076922,,2
nearestEnemy > spread,wounded8,,2,60,3,0,0,0,0,0,0,0,0,62,62,0.7000000000000005,,0
nearestEnemy > snipe,wounded8,,4,60,3,10.208333333333334,10.208333333333334,10.208333333333334,35,0,0,0,0,35,35,1.3999999999999992,0.06666666666666667,35
nearestEnemy > refresh,wounded8,,2,60,3,0,0,0,0,0,0,0,0,82,0,0.5,,0
nearestEnemy > split,wounded8,,2,60,3,0,0,0,0,0,0,0,0,58,58,0.7000000000000003,,0
nearestEnemy > absorb,wounded8,,2,60,3,18.958333333333332,18.958333333333332,18.958333333333332,65,0,50,0,0,65,65,0.7000000000000005,0.06666666666666667,66
nearestEnemy > swap,wounded8,,2,60,3,0,0,0,0,0,0,0,0,58,58,0.7000000000000003,,0
woundedEnemies > bolt,wounded8,,4,60,3,107.33333333333333,107.33333333333333,107.33333333333333,368,0,0,0,0,23,184,2.450000000000001,0.3444444444444444,359
woundedEnemies > slash,wounded8,,5,60,3,46.666666666666664,46.666666666666664,46.666666666666664,160,0,0,0,0,20,160,2.799999999999999,0.06666666666666667,164.33333333333334
woundedEnemies > explode,wounded8,,5,60,3,35,35,35,120,0,0,0,0,15,120,3.850000000000001,0.06666666666666667,123.66666666666667
woundedEnemies > frost,wounded8,,5,60,3,7.533333333333334,7.533333333333333,7.533333333333333,24,0.22388888888888156,0,0,0,16,128,3.5,0.06666666666666667,24.333333333333332
woundedEnemies > poison,wounded8,,6,60,3,31.933333333333334,31.933333333333334,31.933333333333334,104,0,0,0,0,14,112,4.200000000000001,0.06666666666666667,113.66666666666667
woundedEnemies > vortex,wounded8,,5,60,3,0,0,0,0,0,0,0,0,15,120,3.850000000000001,,8
woundedEnemies > shockwave,wounded8,,4,60,3,21,21,21,72,0,0,0,0,18,144,3.149999999999999,0.06666666666666667,73.33333333333333
woundedEnemies > summon,wounded8,,6,60,3,88.48333333333333,88.48333333333333,88.48333333333333,302,0,0,0,0,12,96,4.8999999999999995,0.26666666666666666,313
woundedEnemies > heal,wounded8,,6,60,3,0,0,0,0,0,120,0,0,65,8,0.556923076923077,,0
woundedEnemies > mend,wounded8,,6,60,3,0,0,0,0,0,160,0,0,65,8,0.556923076923077,,0
woundedEnemies > shield,wounded8,,5,60,3,0,0,0,0,0,0,0,0,15,120,3.850000000000001,,0
woundedEnemies > haste,wounded8,,5,60,3,0,0,0,0,0,0,0,0,18,144,3.15,,0
woundedEnemies > rage,wounded8,,5,60,3,0,0,0,0,0,0,0,0,18,144,3.15,,0
woundedEnemies > scatter,wounded8,,5,60,3,42,42,42,144,0,0,0,0,18,144,3.15,0.06666666666666667,148
woundedEnemies > lance,wounded8,,5,60,3,21,21,21,72,0,0,0,0,18,144,3.15,0.06666666666666667,73.33333333333333
woundedEnemies > focus,wounded8,,5,60,3,0,0,0,0,0,0,0,0,18,144,3.15,,0
woundedEnemies > amplify,wounded8,,5,60,3,0,0,0,0,0,0,0,0,18,144,3.15,,0
woundedEnemies > prolong,wounded8,,4,60,3,0,0,0,0,0,0,0,0,78,0,0.5,,0
woundedEnemies > regen,wounded8,,5,60,3,0,0,0,0,0,127.99999999999466,0,0,75,8,0.5353333333333333,,0
woundedEnemies > armor,wounded8,,5,60,3,0,0,0,0,0,0,0,0,18,144,3.15,,0
woundedEnemies > pull,wounded8,,4,60,3,0,0,0,0,0,0,0,0,20,160,2.799999999999999,,0
woundedEnemies > harvest,wounded8,,5,60,3,0,0,0,0,0,0,0,0,18,144,3.15,,0
woundedEnemies > orb,wounded8,,5,60,3,523.0361111111112,483.6,600.7416666666667,1791.6666666666667,0,0,0,0,18,144,3.15,0.26666666666666666,388.3333333333333
woundedEnemies > mine,wounded8,,5,60,3,336,336,336,1152,0,0,0,0,18,144,3.15,0.5666666666666667,370
woundedEnemies > turret,wounded8,,6,60,3,132.4722222222222,120.46666666666667,144.09166666666667,453.3333333333333,0,0,0,0,12,96,4.549999999999998,0.26666666666666666,367.6666666666667
woundedEnemies > decoy,wounded8,,6,60,3,0,0,0,0,0,0,0,0,14,112,4.200000000000001,,12
woundedEnemies > detonate,wounded8,,4,60,3,46.666666666666664,46.666666666666664,46.666666666666664,160,0,0,0,0,20,160,2.799999999999999,0.06666666666666667,165.33333333333334
woundedEnemies > launch,wounded8,,4,60,3,138.15277777777777,122.20833333333333,150.20833333333334,473.6666666666667,0,0,0,0,23,184,2.450000000000001,0.06666666666666667,361.6666666666667
woundedEnemies > boomerang,wounded8,,5,60,3,21,21,21,72,0,0,0,0,18,144,3.15,0.06666666666666667,73.33333333333333
woundedEnemies > homing,wounded8,,5,60,3,42,42,42,144,0,0,0,0,18,144,3.15,0.06666666666666667,148
woundedEnemies > laser,wounded8,,5,60,3,18.466666666666665,18.466666666666665,18.466666666666665,56,0,0,0,0,15,120,3.850000000000001,0.06666666666666667,56.666666666666664
woundedEnemies > chain,wounded8,,5,60,3,35,35,35,120,0,0,0,0,15,120,3.850000000000001,0.06666666666666667,122.33333333333333
woundedEnemies > meteor,wounded8,,5,60,3,35,35,35,120,0,0,0,0,15,120,3.850000000000001,0.8666666666666666,122.33333333333333
woundedEnemies > blades,wounded8,,6,60,3,32.666666666666664,32.666666666666664,32.666666666666664,112,0,0,0,0,14,112,4.200000000000001,0.06666666666666667,122
woundedEnemies > root,wounded8,,5,60,3,0,0,0,0,0.5399999999999803,0,0,0,18,144,3.15,,0
woundedEnemies > mark,wounded8,,4,60,3,0,0,0,0,0,0,0,0,27,216,2.100000000000001,,0
woundedEnemies > burn,wounded8,,5,60,3,42,42,42,144,0,0,0,0,18,144,3.15,0.10000000000000002,146.66666666666666
woundedEnemies > fear,wounded8,,5,60,3,0,0,0,0,0.06666666666666822,0,0,0,72,16,0.5736111111111111,,0
woundedEnemies > execute,wounded8,,5,60,3,42,42,42,144,0,0,0,0,18,144,3.15,0.06666666666666667,149
woundedEnemies > drain,wounded8,,5,60,3,42,42,42,144,0,50,0,0,18,144,3.15,0.06666666666666667,148
woundedEnemies > blink,wounded8,,5,60,3,0,0,0,0,0,0,0,0,61,24,0.6475409836065574,,0
woundedEnemies > dash,wounded8,,5,60,3,0,0,0,0,0,0,0,0,61,24,0.6475409836065574,,0
woundedEnemies > archer,wounded8,,6,60,3,88.41666666666667,88.375,88.45833333333333,302,0,0,0,0,12,96,4.8999999999999995,0.26666666666666666,315.3333333333333
woundedEnemies > sacrifice,wounded8,,4,60,3,46.666666666666664,46.666666666666664,46.666666666666664,160,0,0,0,0,20,160,2.799999999999999,0.06666666666666667,165.33333333333334
woundedEnemies > rally,wounded8,,5,60,3,0,0,0,0,0,0,0,0,18,144,3.15,,0
woundedEnemies > ward,wounded8,,7,60,3,0,0,0,0,0,0,0,0,57,8,0.5833333333333334,,8
woundedEnemies > spread,wounded8,,4,60,3,0,0,0,0,0,0,0,0,20,160,2.799999999999999,,0
woundedEnemies > snipe,wounded8,,6,60,3,32.666666666666664,32.666666666666664,32.666666666666664,112,0,0,0,0,14,112,4.200000000000001,0.06666666666666667,115.66666666666667
woundedEnemies > refresh,wounded8,,4,60,3,0,0,0,0,0,0,0,0,82,0,0.5,,0
woundedEnemies > split,wounded8,,4,60,3,0,0,0,0,0,0,0,0,5,248,13.550000000000002,,0
woundedEnemies > absorb,wounded8,,4,60,3,53.666666666666664,53.666666666666664,53.666666666666664,184,0,50,0,0,23,184,2.450000000000001,0.06666666666666667,189.33333333333334
woundedEnemies > swap,wounded8,,4,60,3,0,0,0,0,0,0,0,0,18,144,3.149999999999999,,0
pickups > bolt,wounded8,,3,60,3,102.18055555555554,79.33333333333333,115.5,350.3333333333333,0,0,0,0,25.333333333333332,218.66666666666666,2.211217391304348,0.36666666666666664,337
pickups > slash,wounded8,,4,60,3,0,0,0,0,0,0,0,0,80,6,0.520625,,6
pickups > explode,wounded8,,4,60,3,0,0,0,0,0,0,0,0,67,6,0.535820895522388,,6
pickups > frost,wounded8,,4,60,3,0,0,0,0,0,0,0,0,21,126,2.6499999999999995,,6
pickups > poison,wounded8,,5,60,3,0,0,0,0,0,0,0,0,66,6,0.5416666666666666,,6
pickups > vortex,wounded8,,4,60,3,0,0,0,0,0,50,0,0,67,6,0.535820895522388,,12
pickups > shockwave,wounded8,,3,60,3,0,0,0,0,0,0,0,0,70,6,0.5257142857142857,,6
pickups > summon,wounded8,,5,60,3,84.39999999999999,83.23333333333333,85.09166666666667,288,0,0,0,0,11.333333333333334,107.66666666666667,5.169999999999999,0.26666666666666666,307.6666666666667
pickups > haste,wounded8,,4,60,3,0,0,0,0,0,0,0,0,23,138,2.399999999999999,,6
pickups > scatter,wounded8,,4,60,3,0,0,0,0,0,0,0,0,76,6,0.525,,6
pickups > lance,wounded8,,4,60,3,0,0,0,0,0,0,0,0,76,6,0.525,,6
pickups > amplify,wounded8,,4,60,3,0,0,0,0,0,0,0,0,23,138,2.399999999999999,,6
pickups > pull,wounded8,,3,60,3,0,0,0,0,0,50,0,0,76,6,0.5203947368421052,,6
pickups > magnet,wounded8,,3,60,3,0,0,0,0,0,50,0,0,80,6,0.51625,,6
pickups > orb,wounded8,,4,60,3,280.09999999999997,243.55,309.1666666666667,960,0,0,0,0,15,205,3.940079365079365,0.26666666666666666,377
pickups > mine,wounded8,,4,60,3,332.8888888888889,308,375.6666666666667,1141.3333333333333,0,0,0,0,13.333333333333334,221.66666666666666,4.556581196581196,0.5666666666666667,377.6666666666667
pickups > turret,wounded8,,5,60,3,126.49722222222222,122.225,129.8,432.3333333333333,0,0,0,0,12,120.33333333333333,4.945959595959596,0.26666666666666666,374
pickups > decoy,wounded8,,5,60,3,0,0,0,0,0,0,0,0,17,102,3.25,,18
pickups > detonate,wounded8,,3,60,3,3.111111111111111,2.3333333333333335,4.666666666666667,10.666666666666666,0,0,0,0,76,6.333333333333333,0.5228070175438596,0.06666666666666667,10.666666666666666
pickups > launch,wounded8,,3,60,3,7.875,7,9.333333333333334,27,0,0,0,0,80,6.333333333333333,0.5185416666666667,0.06666666666666667,30.666666666666668
pickups > boomerang,wounded8,,4,60,3,0,0,0,0,0,0,0,0,76,6,0.525,,6
pickups > homing,wounded8,,4,60,3,0,0,0,0,0,0,0,0,76,6,0.525,,6
pickups > laser,wounded8,,4,60,3,0,0,0,0,0,0,0,0,67,6,0.535820895522388,,6
pickups > chain,wounded8,,4,60,3,39.666666666666664,35,42,136,0,0,0,0,17,125,3.3311111111111114,0.06666666666666667,145.33333333333334
pickups > meteor,wounded8,,4,60,3,0,0,0,0,0,0,0,0,67,6,0.535820895522388,,12
pickups > blades,wounded8,,5,60,3,0,0,0,0,0,0,0,0,66,6,0.5416666666666666,,6
pickups > root,wounded8,,4,60,3,0,0,0,0,0,0,0,0,23,138,2.399999999999999,,6
pickups > mark,wounded8,,3,60,3,0,0,0,0,0,0,0,0,36,216,1.549999999999999,,6
pickups > burn,wounded8,,4,60,3,0,0,0,0,0,0,0,0,76,6,0.525,,6
pickups > fear,wounded8,,4,60,3,0,0,0,0,0,0,0,0,74,12,0.5513513513513513,,6
pickups > execute,wounded8,,4,60,3,0,0,0,0,0,0,0,0,76,6,0.525,,6
pickups > drain,wounded8,,4,60,3,0,0,0,0,0,36,0,0,76,6,0.525,,6
pickups > blink,wounded8,,4,60,3,0,0,0,0,0,0,0,0,64,18,0.60078125,,6
pickups > dash,wounded8,,4,60,3,0,0,0,0,0,0,0,0,64,18,0.60078125,,6
pickups > archer,wounded8,,5,60,3,84.91666666666667,84.04166666666667,85.79166666666667,290,0,0,0,0,12.666666666666666,98.66666666666667,4.515034965034965,0.26666666666666666,308.3333333333333
pickups > sacrifice,wounded8,,3,60,3,3.111111111111111,2.3333333333333335,4.666666666666667,10.666666666666666,0,0,0,0,76,6.333333333333333,0.5228070175438596,0.06666666666666667,10.666666666666666
pickups > rally,wounded8,,4,60,3,0,0,0,0,0,0,0,0,23,138,2.399999999999999,,6
pickups > ward,wounded8,,6,60,3,0,0,0,0,0,0,0,0,58,6,0.5620689655172414,,12
pickups > spread,wounded8,,3,60,3,0,0,0,0,0,0,0,0,26,156,2.049999999999999,,6
pickups > snipe,wounded8,,5,60,3,0,0,0,0,0,0,0,0,66,6,0.5416666666666666,,6
pickups > split,wounded8,,3,60,3,0,0,0,0,0,25,0,0,6,377.3333333333333,16.522222222222222,,382.6666666666667
pickups > absorb,wounded8,,3,60,3,0,0,0,0,0,50,0,0,81,0,0.5,,6
pickups > swap,wounded8,,3,60,3,0,0,0,0,0,25,0,0,42,42,1.0499999999999996,,6
,empty,,0,60,3,0,0,0,0,0,0,0,0,0,0,0,,0
self,empty,,1,60,3,0,0,0,0,0,0,0,0,0,0,0,,0
enemies,empty,,6,60,3,0,0,0,0,0,0,0,0,0,0,0,,0
ahead,empty,,1,60,3,0,0,0,0,0,0,0,0,0,0,0,,0
behind,empty,,1,60,3,0,0,0,0,0,0,0,0,0,0,0,,0
randomPoint,empty,,1,60,3,0,0,0,0,0,0,0,0,0,0,0,,0
fallen,empty,,2,60,3,0,0,0,0,0,0,0,0,0,0,0,,0
objects,empty,,3,60,3,0,0,0,0,0,0,0,0,0,0,0,,0
allies,empty,,3,60,3,0,0,0,0,0,0,0,0,0,0,0,,0
zones,empty,,3,60,3,0,0,0,0,0,0,0,0,0,0,0,,0
shots,empty,,3,60,3,0,0,0,0,0,0,0,0,0,0,0,,0
gems,empty,,2,60,3,0,0,0,0,0,0,0,0,0,0,0,,0
prey,empty,,2,60,3,0,0,0,0,0,0,0,0,0,0,0,,0
lastHit,empty,,1,60,3,0,0,0,0,0,0,0,0,0,0,0,,0
all,empty,,5,60,3,0,0,0,0,0,0,0,0,0,0,0,,0
nearestEnemy,empty,,1,60,3,0,0,0,0,0,0,0,0,0,0,0,,0
woundedEnemies,empty,,3,60,3,0,0,0,0,0,0,0,0,0,0,0,,0
pickups,empty,,2,60,3,0,0,0,0,0,0,0,0,0,0,0,,0
self > bolt,empty,,2,60,3,0,0,0,0,0,0,0,0,65,65,0.7000000000000005,,2
self > slash,empty,,3,60,3,0,0,0,0,0,0,1152,0,48,48,1.0499999999999992,,0
self > explode,empty,,3,60,3,0,0,0,0,0,0,1118,0,43,43,1.0499999999999994,,0
self > frost,empty,,3,60,3,0,0,0,0,0,0,100,0,25,25,1.0500000000000005,,0
self > poison,empty,,4,60,3,0,0,0,0,0,0,486,0,35,35,1.3999999999999992,,3
self > vortex,empty,,3,60,3,0,0,0,0,0,0,0,0,43,43,1.0499999999999994,,2
self > shockwave,empty,,2,60,3,0,0,0,0,0,0,708,0,58,58,0.7000000000000003,,0
self > summon,empty,,4,60,3,0,0,0,0,0,0,0,0,33,33,1.3999999999999992,,6
self > heal,empty,,4,60,3,0,0,0,0,0,50,0,0,35,35,1.3999999999999992,,0
self > mend,empty,,4,60,3,0,0,0,0,0,50,0,0,35,35,1.3999999999999992,,0
self > shield,empty,,3,60,3,0,0,0,0,0,0,0,0,43,43,1.0499999999999994,,0
self > haste,empty,,3,60,3,0,0,0,0,0,0,0,0,46,46,1.0499999999999994,,0
self > scatter,empty,,3,60,3,0,0,0,0,0,0,230,0,46,46,1.0499999999999994,,0
self > lance,empty,,3,60,3,0,0,0,0,0,0,752,0,46,46,1.0499999999999994,,0
self > amplify,empty,,3,60,3,0,0,0,0,0,0,0,0,46,46,1.0499999999999994,,0
self > regen,empty,,3,60,3,0,0,0,0,0,50,0,0,46,46,1.0499999999999994,,0
self > armor,empty,,3,60,3,0,0,0,0,0,0,0,0,46,46,1.0499999999999994,,0
self > orb,empty,,3,60,3,0,0,0,0,0,0,0,0,46,46,1.0499999999999994,,7
self > mine,empty,,3,60,3,0,0,0,0,0,0,0,0,46,46,1.0499999999999994,,12
self > turret,empty,,4,60,3,0,0,0,0,0,0,0,0,34,34,1.3999999999999992,,8
self > decoy,empty,,4,60,3,0,0,0,0,0,0,0,0,35,35,1.3999999999999992,,4
self > boomerang,empty,,3,60,3,0,0,0,0,0,0,752,0,46,46,1.0499999999999994,,0
self > homing,empty,,3,60,3,0,0,0,0,0,0,230,0,46,46,1.0499999999999994,,0
self > laser,empty,,3,60,3,0,0,0,0,0,0,688,0,43,43,1.0499999999999994,,0
self > chain,empty,,3,60,3,0,0,0,0,0,0,0,0,43,43,1.0499999999999994,,0
self > meteor,empty,,3,60,3,0,0,0,0,0,0,2064,0,43,43,1.0499999999999994,,1
self > blades,empty,,4,60,3,0,0,0,0,0,0,896,0,35,35,1.3999999999999992,,3
self > root,empty,,3,60,3,0,0,0,0,0,0,0,0,46,46,1.0499999999999994,,0
self > mark,empty,,2,60,3,0,0,0,0,0,0,0,0,70,70,0.7000000000000007,,0
self > burn,empty,,3,60,3,0,0,0,0,0,0,113,0,46,46,1.0499999999999994,,0
self > fear,empty,,3,60,3,0,0,0,0,0,0,0,0,46,46,1.0499999999999994,,0
self > execute,empty,,3,60,3,0,0,0,0,0,0,0,0,46,46,1.0499999999999994,,0
self > drain,empty,,3,60,3,0,0,0,0,0,0,230,0,46,46,1.0499999999999994,,0
self > blink,empty,,3,60,3,0,0,0,0,0,0,0,0,44,44,1.0499999999999994,,0
self > dash,empty,,3,60,3,0,0,0,0,0,0,0,0,44,44,1.0499999999999994,,0
self > archer,empty,,4,60,3,0,0,0,0,0,0,0,0,33,33,1.3999999999999992,,6
self > rally,empty,,3,60,3,0,0,0,0,0,0,0,0,46,46,1.0499999999999994,,0
self > ward,empty,,5,60,3,0,0,0,0,0,0,0,0,28,28,1.75,,2
self > spread,empty,,2,60,3,0,0,0,0,0,0,0,0,62,62,0.7000000000000005,,0
self > snipe,empty,,4,60,3,0,0,0,0,0,0,0,0,35,35,1.3999999999999992,,0
self > split,empty,,2,60,3,0,0,0,0,0,0,0,0,58,58,0.7000000000000003,,6
enemies > bolt,empty,,7,60,3,0,0,0,0,0,0,0,0,82,0,0.5,,0
enemies > slash,empty,,8,60,3,0,0,0,0,0,0,0,0,82,0,0.5,,0
enemies > explode,empty,,8,60,3,0,0,0,0,0,0,0,0,69,0,0.5,,0
enemies > frost,empty,,8,60,3,0,0,0,0,0,0,0,0,72,0,0.5,,0
enemies > poison,empty,,9,60,3,0,0,0,0,0,0,0,0,69,0,0.5,,0
enemies > vortex,empty,,8,60,3,0,0,0,0,0,0,0,0,69,0,0.5,,0
enemies > shockwave,empty,,7,60,3,0,0,0,0,0,0,0,0,72,0,0.5,,0
enemies > summon,empty,,9,60,3,0,0,0,0,0,0,0,0,62,0,0.5,,0
enemies > heal,empty,,9,60,3,0,0,0,0,0,0,0,0,69,0,0.5,,0
enemies > mend,empty,,9,60,3,0,0,0,0,0,0,0,0,69,0,0.5,,0
enemies > shield,empty,,8,60,3,0,0,0,0,0,0,0,0,69,0,0.5,,0
enemies > haste,empty,,8,60,3,0,0,0,0,0,0,0,0,78,0,0.5,,0
enemies > rage,empty,,8,60,3,0,0,0,0,0,0,0,0,78,0,0.5,,0
enemies > scatter,empty,,8,60,3,0,0,0,0,0,0,0,0,78,0,0.5,,0
enemies > lance,empty,,8,60,3,0,0,0,0,0,0,0,0,78,0,0.5,,0
enemies > focus,empty,,8,60,3,0,0,0,0,0,0,0,0,78,0,0.5,,0
enemies > amplify,empty,,8,60,3,0,0,0,0,0,0,0,0,78,0,0.5,,0
enemies > prolong,empty,,7,60,3,0,0,0,0,0,0,0,0,78,0,0.5,,0
enemies > regen,empty,,8,60,3,0,0,0,0,0,0,0,0,78,0,0.5,,0
enemies > armor,empty,,8,60,3,0,0,0,0,0,0,0,0,78,0,0.5,,0
enemies > pull,empty,,7,60,3,0,0,0,0,0,0,0,0,78,0,0.5,,0
enemies > harvest,empty,,8,60,3,0,0,0,0,0,0,0,0,78,0,0.5,,0
enemies > orb,empty,,8,60,3,0,0,0,0,0,0,0,0,78,0,0.5,,0
enemies > mine,empty,,8,60,3,0,0,0,0,0,0,0,0,78,0,0.5,,0
enemies > turret,empty,,9,60,3,0,0,0,0,0,0,0,0,64,0,0.5,,0
enemies > decoy,empty,,9,60,3,0,0,0,0,0,0,0,0,69,0,0.5,,0
enemies > detonate,empty,,7,60,3,0,0,0,0,0,0,0,0,78,0,0.5,,0
enemies > launch,empty,,7,60,3,0,0,0,0,0,0,0,0,82,0,0.5,,0
enemies > boomerang,empty,,8,60,3,0,0,0,0,0,0,0,0,78,0,0.5,,0
enemies > homing,empty,,8,60,3,0,0,0,0,0,0,0,0,78,0,0.5,,0
enemies > laser,empty,,8,60,3,0,0,0,0,0,0,0,0,69,0,0.5,,0
enemies > chain,empty,,8,60,3,0,0,0,0,0,0,0,0,69,0,0.5,,0
enemies > meteor,empty,,8,60,3,0,0,0,0,0,0,0,0,69,0,0.5,,0
enemies > blades,empty,,9,60,3,0,0,0,0,0,0,0,0,69,0,0.5,,0
enemies > root,empty,,8,60,3,0,0,0,0,0,0,0,0,78,0,0.5,,0
enemies > mark,empty,,7,60,3,0,0,0,0,0,0,0,0,90,0,0.5,,0
enemies > burn,empty,,8,60,3,0,0,0,0,0,0,0,0,78,0,0.5,,0
enemies > fear,empty,,8,60,3,0,0,0,0,0,0,0,0,78,0,0.5,,0
enemies > execute,empty,,8,60,3,0,0,0,0,0,0,0,0,78,0,0.5,,0
enemies > drain,empty,,8,60,3,0,0,0,0,0,0,0,0,78,0,0.5,,0
enemies > blink,empty,,8,60,3,0,0,0,0,0,0,0,0,72,0,0.5,,0
enemies > dash,empty,,8,60,3,0,0,0,0,0,0,0,0,72,0,0.5,,0
enemies > archer,empty,,9,60,3,0,0,0,0,0,0,0,0,62,0,0.5,,0
enemies > sacrifice,empty,,7,60,3,0,0,0,0,0,0,0,0,78,0,0.5,,0
enemies > rally,empty,,8,60,3,0,0,0,0,0,0,0,0,78,0,0.5,,0
enemies > ward,empty,,10,60,3,0,0,0,0,0,0,0,0,62,0,0.5,,0
enemies > spread,empty,,7,60,3,0,0,0,0,0,0,0,0,78,0,0.5,,0
enemies > snipe,empty,,9,60,3,0,0,0,0,0,0,0,0,69,0,0.5,,0
enemies > refresh,empty,,7,60,3,0,0,0,0,0,0,0,0,82,0,0.5,,0
enemies > split,empty,,7,60,3,0,0,0,0,0,0,0,0,72,0,0.5,,0
enemies > absorb,empty,,7,60,3,0,0,0,0,0,0,0,0,82,0,0.5,,0
enemies > swap,empty,,7,60,3,0,0,0,0,0,0,0,0,72,0,0.5,,0
ahead > bolt,empty,,2,60,3,0,0,0,0,0,0,0,0,65,65,0.7000000000000005,,2
ahead > poison,empty,,4,60,3,0,0,0,0,0,0,0,0,35,35,1.3999999999999992,,3
ahead > vortex,empty,,3,60,3,0,0,0,0,0,0,0,0,43,43,1.0499999999999994,,2
ahead > summon,empty,,4,60,3,0,0,0,0,0,0,0,0,33,33,1.3999999999999992,,6
ahead > orb,empty,,3,60,3,0,0,0,0,0,0,0,0,46,46,1.0499999999999994,,7
ahead > mine,empty,,3,60,3,0,0,0,0,0,0,0,0,46,46,1.0499999999999994,,12
ahead > turret,empty,,4,60,3,0,0,0,0,0,0,0,0,34,34,1.3999999999999992,,8
ahead > decoy,empty,,4,60,3,0,0,0,0,0,0,0,0,35,35,1.3999999999999992,,4
ahead > chain,empty,,3,60,3,0,0,0,0,0,0,0,0,43,43,1.0499999999999994,,0
ahead > meteor,empty,,3,60,3,0,0,0,0,0,0,0,0,43,43,1.0499999999999994,,1
ahead > blades,empty,,4,60,3,0,0,0,0,0,0,0,0,35,35,1.3999999999999992,,3
ahead > archer,empty,,4,60,3,0,0,0,0,0,0,0,0,33,33,1.3999999999999992,,6
ahead > rally,empty,,3,60,3,0,0,0,0,0,0,0,0,46,46,1.0499999999999994,,0
ahead > ward,empty,,5,60,3,0,0,0,0,0,0,0,0,28,28,1.75,,2
ahead > swap,empty,,2,60,3,0,0,0,0,0,0,0,0,58,58,0.7000000000000003,,0
behind > bolt,empty,,2,60,3,0,0,0,0,0,0,0,0,65,65,0.7000000000000005,,2
behind > poison,empty,,4,60,3,0,0,0,0,0,0,0,0,35,35,1.3999999999999992,,3
behind > vortex,empty,,3,60,3,0,0,0,0,0,0,0,0,43,43,1.0499999999999994,,2
behind > summon,empty,,4,60,3,0,0,0,0,0,0,0,0,33,33,1.3999999999999992,,6
behind > orb,empty,,3,60,3,0,0,0,0,0,0,0,0,46,46,1.0499999999999994,,7
behind > mine,empty,,3,60,3,0,0,0,0,0,0,0,0,46,46,1.0499999999999994,,12
behind > turret,empty,,4,60,3,0,0,0,0,0,0,0,0,34,34,1.3999999999999992,,8
behind > decoy,empty,,4,60,3,0,0,0,0,0,0,0,0,35,35,1.3999999999999992,,4
behind > chain,empty,,3,60,3,0,0,0,0,0,0,0,0,43,43,1.0499999999999994,,0
behind > meteor,empty,,3,60,3,0,0,0,0,0,0,0,0,43,43,1.0499999999999994,,1
behind > blades,empty,,4,60,3,0,0,0,0,0,0,0,0,35,35,1.3999999999999992,,3
behind > archer,empty,,4,60,3,0,0,0,0,0,0,0,0,33,33,1.3999999999999992,,6
behind > rally,empty,,3,60,3,0,0,0,0,0,0,0,0,46,46,1.0499999999999994,,0
behind > ward,empty,,5,60,3,0,0,0,0,0,0,0,0,28,28,1.75,,2
behind > swap,empty,,2,60,3,0,0,0,0,0,0,0,0,58,58,0.7000000000000003,,0
randomPoint > bolt,empty,,2,60,3,0,0,0,0,0,0,0,0,65,65,0.7000000000000005,,2
randomPoint > poison,empty,,4,60,3,0,0,0,0,0,0,0,0,35,35,1.3999999999999992,,3
randomPoint > vortex,empty,,3,60,3,0,0,0,0,0,0,0,0,43,43,1.0499999999999994,,2
randomPoint > summon,empty,,4,60,3,0,0,0,0,0,0,0,0,33,33,1.3999999999999992,,6
randomPoint > orb,empty,,3,60,3,0,0,0,0,0,0,0,0,46,46,1.0499999999999994,,7
randomPoint > mine,empty,,3,60,3,0,0,0,0,0,0,0,0,46,46,1.0499999999999994,,12
randomPoint > turret,empty,,4,60,3,0,0,0,0,0,0,0,0,34,34,1.3999999999999992,,8
randomPoint > decoy,empty,,4,60,3,0,0,0,0,0,0,0,0,35,35,1.3999999999999992,,4
randomPoint > chain,empty,,3,60,3,0,0,0,0,0,0,0,0,43,43,1.0499999999999994,,0
randomPoint > meteor,empty,,3,60,3,0,0,0,0,0,0,0,0,43,43,1.0499999999999994,,1
randomPoint > blades,empty,,4,60,3,0,0,0,0,0,0,0,0,35,35,1.3999999999999992,,3
randomPoint > archer,empty,,4,60,3,0,0,0,0,0,0,0,0,33,33,1.3999999999999992,,6
randomPoint > rally,empty,,3,60,3,0,0,0,0,0,0,0,0,46,46,1.0499999999999994,,0
randomPoint > ward,empty,,5,60,3,0,0,0,0,0,0,0,0,28,28,1.75,,2
randomPoint > swap,empty,,2,60,3,0,0,0,0,0,0,0,0,58,58,0.7000000000000003,,0
fallen > bolt,empty,,3,60,3,0,0,0,0,0,0,0,0,82,0,0.5,,0
fallen > poison,empty,,5,60,3,0,0,0,0,0,0,0,0,69,0,0.5,,0
fallen > vortex,empty,,4,60,3,0,0,0,0,0,0,0,0,69,0,0.5,,0
fallen > summon,empty,,5,60,3,0,0,0,0,0,0,0,0,62,0,0.5,,0
fallen > orb,empty,,4,60,3,0,0,0,0,0,0,0,0,78,0,0.5,,0
fallen > mine,empty,,4,60,3,0,0,0,0,0,0,0,0,78,0,0.5,,0
fallen > turret,empty,,5,60,3,0,0,0,0,0,0,0,0,64,0,0.5,,0
fallen > decoy,empty,,5,60,3,0,0,0,0,0,0,0,0,69,0,0.5,,0
fallen > chain,empty,,4,60,3,0,0,0,0,0,0,0,0,69,0,0.5,,0
fallen > meteor,empty,,4,60,3,0,0,0,0,0,0,0,0,69,0,0.5,,0
fallen > blades,empty,,5,60,3,0,0,0,0,0,0,0,0,69,0,0.5,,0
fallen > archer,empty,,5,60,3,0,0,0,0,0,0,0,0,62,0,0.5,,0
fallen > rally,empty,,4,60,3,0,0,0,0,0,0,0,0,78,0,0.5,,0
fallen > ward,empty,,6,60,3,0,0,0,0,0,0,0,0,62,0,0.5,,0
fallen > swap,empty,,3,60,3,0,0,0,0,0,0,0,0,72,0,0.5,,0
objects > bolt,empty,,4,60,3,0,0,0,0,0,0,0,0,82,0,0.5,,0
objects > slash,empty,,5,60,3,0,0,0,0,0,0,0,0,82,0,0.5,,0
objects > explode,empty,,5,60,3,0,0,0,0,0,0,0,0,69,0,0.5,,0
objects > frost,empty,,5,60,3,0,0,0,0,0,0,0,0,72,0,0.5,,0
objects > poison,empty,,6,60,3,0,0,0,0,0,0,0,0,69,0,0.5,,0
objects > vortex,empty,,5,60,3,0,0,0,0,0,0,0,0,69,0,0.5,,0
objects > shockwave,empty,,4,60,3,0,0,0,0,0,0,0,0,72,0,0.5,,0
objects > summon,empty,,6,60,3,0,0,0,0,0,0,0,0,62,0,0.5,,0
objects > heal,empty,,6,60,3,0,0,0,0,0,0,0,0,69,0,0.5,,0
objects > mend,empty,,6,60,3,0,0,0,0,0,0,0,0,69,0,0.5,,0
objects > shield,empty,,5,60,3,0,0,0,0,0,0,0,0,69,0,0.5,,0
objects > rage,empty,,5,60,3,0,0,0,0,0,0,0,0,78,0,0.5,,0
objects > scatter,empty,,5,60,3,0,0,0,0,0,0,0,0,78,0,0.5,,0
objects > lance,empty,,5,60,3,0,0,0,0,0,0,0,0,78,0,0.5,,0
objects > focus,empty,,5,60,3,0,0,0,0,0,0,0,0,78,0,0.5,,0
objects > amplify,empty,,5,60,3,0,0,0,0,0,0,0,0,78,0,0.5,,0
objects > prolong,empty,,4,60,3,0,0,0,0,0,0,0,0,78,0,0.5,,0
objects > regen,empty,,5,60,3,0,0,0,0,0,0,0,0,78,0,0.5,,0
objects > armor,empty,,5,60,3,0,0,0,0,0,0,0,0,78,0,0.5,,0
objects > pull,empty,,4,60,3,0,0,0,0,0,0,0,0,78,0,0.5,,0
objects > orb,empty,,5,60,3,0,0,0,0,0,0,0,0,78,0,0.5,,0
objects > mine,empty,,5,60,3,0,0,0,0,0,0,0,0,78,0,0.5,,0
objects > turret,empty,,6,60,3,0,0,0,0,0,0,0,0,64,0,0.5,,0
objects > decoy,empty,,6,60,3,0,0,0,0,0,0,0,0,69,0,0.5,,0
objects > detonate,empty,,4,60,3,0,0,0,0,0,0,0,0,78,0,0.5,,0
objects > launch,empty,,4,60,3,0,0,0,0,0,0,0,0,82,0,0.5,,0
objects > boomerang,empty,,5,60,3,0,0,0,0,0,0,0,0,78,0,0.5,,0
objects > homing,empty,,5,60,3,0,0,0,0,0,0,0,0,78,0,0.5,,0
objects > laser,empty,,5,60,3,0,0,0,0,0,0,0,0,69,0,0.5,,0
objects > chain,empty,,5,60,3,0,0,0,0,0,0,0,0,69,0,0.5,,0
objects > meteor,empty,,5,60,3,0,0,0,0,0,0,0,0,69,0,0.5,,0
objects > blades,empty,,6,60,3,0,0,0,0,0,0,0,0,69,0,0.5,,0
objects > root,empty,,5,60,3,0,0,0,0,0,0,0,0,78,0,0.5,,0
objects > mark,empty,,4,60,3,0,0,0,0,0,0,0,0,90,0,0.5,,0
objects > burn,empty,,5,60,3,0,0,0,0,0,0,0,0,78,0,0.5,,0
objects > fear,empty,,5,60,3,0,0,0,0,0,0,0,0,78,0,0.5,,0
objects > execute,empty,,5,60,3,0,0,0,0,0,0,0,0,78,0,0.5,,0
objects > drain,empty,,5,60,3,0,0,0,0,0,0,0,0,78,0,0.5,,0
objects > blink,empty,,5,60,3,0,0,0,0,0,0,0,0,72,0,0.5,,0
objects > dash,empty,,5,60,3,0,0,0,0,0,0,0,0,72,0,0.5,,0
objects > archer,empty,,6,60,3,0,0,0,0,0,0,0,0,62,0,0.5,,0
objects > sacrifice,empty,,4,60,3,0,0,0,0,0,0,0,0,78,0,0.5,,0
objects > rally,empty,,5,60,3,0,0,0,0,0,0,0,0,78,0,0.5,,0
objects > ward,empty,,7,60,3,0,0,0,0,0,0,0,0,62,0,0.5,,0
objects > spread,empty,,4,60,3,0,0,0,0,0,0,0,0,78,0,0.5,,0
objects > snipe,empty,,6,60,3,0,0,0,0,0,0,0,0,69,0,0.5,,0
objects > refresh,empty,,4,60,3,0,0,0,0,0,0,0,0,82,0,0.5,,0
objects > split,empty,,4,60,3,0,0,0,0,0,0,0,0,72,0,0.5,,0
objects > absorb,empty,,4,60,3,0,0,0,0,0,0,0,0,82,0,0.5,,0
objects > swap,empty,,4,60,3,0,0,0,0,0,0,0,0,72,0,0.5,,0
allies > bolt,empty,,4,60,3,0,0,0,0,0,0,0,0,82,0,0.5,,0
allies > slash,empty,,5,60,3,0,0,0,0,0,0,0,0,82,0,0.5,,0
allies > explode,empty,,5,60,3,0,0,0,0,0,0,0,0,69,0,0.5,,0
allies > frost,empty,,5,60,3,0,0,0,0,0,0,0,0,72,0,0.5,,0
allies > poison,empty,,6,60,3,0,0,0,0,0,0,0,0,69,0,0.5,,0
allies > vortex,empty,,5,60,3,0,0,0,0,0,0,0,0,69,0,0.5,,0
allies > shockwave,empty,,4,60,3,0,0,0,0,0,0,0,0,72,0,0.5,,0
allies > summon,empty,,6,60,3,0,0,0,0,0,0,0,0,62,0,0.5,,0
allies > heal,empty,,6,60,3,0,0,0,0,0,0,0,0,69,0,0.5,,0
allies > mend,empty,,6,60,3,0,0,0,0,0,0,0,0,69,0,0.5,,0
allies > shield,empty,,5,60,3,0,0,0,0,0,0,0,0,69,0,0.5,,0
allies > haste,empty,,5,60,3,0,0,0,0,0,0,0,0,78,0,0.5,,0
allies > rage,empty,,5,60,3,0,0,0,0,0,0,0,0,78,0,0.5,,0
allies > scatter,empty,,5,60,3,0,0,0,0,0,0,0,0,78,0,0.5,,0
allies > lance,empty,,5,60,3,0,0,0,0,0,0,0,0,78,0,0.5,,0
allies > focus,empty,,5,60,3,0,0,0,0,0,0,0,0,78,0,0.5,,0
allies > amplify,empty,,5,60,3,0,0,0,0,0,0,0,0,78,0,0.5,,0
allies > prolong,empty,,4,60,3,0,0,0,0,0,0,0,0,78,0,0.5,,0
allies > regen,empty,,5,60,3,0,0,0,0,0,0,0,0,78,0,0.5,,0
allies > armor,empty,,5,60,3,0,0,0,0,0,0,0,0,78,0,0.5,,0
allies > pull,empty,,4,60,3,0,0,0,0,0,0,0,0,78,0,0.5,,0
allies > orb,empty,,5,60,3,0,0,0,0,0,0,0,0,78,0,0.5,,0
allies > mine,empty,,5,60,3,0,0,0,0,0,0,0,0,78,0,0.5,,0
allies > turret,empty,,6,60,3,0,0,0,0,0,0,0,0,64,0,0.5,,0
allies > decoy,empty,,6,60,3,0,0,0,0,0,0,0,0,69,0,0.5,,0
allies > detonate,empty,,4,60,3,0,0,0,0,0,0,0,0,78,0,0.5,,0
allies > launch,empty,,4,60,3,0,0,0,0,0,0,0,0,82,0,0.5,,0
allies > boomerang,empty,,5,60,3,0,0,0,0,0,0,0,0,78,0,0.5,,0
allies > homing,empty,,5,60,3,0,0,0,0,0,0,0,0,78,0,0.5,,0
allies > laser,empty,,5,60,3,0,0,0,0,0,0,0,0,69,0,0.5,,0
allies > chain,empty,,5,60,3,0,0,0,0,0,0,0,0,69,0,0.5,,0
allies > meteor,empty,,5,60,3,0,0,0,0,0,0,0,0,69,0,0.5,,0
allies > blades,empty,,6,60,3,0,0,0,0,0,0,0,0,69,0,0.5,,0
allies > root,empty,,5,60,3,0,0,0,0,0,0,0,0,78,0,0.5,,0
allies > mark,empty,,4,60,3,0,0,0,0,0,0,0,0,90,0,0.5,,0
allies > burn,empty,,5,60,3,0,0,0,0,0,0,0,0,78,0,0.5,,0
allies > fear,empty,,5,60,3,0,0,0,0,0,0,0,0,78,0,0.5,,0
allies > execute,empty,,5,60,3,0,0,0,0,0,0,0,0,78,0,0.5,,0
allies > drain,empty,,5,60,3,0,0,0,0,0,0,0,0,78,0,0.5,,0
allies > blink,empty,,5,60,3,0,0,0,0,0,0,0,0,72,0,0.5,,0
allies > dash,empty,,5,60,3,0,0,0,0,0,0,0,0,72,0,0.5,,0
allies > archer,empty,,6,60,3,0,0,0,0,0,0,0,0,62,0,0.5,,0
allies > sacrifice,empty,,4,60,3,0,0,0,0,0,0,0,0,78,0,0.5,,0
allies > rally,empty,,5,60,3,0,0,0,0,0,0,0,0,78,0,0.5,,0
allies > ward,empty,,7,60,3,0,0,0,0,0,0,0,0,62,0,0.5,,0
allies > spread,empty,,4,60,3,0,0,0,0,0,0,0,0,78,0,0.5,,0
allies > snipe,empty,,6,60,3,0,0,0,0,0,0,0,0,69,0,0.5,,0
allies > refresh,empty,,4,60,3,0,0,0,0,0,0,0,0,82,0,0.5,,0
allies > split,empty,,4,60,3,0,0,0,0,0,0,0,0,72,0,0.5,,0
allies > absorb,empty,,4,60,3,0,0,0,0,0,0,0,0,82,0,0.5,,0
allies > swap,empty,,4,60,3,0,0,0,0,0,0,0,0,72,0,0.5,,0
zones > bolt,empty,,4,60,3,0,0,0,0,0,0,0,0,82,0,0.5,,0
zones > slash,empty,,5,60,3,0,0,0,0,0,0,0,0,82,0,0.5,,0
zones > explode,empty,,5,60,3,0,0,0,0,0,0,0,0,69,0,0.5,,0
zones > frost,empty,,5,60,3,0,0,0,0,0,0,0,0,72,0,0.5,,0
zones > poison,empty,,6,60,3,0,0,0,0,0,0,0,0,69,0,0.5,,0
zones > vortex,empty,,5,60,3,0,0,0,0,0,0,0,0,69,0,0.5,,0
zones > shockwave,empty,,4,60,3,0,0,0,0,0,0,0,0,72,0,0.5,,0
zones > summon,empty,,6,60,3,0,0,0,0,0,0,0,0,62,0,0.5,,0
zones > rage,empty,,5,60,3,0,0,0,0,0,0,0,0,78,0,0.5,,0
zones > scatter,empty,,5,60,3,0,0,0,0,0,0,0,0,78,0,0.5,,0
zones > lance,empty,,5,60,3,0,0,0,0,0,0,0,0,78,0,0.5,,0
zones > focus,empty,,5,60,3,0,0,0,0,0,0,0,0,78,0,0.5,,0
zones > amplify,empty,,5,60,3,0,0,0,0,0,0,0,0,78,0,0.5,,0
zones > prolong,empty,,4,60,3,0,0,0,0,0,0,0,0,78,0,0.5,,0
zones > pull,empty,,4,60,3,0,0,0,0,0,0,0,0,78,0,0.5,,0
zones > orb,empty,,5,60,3,0,0,0,0,0,0,0,0,78,0,0.5,,0
zones > mine,empty,,5,60,3,0,0,0,0,0,0,0,0,78,0,0.5,,0
zones > turret,empty,,6,60,3,0,0,0,0,0,0,0,0,64,0,0.5,,0
zones > decoy,empty,,6,60,3,0,0,0,0,0,0,0,0,69,0,0.5,,0
zones > detonate,empty,,4,60,3,0,0,0,0,0,0,0,0,78,0,0.5,,0
zones > launch,empty,,4,60,3,0,0,0,0,0,0,0,0,82,0,0.5,,0
zones > boomerang,empty,,5,60,3,0,0,0,0,0,0,0,0,78,0,0.5,,0
zones > homing,empty,,5,60,3,0,0,0,0,0,0,0,0,78,0,0.5,,0
zones > laser,empty,,5,60,3,0,0,0,0,0,0,0,0,69,0,0.5,,0
zones > chain,empty,,5,60,3,0,0,0,0,0,0,0,0,69,0,0.5,,0
zones > meteor,empty,,5,60,3,0,0,0,0,0,0,0,0,69,0,0.5,,0
zones > blades,empty,,6,60,3,0,0,0,0,0,0,0,0,69,0,0.5,,0
zones > root,empty,,5,60,3,0,0,0,0,0,0,0,0,78,0,0.5,,0
zones > mark,empty,,4,60,3,0,0,0,0,0,0,0,0,90,0,0.5,,0
zones > burn,empty,,5,60,3,0,0,0,0,0,0,0,0,78,0,0.5,,0
zones > fear,empty,,5,60,3,0,0,0,0,0,0,0,0,78,0,0.5,,0
zones > execute,empty,,5,60,3,0,0,0,0,0,0,0,0,78,0,0.5,,0
zones > drain,empty,,5,60,3,0,0,0,0,0,0,0,0,78,0,0.5,,0
zones > blink,empty,,5,60,3,0,0,0,0,0,0,0,0,72,0,0.5,,0
zones > dash,empty,,5,60,3,0,0,0,0,0,0,0,0,72,0,0.5,,0
zones > archer,empty,,6,60,3,0,0,0,0,0,0,0,0,62,0,0.5,,0
zones > sacrifice,empty,,4,60,3,0,0,0,0,0,0,0,0,78,0,0.5,,0
zones > rally,empty,,5,60,3,0,0,0,0,0,0,0,0,78,0,0.5,,0
zones > ward,empty,,7,60,3,0,0,0,0,0,0,0,0,62,0,0.5,,0
zones > spread,empty,,4,60,3,0,0,0,0,0,0,0,0,78,0,0.5,,0
zones > snipe,empty,,6,60,3,0,0,0,0,0,0,0,0,69,0,0.5,,0
zones > refresh,empty,,4,60,3,0,0,0,0,0,0,0,0,82,0,0.5,,0
zones > split,empty,,4,60,3,0,0,0,0,0,0,0,0,72,0,0.5,,0
zones > absorb,empty,,4,60,3,0,0,0,0,0,0,0,0,82,0,0.5,,0
zones > swap,empty,,4,60,3,0,0,0,0,0,0,0,0,72,0,0.5,,0
shots > bolt,empty,,4,60,3,0,0,0,0,0,0,0,0,82,0,0.5,,0
shots > slash,empty,,5,60,3,0,0,0,0,0,0,0,0,82,0,0.5,,0
shots > explode,empty,,5,60,3,0,0,0,0,0,0,0,0,69,0,0.5,,0
shots > frost,empty,,5,60,3,0,0,0,0,0,0,0,0,72,0,0.5,,0
shots > poison,empty,,6,60,3,0,0,0,0,0,0,0,0,69,0,0.5,,0
shots > vortex,empty,,5,60,3,0,0,0,0,0,0,0,0,69,0,0.5,,0
shots > shockwave,empty,,4,60,3,0,0,0,0,0,0,0,0,72,0,0.5,,0
shots > summon,empty,,6,60,3,0,0,0,0,0,0,0,0,62,0,0.5,,0
shots > haste,empty,,5,60,3,0,0,0,0,0,0,0,0,78,0,0.5,,0
shots > rage,empty,,5,60,3,0,0,0,0,0,0,0,0,78,0,0.5,,0
shots > scatter,empty,,5,60,3,0,0,0,0,0,0,0,0,78,0,0.5,,0
shots > lance,empty,,5,60,3,0,0,0,0,0,0,0,0,78,0,0.5,,0
shots > amplify,empty,,5,60,3,0,0,0,0,0,0,0,0,78,0,0.5,,0
shots > prolong,empty,,4,60,3,0,0,0,0,0,0,0,0,78,0,0.5,,0
shots > pull,empty,,4,60,3,0,0,0,0,0,0,0,0,78,0,0.5,,0
shots > orb,empty,,5,60,3,0,0,0,0,0,0,0,0,78,0,0.5,,0
shots > mine,empty,,5,60,3,0,0,0,0,0,0,0,0,78,0,0.5,,0
shots > turret,empty,,6,60,3,0,0,0,0,0,0,0,0,64,0,0.5,,0
shots > decoy,empty,,6,60,3,0,0,0,0,0,0,0,0,69,0,0.5,,0
shots > detonate,empty,,4,60,3,0,0,0,0,0,0,0,0,78,0,0.5,,0
shots > launch,empty,,4,60,3,0,0,0,0,0,0,0,0,82,0,0.5,,0
shots > boomerang,empty,,5,60,3,0,0,0,0,0,0,0,0,78,0,0.5,,0
shots > homing,empty,,5,60,3,0,0,0,0,0,0,0,0,78,0,0.5,,0
shots > laser,empty,,5,60,3,0,0,0,0,0,0,0,0,69,0,0.5,,0
shots > chain,empty,,5,60,3,0,0,0,0,0,0,0,0,69,0,0.5,,0
shots > meteor,empty,,5,60,3,0,0,0,0,0,0,0,0,69,0,0.5,,0
shots > blades,empty,,6,60,3,0,0,0,0,0,0,0,0,69,0,0.5,,0
shots > root,empty,,5,60,3,0,0,0,0,0,0,0,0,78,0,0.5,,0
shots > mark,empty,,4,60,3,0,0,0,0,0,0,0,0,90,0,0.5,,0
shots > burn,empty,,5,60,3,0,0,0,0,0,0,0,0,78,0,0.5,,0
shots > fear,empty,,5,60,3,0,0,0,0,0,0,0,0,78,0,0.5,,0
shots > execute,empty,,5,60,3,0,0,0,0,0,0,0,0,78,0,0.5,,0
shots > drain,empty,,5,60,3,0,0,0,0,0,0,0,0,78,0,0.5,,0
shots > blink,empty,,5,60,3,0,0,0,0,0,0,0,0,72,0,0.5,,0
shots > dash,empty,,5,60,3,0,0,0,0,0,0,0,0,72,0,0.5,,0
shots > archer,empty,,6,60,3,0,0,0,0,0,0,0,0,62,0,0.5,,0
shots > sacrifice,empty,,4,60,3,0,0,0,0,0,0,0,0,78,0,0.5,,0
shots > rally,empty,,5,60,3,0,0,0,0,0,0,0,0,78,0,0.5,,0
shots > ward,empty,,7,60,3,0,0,0,0,0,0,0,0,62,0,0.5,,0
shots > spread,empty,,4,60,3,0,0,0,0,0,0,0,0,78,0,0.5,,0
shots > snipe,empty,,6,60,3,0,0,0,0,0,0,0,0,69,0,0.5,,0
shots > refresh,empty,,4,60,3,0,0,0,0,0,0,0,0,82,0,0.5,,0
shots > split,empty,,4,60,3,0,0,0,0,0,0,0,0,72,0,0.5,,0
shots > absorb,empty,,4,60,3,0,0,0,0,0,0,0,0,82,0,0.5,,0
shots > swap,empty,,4,60,3,0,0,0,0,0,0,0,0,72,0,0.5,,0
gems > bolt,empty,,3,60,3,0,0,0,0,0,0,0,0,82,0,0.5,,0
gems > slash,empty,,4,60,3,0,0,0,0,0,0,0,0,82,0,0.5,,0
gems > explode,empty,,4,60,3,0,0,0,0,0,0,0,0,69,0,0.5,,0
gems > frost,empty,,4,60,3,0,0,0,0,0,0,0,0,72,0,0.5,,0
gems > poison,empty,,5,60,3,0,0,0,0,0,0,0,0,69,0,0.5,,0
gems > vortex,empty,,4,60,3,0,0,0,0,0,0,0,0,69,0,0.5,,0
gems > shockwave,empty,,3,60,3,0,0,0,0,0,0,0,0,72,0,0.5,,0
gems > summon,empty,,5,60,3,0,0,0,0,0,0,0,0,62,0,0.5,,0
gems > haste,empty,,4,60,3,0,0,0,0,0,0,0,0,78,0,0.5,,0
gems > scatter,empty,,4,60,3,0,0,0,0,0,0,0,0,78,0,0.5,,0
gems > lance,empty,,4,60,3,0,0,0,0,0,0,0,0,78,0,0.5,,0
gems > amplify,empty,,4,60,3,0,0,0,0,0,0,0,0,78,0,0.5,,0
gems > pull,empty,,3,60,3,0,0,0,0,0,0,0,0,78,0,0.5,,0
gems > magnet,empty,,3,60,3,0,0,0,0,0,0,0,0,82,0,0.5,,0
gems > harvest,empty,,4,60,3,0,0,0,0,0,0,0,0,78,0,0.5,,0
gems > orb,empty,,4,60,3,0,0,0,0,0,0,0,0,78,0,0.5,,0
gems > mine,empty,,4,60,3,0,0,0,0,0,0,0,0,78,0,0.5,,0
gems > turret,empty,,5,60,3,0,0,0,0,0,0,0,0,64,0,0.5,,0
gems > decoy,empty,,5,60,3,0,0,0,0,0,0,0,0,69,0,0.5,,0
gems > detonate,empty,,3,60,3,0,0,0,0,0,0,0,0,78,0,0.5,,0
gems > launch,empty,,3,60,3,0,0,0,0,0,0,0,0,82,0,0.5,,0
gems > boomerang,empty,,4,60,3,0,0,0,0,0,0,0,0,78,0,0.5,,0
gems > homing,empty,,4,60,3,0,0,0,0,0,0,0,0,78,0,0.5,,0
gems > laser,empty,,4,60,3,0,0,0,0,0,0,0,0,69,0,0.5,,0
gems > chain,empty,,4,60,3,0,0,0,0,0,0,0,0,69,0,0.5,,0
gems > meteor,empty,,4,60,3,0,0,0,0,0,0,0,0,69,0,0.5,,0
gems > blades,empty,,5,60,3,0,0,0,0,0,0,0,0,69,0,0.5,,0
gems > root,empty,,4,60,3,0,0,0,0,0,0,0,0,78,0,0.5,,0
gems > mark,empty,,3,60,3,0,0,0,0,0,0,0,0,90,0,0.5,,0
gems > burn,empty,,4,60,3,0,0,0,0,0,0,0,0,78,0,0.5,,0
gems > fear,empty,,4,60,3,0,0,0,0,0,0,0,0,78,0,0.5,,0
gems > execute,empty,,4,60,3,0,0,0,0,0,0,0,0,78,0,0.5,,0
gems > drain,empty,,4,60,3,0,0,0,0,0,0,0,0,78,0,0.5,,0
gems > blink,empty,,4,60,3,0,0,0,0,0,0,0,0,72,0,0.5,,0
gems > dash,empty,,4,60,3,0,0,0,0,0,0,0,0,72,0,0.5,,0
gems > archer,empty,,5,60,3,0,0,0,0,0,0,0,0,62,0,0.5,,0
gems > sacrifice,empty,,3,60,3,0,0,0,0,0,0,0,0,78,0,0.5,,0
gems > rally,empty,,4,60,3,0,0,0,0,0,0,0,0,78,0,0.5,,0
gems > ward,empty,,6,60,3,0,0,0,0,0,0,0,0,62,0,0.5,,0
gems > spread,empty,,3,60,3,0,0,0,0,0,0,0,0,78,0,0.5,,0
gems > snipe,empty,,5,60,3,0,0,0,0,0,0,0,0,69,0,0.5,,0
gems > split,empty,,3,60,3,0,0,0,0,0,0,0,0,72,0,0.5,,0
gems > absorb,empty,,3,60,3,0,0,0,0,0,0,0,0,82,0,0.5,,0
gems > swap,empty,,3,60,3,0,0,0,0,0,0,0,0,72,0,0.5,,0
prey > bolt,empty,,3,60,3,0,0,0,0,0,0,0,0,82,0,0.5,,0
prey > slash,empty,,4,60,3,0,0,0,0,0,0,0,0,82,0,0.5,,0
prey > explode,empty,,4,60,3,0,0,0,0,0,0,0,0,69,0,0.5,,0
prey > frost,empty,,4,60,3,0,0,0,0,0,0,0,0,72,0,0.5,,0
prey > poison,empty,,5,60,3,0,0,0,0,0,0,0,0,69,0,0.5,,0
prey > vortex,empty,,4,60,3,0,0,0,0,0,0,0,0,69,0,0.5,,0
prey > shockwave,empty,,3,60,3,0,0,0,0,0,0,0,0,72,0,0.5,,0
prey > summon,empty,,5,60,3,0,0,0,0,0,0,0,0,62,0,0.5,,0
prey > heal,empty,,5,60,3,0,0,0,0,0,0,0,0,69,0,0.5,,0
prey > mend,empty,,5,60,3,0,0,0,0,0,0,0,0,69,0,0.5,,0
prey > shield,empty,,4,60,3,0,0,0,0,0,0,0,0,69,0,0.5,,0
prey > haste,empty,,4,60,3,0,0,0,0,0,0,0,0,78,0,0.5,,0
prey > rage,empty,,4,60,3,0,0,0,0,0,0,0,0,78,0,0.5,,0
prey > scatter,empty,,4,60,3,0,0,0,0,0,0,0,0,78,0,0.5,,0
prey > lance,empty,,4,60,3,0,0,0,0,0,0,0,0,78,0,0.5,,0
prey > focus,empty,,4,60,3,0,0,0,0,0,0,0,0,78,0,0.5,,0
prey > amplify,empty,,4,60,3,0,0,0,0,0,0,0,0,78,0,0.5,,0
prey > prolong,empty,,3,60,3,0,0,0,0,0,0,0,0,78,0,0.5,,0
prey > regen,empty,,4,60,3,0,0,0,0,0,0,0,0,78,0,0.5,,0
prey > armor,empty,,4,60,3,0,0,0,0,0,0,0,0,78,0,0.5,,0
prey > pull,empty,,3,60,3,0,0,0,0,0,0,0,0,78,0,0.5,,0
prey > harvest,empty,,4,60,3,0,0,0,0,0,0,0,0,78,0,0.5,,0
prey > orb,empty,,4,60,3,0,0,0,0,0,0,0,0,78,0,0.5,,0
prey > mine,empty,,4,60,3,0,0,0,0,0,0,0,0,78,0,0.5,,0
prey > turret,empty,,5,60,3,0,0,0,0,0,0,0,0,64,0,0.5,,0
prey > decoy,empty,,5,60,3,0,0,0,0,0,0,0,0,69,0,0.5,,0
prey > detonate,empty,,3,60,3,0,0,0,0,0,0,0,0,78,0,0.5,,0
prey > launch,empty,,3,60,3,0,0,0,0,0,0,0,0,82,0,0.5,,0
prey > boomerang,empty,,4,60,3,0,0,0,0,0,0,0,0,78,0,0.5,,0
prey > homing,empty,,4,60,3,0,0,0,0,0,0,0,0,78,0,0.5,,0
prey > laser,empty,,4,60,3,0,0,0,0,0,0,0,0,69,0,0.5,,0
prey > chain,empty,,4,60,3,0,0,0,0,0,0,0,0,69,0,0.5,,0
prey > meteor,empty,,4,60,3,0,0,0,0,0,0,0,0,69,0,0.5,,0
prey > blades,empty,,5,60,3,0,0,0,0,0,0,0,0,69,0,0.5,,0
prey > root,empty,,4,60,3,0,0,0,0,0,0,0,0,78,0,0.5,,0
prey > mark,empty,,3,60,3,0,0,0,0,0,0,0,0,90,0,0.5,,0
prey > burn,empty,,4,60,3,0,0,0,0,0,0,0,0,78,0,0.5,,0
prey > fear,empty,,4,60,3,0,0,0,0,0,0,0,0,78,0,0.5,,0
prey > execute,empty,,4,60,3,0,0,0,0,0,0,0,0,78,0,0.5,,0
prey > drain,empty,,4,60,3,0,0,0,0,0,0,0,0,78,0,0.5,,0
prey > blink,empty,,4,60,3,0,0,0,0,0,0,0,0,72,0,0.5,,0
prey > dash,empty,,4,60,3,0,0,0,0,0,0,0,0,72,0,0.5,,0
prey > archer,empty,,5,60,3,0,0,0,0,0,0,0,0,62,0,0.5,,0
prey > sacrifice,empty,,3,60,3,0,0,0,0,0,0,0,0,78,0,0.5,,0
prey > rally,empty,,4,60,3,0,0,0,0,0,0,0,0,78,0,0.5,,0
prey > ward,empty,,6,60,3,0,0,0,0,0,0,0,0,62,0,0.5,,0
prey > spread,empty,,3,60,3,0,0,0,0,0,0,0,0,78,0,0.5,,0
prey > snipe,empty,,5,60,3,0,0,0,0,0,0,0,0,69,0,0.5,,0
prey > refresh,empty,,3,60,3,0,0,0,0,0,0,0,0,82,0,0.5,,0
prey > split,empty,,3,60,3,0,0,0,0,0,0,0,0,72,0,0.5,,0
prey > absorb,empty,,3,60,3,0,0,0,0,0,0,0,0,82,0,0.5,,0
prey > swap,empty,,3,60,3,0,0,0,0,0,0,0,0,72,0,0.5,,0
lastHit > bolt,empty,,2,60,3,0,0,0,0,0,0,0,0,82,0,0.5,,0
lastHit > slash,empty,,3,60,3,0,0,0,0,0,0,0,0,82,0,0.5,,0
lastHit > explode,empty,,3,60,3,0,0,0,0,0,0,0,0,69,0,0.5,,0
lastHit > frost,empty,,3,60,3,0,0,0,0,0,0,0,0,72,0,0.5,,0
lastHit > poison,empty,,4,60,3,0,0,0,0,0,0,0,0,69,0,0.5,,0
lastHit > vortex,empty,,3,60,3,0,0,0,0,0,0,0,0,69,0,0.5,,0
lastHit > shockwave,empty,,2,60,3,0,0,0,0,0,0,0,0,72,0,0.5,,0
lastHit > summon,empty,,4,60,3,0,0,0,0,0,0,0,0,62,0,0.5,,0
lastHit > heal,empty,,4,60,3,0,0,0,0,0,0,0,0,69,0,0.5,,0
lastHit > mend,empty,,4,60,3,0,0,0,0,0,0,0,0,69,0,0.5,,0
lastHit > shield,empty,,3,60,3,0,0,0,0,0,0,0,0,69,0,0.5,,0
lastHit > haste,empty,,3,60,3,0,0,0,0,0,0,0,0,78,0,0.5,,0
lastHit > rage,empty,,3,60,3,0,0,0,0,0,0,0,0,78,0,0.5,,0
lastHit > scatter,empty,,3,60,3,0,0,0,0,0,0,0,0,78,0,0.5,,0
lastHit > lance,empty,,3,60,3,0,0,0,0,0,0,0,0,78,0,0.5,,0
lastHit > focus,empty,,3,60,3,0,0,0,0,0,0,0,0,78,0,0.5,,0
lastHit > amplify,empty,,3,60,3,0,0,0,0,0,0,0,0,78,0,0.5,,0
lastHit > prolong,empty,,2,60,3,0,0,0,0,0,0,0,0,78,0,0.5,,0
lastHit > regen,empty,,3,60,3,0,0,0,0,0,0,0,0,78,0,0.5,,0
lastHit > armor,empty,,3,60,3,0,0,0,0,0,0,0,0,78,0,0.5,,0
lastHit > pull,empty,,2,60,3,0,0,0,0,0,0,0,0,78,0,0.5,,0
lastHit > harvest,empty,,3,60,3,0,0,0,0,0,0,0,0,78,0,0.5,,0
lastHit > orb,empty,,3,60,3,0,0,0,0,0,0,0,0,78,0,0.5,,0
lastHit > mine,empty,,3,60,3,0,0,0,0,0,0,0,0,78,0,0.5,,0
lastHit > turret,empty,,4,60,3,0,0,0,0,0,0,0,0,64,0,0.5,,0
lastHit > decoy,empty,,4,60,3,0,0,0,0,0,0,0,0,69,0,0.5,,0
lastHit > detonate,empty,,2,60,3,0,0,0,0,0,0,0,0,78,0,0.5,,0
lastHit > launch,empty,,2,60,3,0,0,0,0,0,0,0,0,82,0,0.5,,0
lastHit > boomerang,empty,,3,60,3,0,0,0,0,0,0,0,0,78,0,0.5,,0
lastHit > homing,empty,,3,60,3,0,0,0,0,0,0,0,0,78,0,0.5,,0
lastHit > laser,empty,,3,60,3,0,0,0,0,0,0,0,0,69,0,0.5,,0
lastHit > chain,empty,,3,60,3,0,0,0,0,0,0,0,0,69,0,0.5,,0
lastHit > meteor,empty,,3,60,3,0,0,0,0,0,0,0,0,69,0,0.5,,0
lastHit > blades,empty,,4,60,3,0,0,0,0,0,0,0,0,69,0,0.5,,0
lastHit > root,empty,,3,60,3,0,0,0,0,0,0,0,0,78,0,0.5,,0
lastHit > mark,empty,,2,60,3,0,0,0,0,0,0,0,0,90,0,0.5,,0
lastHit > burn,empty,,3,60,3,0,0,0,0,0,0,0,0,78,0,0.5,,0
lastHit > fear,empty,,3,60,3,0,0,0,0,0,0,0,0,78,0,0.5,,0
lastHit > execute,empty,,3,60,3,0,0,0,0,0,0,0,0,78,0,0.5,,0
lastHit > drain,empty,,3,60,3,0,0,0,0,0,0,0,0,78,0,0.5,,0
lastHit > blink,empty,,3,60,3,0,0,0,0,0,0,0,0,72,0,0.5,,0
lastHit > dash,empty,,3,60,3,0,0,0,0,0,0,0,0,72,0,0.5,,0
lastHit > archer,empty,,4,60,3,0,0,0,0,0,0,0,0,62,0,0.5,,0
lastHit > sacrifice,empty,,2,60,3,0,0,0,0,0,0,0,0,78,0,0.5,,0
lastHit > rally,empty,,3,60,3,0,0,0,0,0,0,0,0,78,0,0.5,,0
lastHit > ward,empty,,5,60,3,0,0,0,0,0,0,0,0,62,0,0.5,,0
lastHit > spread,empty,,2,60,3,0,0,0,0,0,0,0,0,78,0,0.5,,0
lastHit > snipe,empty,,4,60,3,0,0,0,0,0,0,0,0,69,0,0.5,,0
lastHit > refresh,empty,,2,60,3,0,0,0,0,0,0,0,0,82,0,0.5,,0
lastHit > split,empty,,2,60,3,0,0,0,0,0,0,0,0,72,0,0.5,,0
lastHit > absorb,empty,,2,60,3,0,0,0,0,0,0,0,0,82,0,0.5,,0
lastHit > swap,empty,,2,60,3,0,0,0,0,0,0,0,0,72,0,0.5,,0
all > bolt,empty,,6,60,3,0,0,0,0,0,0,0,0,26,26,2.100000000000001,,1
all > slash,empty,,7,60,3,0,0,0,0,0,0,552,0,23,23,2.450000000000001,,0
all > explode,empty,,7,60,3,0,0,0,0,0,0,572,0,22,22,2.450000000000001,,0
all > frost,empty,,7,60,3,0,0,0,0,0,0,64,0,16,16,2.45,,0
all > poison,empty,,8,60,3,0,0,0,0,0,0,366,0,18,35,3.083333333333334,,2
all > vortex,empty,,7,60,3,0,0,0,0,0,0,0,0,22,22,2.450000000000001,,1
all > shockwave,empty,,6,60,3,0,0,0,0,0,0,300,0,25,25,2.100000000000001,,0
all > summon,empty,,8,60,3,0,0,0,0,0,0,0,0,12,70,4.733333333333334,,6
all > heal,empty,,8,60,3,0,0,0,0,0,50,0,0,20,20,2.799999999999999,,0
all > mend,empty,,8,60,3,0,0,0,0,0,50,0,0,20,20,2.799999999999999,,0
all > shield,empty,,7,60,3,0,0,0,0,0,0,0,0,22,22,2.450000000000001,,0
all > haste,empty,,7,60,3,0,0,0,0,0,0,0,0,23,23,2.450000000000001,,0
all > rage,empty,,7,60,3,0,0,0,0,0,0,0,0,78,0,0.5,,0
all > scatter,empty,,7,60,3,0,0,0,0,0,0,110,0,23,23,2.450000000000001,,0
all > lance,empty,,7,60,3,0,0,0,0,0,0,368,0,23,23,2.450000000000001,,0
all > focus,empty,,7,60,3,0,0,0,0,0,0,0,0,78,0,0.5,,0
all > amplify,empty,,7,60,3,0,0,0,0,0,0,0,0,23,23,2.450000000000001,,0
all > prolong,empty,,6,60,3,0,0,0,0,0,0,0,0,78,0,0.5,,0
all > regen,empty,,7,60,3,0,0,0,0,0,50,0,0,23,23,2.450000000000001,,0
all > armor,empty,,7,60,3,0,0,0,0,0,0,0,0,23,23,2.450000000000001,,0
all > pull,empty,,6,60,3,0,0,0,0,0,0,0,0,78,0,0.5,,0
all > magnet,empty,,6,60,3,0,0,0,0,0,0,0,0,82,0,0.5,,0
all > harvest,empty,,7,60,3,0,0,0,0,0,0,0,0,78,0,0.5,,0
all > orb,empty,,7,60,3,0,0,0,0,0,0,0,0,14,143,4.292857142857144,,12
all > mine,empty,,7,60,3,0,0,0,0,0,0,0,0,14,145,4.321428571428572,,12
all > turret,empty,,8,60,3,0,0,0,0,0,0,0,0,10,93,5.705000000000001,,12
all > decoy,empty,,8,60,3,0,0,0,0,0,0,0,0,14,72,4.042857142857143,,12
all > detonate,empty,,6,60,3,0,0,0,0,0,0,0,0,78,0,0.5,,0
all > launch,empty,,6,60,3,0,0,0,0,0,0,0,0,82,0,0.5,,0
all > boomerang,empty,,7,60,3,0,0,0,0,0,0,368,0,23,23,2.450000000000001,,0
all > homing,empty,,7,60,3,0,0,0,0,0,0,110,0,23,23,2.450000000000001,,0
all > laser,empty,,7,60,3,0,0,0,0,0,0,352,0,22,22,2.450000000000001,,0
all > chain,empty,,7,60,3,0,0,0,0,0,0,0,0,22,22,2.450000000000001,,0
all > meteor,empty,,7,60,3,0,0,0,0,0,0,1056,0,22,22,2.450000000000001,,1
all > blades,empty,,8,60,3,0,0,0,0,0,0,792,0,18,35,3.083333333333334,,2
all > root,empty,,7,60,3,0,0,0,0,0,0,0,0,23,23,2.450000000000001,,0
all > mark,empty,,6,60,3,0,0,0,0,0,0,0,0,27,27,2.100000000000001,,0
all > burn,empty,,7,60,3,0,0,0,0,0,0,113,0,23,23,2.450000000000001,,0
all > fear,empty,,7,60,3,0,0,0,0,0,0,0,0,23,23,2.450000000000001,,0
all > execute,empty,,7,60,3,0,0,0,0,0,0,0,0,23,23,2.450000000000001,,0
all > drain,empty,,7,60,3,0,0,0,0,0,0,110,0,23,23,2.450000000000001,,0
all > blink,empty,,7,60,3,0,0,0,0,0,0,0,0,22,22,2.450000000000001,,0
all > dash,empty,,7,60,3,0,0,0,0,0,0,0,0,22,22,2.450000000000001,,0
all > archer,empty,,8,60,3,0,0,0,0,0,0,0,0,12,70,4.733333333333334,,6
all > sacrifice,empty,,6,60,3,0,0,0,0,0,0,0,0,78,0,0.5,,0
all > rally,empty,,7,60,3,0,0,0,0,0,0,0,0,23,23,2.450000000000001,,0
all > ward,empty,,9,60,3,0,0,0,0,0,0,0,0,17,17,3.149999999999999,,1
all > spread,empty,,6,60,3,0,0,0,0,0,0,0,0,26,26,2.100000000000001,,0
all > snipe,empty,,8,60,3,0,0,0,0,0,0,0,0,20,20,2.799999999999999,,0
all > refresh,empty,,6,60,3,0,0,0,0,0,0,0,0,82,0,0.5,,0
all > split,empty,,6,60,3,0,0,0,0,0,0,0,0,19,81,2.9157894736842116,,6
all > absorb,empty,,6,60,3,0,0,0,0,0,0,0,0,82,0,0.5,,0
all > swap,empty,,6,60,3,0,0,0,0,0,0,0,0,72,0,0.5,,0
nearestEnemy > bolt,empty,,2,60,3,0,0,0,0,0,0,0,0,82,0,0.5,,0
nearestEnemy > slash,empty,,3,60,3,0,0,0,0,0,0,0,0,82,0,0.5,,0
nearestEnemy > explode,empty,,3,60,3,0,0,0,0,0,0,0,0,69,0,0.5,,0
nearestEnemy > frost,empty,,3,60,3,0,0,0,0,0,0,0,0,72,0,0.5,,0
nearestEnemy > poison,empty,,4,60,3,0,0,0,0,0,0,0,0,69,0,0.5,,0
nearestEnemy > vortex,empty,,3,60,3,0,0,0,0,0,0,0,0,69,0,0.5,,0
nearestEnemy > shockwave,empty,,2,60,3,0,0,0,0,0,0,0,0,72,0,0.5,,0
nearestEnemy > summon,empty,,4,60,3,0,0,0,0,0,0,0,0,62,0,0.5,,0
nearestEnemy > heal,empty,,4,60,3,0,0,0,0,0,0,0,0,69,0,0.5,,0
nearestEnemy > mend,empty,,4,60,3,0,0,0,0,0,0,0,0,69,0,0.5,,0
nearestEnemy > shield,empty,,3,60,3,0,0,0,0,0,0,0,0,69,0,0.5,,0
nearestEnemy > haste,empty,,3,60,3,0,0,0,0,0,0,0,0,78,0,0.5,,0
nearestEnemy > rage,empty,,3,60,3,0,0,0,0,0,0,0,0,78,0,0.5,,0
nearestEnemy > scatter,empty,,3,60,3,0,0,0,0,0,0,0,0,78,0,0.5,,0
nearestEnemy > lance,empty,,3,60,3,0,0,0,0,0,0,0,0,78,0,0.5,,0
nearestEnemy > focus,empty,,3,60,3,0,0,0,0,0,0,0,0,78,0,0.5,,0
nearestEnemy > amplify,empty,,3,60,3,0,0,0,0,0,0,0,0,78,0,0.5,,0
nearestEnemy > prolong,empty,,2,60,3,0,0,0,0,0,0,0,0,78,0,0.5,,0
nearestEnemy > regen,empty,,3,60,3,0,0,0,0,0,0,0,0,78,0,0.5,,0
nearestEnemy > armor,empty,,3,60,3,0,0,0,0,0,0,0,0,78,0,0.5,,0
nearestEnemy > pull,empty,,2,60,3,0,0,0,0,0,0,0,0,78,0,0.5,,0
nearestEnemy > harvest,empty,,3,60,3,0,0,0,0,0,0,0,0,78,0,0.5,,0
nearestEnemy > orb,empty,,3,60,3,0,0,0,0,0,0,0,0,78,0,0.5,,0
nearestEnemy > mine,empty,,3,60,3,0,0,0,0,0,0,0,0,78,0,0.5,,0
nearestEnemy > turret,empty,,4,60,3,0,0,0,0,0,0,0,0,64,0,0.5,,0
nearestEnemy > decoy,empty,,4,60,3,0,0,0,0,0,0,0,0,69,0,0.5,,0
nearestEnemy > detonate,empty,,2,60,3,0,0,0,0,0,0,0,0,78,0,0.5,,0
nearestEnemy > launch,empty,,2,60,3,0,0,0,0,0,0,0,0,82,0,0.5,,0
nearestEnemy > boomerang,empty,,3,60,3,0,0,0,0,0,0,0,0,78,0,0.5,,0
nearestEnemy > homing,empty,,3,60,3,0,0,0,0,0,0,0,0,78,0,0.5,,0
nearestEnemy > laser,empty,,3,60,3,0,0,0,0,0,0,0,0,69,0,0.5,,0
nearestEnemy > chain,empty,,3,60,3,0,0,0,0,0,0,0,0,69,0,0.5,,0
nearestEnemy > meteor,empty,,3,60,3,0,0,0,0,0,0,0,0,69,0,0.5,,0
nearestEnemy > blades,empty,,4,60,3,0,0,0,0,0,0,0,0,69,0,0.5,,0
nearestEnemy > root,empty,,3,60,3,0,0,0,0,0,0,0,0,78,0,0.5,,0
nearestEnemy > mark,empty,,2,60,3,0,0,0,0,0,0,0,0,90,0,0.5,,0
nearestEnemy > burn,empty,,3,60,3,0,0,0,0,0,0,0,0,78,0,0.5,,0
nearestEnemy > fear,empty,,3,60,3,0,0,0,0,0,0,0,0,78,0,0.5,,0
nearestEnemy > execute,empty,,3,60,3,0,0,0,0,0,0,0,0,78,0,0.5,,0
nearestEnemy > drain,empty,,3,60,3,0,0,0,0,0,0,0,0,78,0,0.5,,0
nearestEnemy > blink,empty,,3,60,3,0,0,0,0,0,0,0,0,72,0,0.5,,0
nearestEnemy > dash,empty,,3,60,3,0,0,0,0,0,0,0,0,72,0,0.5,,0
nearestEnemy > archer,empty,,4,60,3,0,0,0,0,0,0,0,0,62,0,0.5,,0
nearestEnemy > sacrifice,empty,,2,60,3,0,0,0,0,0,0,0,0,78,0,0.5,,0
nearestEnemy > rally,empty,,3,60,3,0,0,0,0,0,0,0,0,78,0,0.5,,0
nearestEnemy > ward,empty,,5,60,3,0,0,0,0,0,0,0,0,62,0,0.5,,0
nearestEnemy > spread,empty,,2,60,3,0,0,0,0,0,0,0,0,78,0,0.5,,0
nearestEnemy > snipe,empty,,4,60,3,0,0,0,0,0,0,0,0,69,0,0.5,,0
nearestEnemy > refresh,empty,,2,60,3,0,0,0,0,0,0,0,0,82,0,0.5,,0
nearestEnemy > split,empty,,2,60,3,0,0,0,0,0,0,0,0,72,0,0.5,,0
nearestEnemy > absorb,empty,,2,60,3,0,0,0,0,0,0,0,0,82,0,0.5,,0
nearestEnemy > swap,empty,,2,60,3,0,0,0,0,0,0,0,0,72,0,0.5,,0
woundedEnemies > bolt,empty,,4,60,3,0,0,0,0,0,0,0,0,82,0,0.5,,0
woundedEnemies > slash,empty,,5,60,3,0,0,0,0,0,0,0,0,82,0,0.5,,0
woundedEnemies > explode,empty,,5,60,3,0,0,0,0,0,0,0,0,69,0,0.5,,0
woundedEnemies > frost,empty,,5,60,3,0,0,0,0,0,0,0,0,72,0,0.5,,0
woundedEnemies > poison,empty,,6,60,3,0,0,0,0,0,0,0,0,69,0,0.5,,0
woundedEnemies > vortex,empty,,5,60,3,0,0,0,0,0,0,0,0,69,0,0.5,,0
woundedEnemies > shockwave,empty,,4,60,3,0,0,0,0,0,0,0,0,72,0,0.5,,0
woundedEnemies > summon,empty,,6,60,3,0,0,0,0,0,0,0,0,62,0,0.5,,0
woundedEnemies > heal,empty,,6,60,3,0,0,0,0,0,0,0,0,69,0,0.5,,0
woundedEnemies > mend,empty,,6,60,3,0,0,0,0,0,0,0,0,69,0,0.5,,0
woundedEnemies > shield,empty,,5,60,3,0,0,0,0,0,0,0,0,69,0,0.5,,0
woundedEnemies > haste,empty,,5,60,3,0,0,0,0,0,0,0,0,78,0,0.5,,0
woundedEnemies > rage,empty,,5,60,3,0,0,0,0,0,0,0,0,78,0,0.5,,0
woundedEnemies > scatter,empty,,5,60,3,0,0,0,0,0,0,0,0,78,0,0.5,,0
woundedEnemies > lance,empty,,5,60,3,0,0,0,0,0,0,0,0,78,0,0.5,,0
woundedEnemies > focus,empty,,5,60,3,0,0,0,0,0,0,0,0,78,0,0.5,,0
woundedEnemies > amplify,empty,,5,60,3,0,0,0,0,0,0,0,0,78,0,0.5,,0
woundedEnemies > prolong,empty,,4,60,3,0,0,0,0,0,0,0,0,78,0,0.5,,0
woundedEnemies > regen,empty,,5,60,3,0,0,0,0,0,0,0,0,78,0,0.5,,0
woundedEnemies > armor,empty,,5,60,3,0,0,0,0,0,0,0,0,78,0,0.5,,0
woundedEnemies > pull,empty,,4,60,3,0,0,0,0,0,0,0,0,78,0,0.5,,0
woundedEnemies > harvest,empty,,5,60,3,0,0,0,0,0,0,0,0,78,0,0.5,,0
woundedEnemies > orb,empty,,5,60,3,0,0,0,0,0,0,0,0,78,0,0.5,,0
woundedEnemies > mine,empty,,5,60,3,0,0,0,0,0,0,0,0,78,0,0.5,,0
woundedEnemies > turret,empty,,6,60,3,0,0,0,0,0,0,0,0,64,0,0.5,,0
woundedEnemies > decoy,empty,,6,60,3,0,0,0,0,0,0,0,0,69,0,0.5,,0
woundedEnemies > detonate,empty,,4,60,3,0,0,0,0,0,0,0,0,78,0,0.5,,0
woundedEnemies > launch,empty,,4,60,3,0,0,0,0,0,0,0,0,82,0,0.5,,0
woundedEnemies > boomerang,empty,,5,60,3,0,0,0,0,0,0,0,0,78,0,0.5,,0
woundedEnemies > homing,empty,,5,60,3,0,0,0,0,0,0,0,0,78,0,0.5,,0
woundedEnemies > laser,empty,,5,60,3,0,0,0,0,0,0,0,0,69,0,0.5,,0
woundedEnemies > chain,empty,,5,60,3,0,0,0,0,0,0,0,0,69,0,0.5,,0
woundedEnemies > meteor,empty,,5,60,3,0,0,0,0,0,0,0,0,69,0,0.5,,0
woundedEnemies > blades,empty,,6,60,3,0,0,0,0,0,0,0,0,69,0,0.5,,0
woundedEnemies > root,empty,,5,60,3,0,0,0,0,0,0,0,0,78,0,0.5,,0
woundedEnemies > mark,empty,,4,60,3,0,0,0,0,0,0,0,0,90,0,0.5,,0
woundedEnemies > burn,empty,,5,60,3,0,0,0,0,0,0,0,0,78,0,0.5,,0
woundedEnemies > fear,empty,,5,60,3,0,0,0,0,0,0,0,0,78,0,0.5,,0
woundedEnemies > execute,empty,,5,60,3,0,0,0,0,0,0,0,0,78,0,0.5,,0
woundedEnemies > drain,empty,,5,60,3,0,0,0,0,0,0,0,0,78,0,0.5,,0
woundedEnemies > blink,empty,,5,60,3,0,0,0,0,0,0,0,0,72,0,0.5,,0
woundedEnemies > dash,empty,,5,60,3,0,0,0,0,0,0,0,0,72,0,0.5,,0
woundedEnemies > archer,empty,,6,60,3,0,0,0,0,0,0,0,0,62,0,0.5,,0
woundedEnemies > sacrifice,empty,,4,60,3,0,0,0,0,0,0,0,0,78,0,0.5,,0
woundedEnemies > rally,empty,,5,60,3,0,0,0,0,0,0,0,0,78,0,0.5,,0
woundedEnemies > ward,empty,,7,60,3,0,0,0,0,0,0,0,0,62,0,0.5,,0
woundedEnemies > spread,empty,,4,60,3,0,0,0,0,0,0,0,0,78,0,0.5,,0
woundedEnemies > snipe,empty,,6,60,3,0,0,0,0,0,0,0,0,69,0,0.5,,0
woundedEnemies > refresh,empty,,4,60,3,0,0,0,0,0,0,0,0,82,0,0.5,,0
woundedEnemies > split,empty,,4,60,3,0,0,0,0,0,0,0,0,72,0,0.5,,0
woundedEnemies > absorb,empty,,4,60,3,0,0,0,0,0,0,0,0,82,0,0.5,,0
woundedEnemies > swap,empty,,4,60,3,0,0,0,0,0,0,0,0,72,0,0.5,,0
pickups > bolt,empty,,3,60,3,0,0,0,0,0,0,0,0,82,0,0.5,,0
pickups > slash,empty,,4,60,3,0,0,0,0,0,0,0,0,82,0,0.5,,0
pickups > explode,empty,,4,60,3,0,0,0,0,0,0,0,0,69,0,0.5,,0
pickups > frost,empty,,4,60,3,0,0,0,0,0,0,0,0,72,0,0.5,,0
pickups > poison,empty,,5,60,3,0,0,0,0,0,0,0,0,69,0,0.5,,0
pickups > vortex,empty,,4,60,3,0,0,0,0,0,0,0,0,69,0,0.5,,0
pickups > shockwave,empty,,3,60,3,0,0,0,0,0,0,0,0,72,0,0.5,,0
pickups > summon,empty,,5,60,3,0,0,0,0,0,0,0,0,62,0,0.5,,0
pickups > haste,empty,,4,60,3,0,0,0,0,0,0,0,0,78,0,0.5,,0
pickups > scatter,empty,,4,60,3,0,0,0,0,0,0,0,0,78,0,0.5,,0
pickups > lance,empty,,4,60,3,0,0,0,0,0,0,0,0,78,0,0.5,,0
pickups > amplify,empty,,4,60,3,0,0,0,0,0,0,0,0,78,0,0.5,,0
pickups > pull,empty,,3,60,3,0,0,0,0,0,0,0,0,78,0,0.5,,0
pickups > magnet,empty,,3,60,3,0,0,0,0,0,0,0,0,82,0,0.5,,0
pickups > orb,empty,,4,60,3,0,0,0,0,0,0,0,0,78,0,0.5,,0
pickups > mine,empty,,4,60,3,0,0,0,0,0,0,0,0,78,0,0.5,,0
pickups > turret,empty,,5,60,3,0,0,0,0,0,0,0,0,64,0,0.5,,0
pickups > decoy,empty,,5,60,3,0,0,0,0,0,0,0,0,69,0,0.5,,0
pickups > detonate,empty,,3,60,3,0,0,0,0,0,0,0,0,78,0,0.5,,0
pickups > launch,empty,,3,60,3,0,0,0,0,0,0,0,0,82,0,0.5,,0
pickups > boomerang,empty,,4,60,3,0,0,0,0,0,0,0,0,78,0,0.5,,0
pickups > homing,empty,,4,60,3,0,0,0,0,0,0,0,0,78,0,0.5,,0
pickups > laser,empty,,4,60,3,0,0,0,0,0,0,0,0,69,0,0.5,,0
pickups > chain,empty,,4,60,3,0,0,0,0,0,0,0,0,69,0,0.5,,0
pickups > meteor,empty,,4,60,3,0,0,0,0,0,0,0,0,69,0,0.5,,0
pickups > blades,empty,,5,60,3,0,0,0,0,0,0,0,0,69,0,0.5,,0
pickups > root,empty,,4,60,3,0,0,0,0,0,0,0,0,78,0,0.5,,0
pickups > mark,empty,,3,60,3,0,0,0,0,0,0,0,0,90,0,0.5,,0
pickups > burn,empty,,4,60,3,0,0,0,0,0,0,0,0,78,0,0.5,,0
pickups > fear,empty,,4,60,3,0,0,0,0,0,0,0,0,78,0,0.5,,0
pickups > execute,empty,,4,60,3,0,0,0,0,0,0,0,0,78,0,0.5,,0
pickups > drain,empty,,4,60,3,0,0,0,0,0,0,0,0,78,0,0.5,,0
pickups > blink,empty,,4,60,3,0,0,0,0,0,0,0,0,72,0,0.5,,0
pickups > dash,empty,,4,60,3,0,0,0,0,0,0,0,0,72,0,0.5,,0
pickups > archer,empty,,5,60,3,0,0,0,0,0,0,0,0,62,0,0.5,,0
pickups > sacrifice,empty,,3,60,3,0,0,0,0,0,0,0,0,78,0,0.5,,0
pickups > rally,empty,,4,60,3,0,0,0,0,0,0,0,0,78,0,0.5,,0
pickups > ward,empty,,6,60,3,0,0,0,0,0,0,0,0,62,0,0.5,,0
pickups > spread,empty,,3,60,3,0,0,0,0,0,0,0,0,78,0,0.5,,0
pickups > snipe,empty,,5,60,3,0,0,0,0,0,0,0,0,69,0,0.5,,0
pickups > split,empty,,3,60,3,0,0,0,0,0,0,0,0,72,0,0.5,,0
pickups > absorb,empty,,3,60,3,0,0,0,0,0,0,0,0,82,0,0.5,,0
pickups > swap,empty,,3,60,3,0,0,0,0,0,0,0,0,72,0,0.5,,0
enemies > bolt,single,,7,60,30,8.833333333333336,8.833333333333334,8.833333333333334,7,0,0,0,0,23,23,2.4500000000000024,0.36777777777777776,8.033333333333333
enemies > slash,single,,8,60,30,7.800000000000003,7.8,7.8,6,0,0,0,0,20,20,2.7999999999999976,0.06666666666666667,6.1
enemies > explode,single,,8,60,30,7.866666666666669,7.866666666666666,7.866666666666666,6,0,0,0,0,20,20,2.7999999999999976,0.06666666666666667,6.1
enemies > frost,single,,8,60,30,1.2999999999999998,1.3,1.3,1,0.32722222222222436,0,0,0,20,20,2.7999999999999976,0.06666666666666667,1.0333333333333334
enemies > poison,single,,9,60,30,10.233333333333329,10.233333333333333,10.233333333333333,8,0,0,0,0,18,18,3.150000000000001,0.06666666666666667,10.1
enemies > vortex,single,,8,60,30,0,0,0,0,0,0,0,0,20,20,2.7999999999999976,,1
enemies > shockwave,single,,7,60,30,4.299999999999998,4.3,4.3,3,0,0,0,0,22,22,2.4500000000000024,0.06666666666666667,3.066666666666667
enemies > summon,single,,9,60,30,45.33333333333333,45.333333333333336,45.333333333333336,38,0,0,0,0,21,16,2.5190476190476176,0.26666666666666666,41.666666666666664
enemies > heal,single,,9,60,30,0,0,0,0,0,0,0,0,18,18,3.150000000000001,,0
enemies > mend,single,,9,60,30,0,0,0,0,0,0,0,0,18,18,3.150000000000001,,0
enemies > shield,single,,8,60,30,0,0,0,0,0,0,0,0,20,20,2.7999999999999976,,0
enemies > haste,single,,8,60,30,0,0,0,0,0,0,0,0,20,20,2.7999999999999976,,0
enemies > rage,single,,8,60,30,0,0,0,0,0,0,0,0,20,20,2.7999999999999976,,0
enemies > scatter,single,,8,60,30,11.666666666666668,11.666666666666666,11.666666666666666,10,0,0,0,0,20,20,2.7999999999999976,0.06666666666666667,10.166666666666666
enemies > lance,single,,8,60,30,4.666666666666668,4.666666666666667,4.666666666666667,4,0,0,0,0,20,20,2.7999999999999976,0.06666666666666667,4.033333333333333
enemies > focus,single,,8,60,30,0,0,0,0,0,0,0,0,20,20,2.7999999999999976,,0
enemies > amplify,single,,8,60,30,0,0,0,0,0,0,0,0,20,20,2.7999999999999976,,0
enemies > prolong,single,,7,60,30,0,0,0,0,0,0,0,0,78,0,0.5,,0
enemies > regen,single,,8,60,30,0,0,0,0,0,0,0,0,20,20,2.7999999999999976,,0
enemies > armor,single,,8,60,30,0,0,0,0,0,0,0,0,20,20,2.7999999999999976,,0
enemies > pull,single,,7,60,30,0,0,0,0,0,0,0,0,23,23,2.4500000000000024,,0
gems > magnet,single,,3,60,30,0,0,0,0,0,0,0,2,81,1,0.5067901234567901,,1
enemies > harvest,single,,8,60,30,0,0,0,0,0,0,0,0,20,20,2.7999999999999976,,0
enemies > orb,single,,8,60,30,32.86666666666667,32.86666666666667,32.86666666666667,28,0,0,0,0,20,20,2.7999999999999976,0.26666666666666666,31.733333333333334
enemies > mine,single,,8,60,30,11.666666666666668,11.666666666666666,11.666666666666666,10,0,0,0,0,20,20,2.7999999999999976,0.5666666666666665,10.166666666666666
enemies > turret,single,,9,60,30,42.75,42.75,42.75,36,0,0,0,0,17,17,3.150000000000001,0.26666666666666666,40.5
enemies > decoy,single,,9,60,30,0,0,0,0,0,0,0,0,18,18,3.150000000000001,,2
enemies > detonate,single,,7,60,30,26.83333333333334,26.833333333333332,26.833333333333332,23,0,0,0,0,23,23,2.4500000000000024,0.06666666666666667,23.366666666666667
enemies > launch,single,,7,60,30,26.83333333333334,26.833333333333332,26.833333333333332,23,0,0,0,0,23,23,2.4500000000000024,0.06666666666666667,24.433333333333334
enemies > boomerang,single,,8,60,30,4.666666666666668,4.666666666666667,4.666666666666667,4,0,0,0,0,20,20,2.7999999999999976,0.06666666666666667,4.033333333333333
enemies > homing,single,,8,60,30,11.666666666666668,11.666666666666666,11.666666666666666,10,0,0,0,0,20,20,2.7999999999999976,0.06666666666666667,10.166666666666666
enemies > laser,single,,8,60,30,4.666666666666668,4.666666666666667,4.666666666666667,4,0,0,0,0,20,20,2.7999999999999976,0.06666666666666667,4.033333333333333
enemies > chain,single,,8,60,30,3.9000000000000017,3.9,3.9,3,0,0,0,0,20,20,2.7999999999999976,0.06666666666666667,3.066666666666667
enemies > meteor,single,,8,60,30,11.300000000000006,11.3,11.3,9,0,0,0,0,20,20,2.7999999999999976,0.8666666666666669,10.066666666666666
enemies > blades,single,,9,60,30,20.233333333333345,20.233333333333334,20.233333333333334,17,0,0,0,0,18,18,3.150000000000001,0.06666666666666667,18.333333333333332
enemies > root,single,,8,60,30,0,0,0,0,0.6000000000000086,0,0,0,20,20,2.7999999999999976,,0
enemies > mark,single,,7,60,30,0,0,0,0,0,0,0,0,24,24,2.4500000000000024,,0
enemies > burn,single,,8,60,30,23.31666666666668,23.316666666666666,23.316666666666666,19,0,0,0,0,20,20,2.7999999999999976,0.10000000000000005,19.466666666666665
enemies > fear,single,,8,60,30,0,0,0,0,0.06666666666666664,0,0,0,73,2,0.5630136986301367,,0
enemies > execute,single,,8,60,30,11.666666666666668,11.666666666666666,11.666666666666666,10,0,0,0,0,20,20,2.7999999999999976,0.06666666666666667,10.066666666666666
enemies > drain,single,,8,60,30,11.666666666666668,11.666666666666666,11.666666666666666,10,0,50,0,0,20,20,2.7999999999999976,0.06666666666666667,10.166666666666666
enemies > blink,single,,8,60,30,0,0,0,0,0,0,0,0,64,3,0.6078125,,0
enemies > dash,single,,8,60,30,0,0,0,0,0,0,0,0,64,3,0.6078125,,0
enemies > archer,single,,9,60,30,40.666666666666664,40.666666666666664,40.666666666666664,34,0,0,0,0,19,17,2.8710526315789475,0.26666666666666666,37.4
enemies > sacrifice,single,,7,60,30,26.83333333333334,26.833333333333332,26.833333333333332,23,0,0,0,0,23,23,2.4500000000000024,0.06666666666666667,23.366666666666667
enemies > rally,single,,8,60,30,0,0,0,0,0,0,0,0,20,20,2.7999999999999976,,0
enemies > ward,single,,10,60,30,0,0,0,0,0,0,0,0,59,1,0.550847457627119,,1
enemies > spread,single,,7,60,30,0,0,0,0,0,0,0,0,23,23,2.4500000000000024,,0
enemies > snipe,single,,9,60,30,21,21,21,18,0,0,0,0,18,18,3.150000000000001,0.06666666666666667,18.2
enemies > refresh,single,,7,60,30,0,0,0,0,0,0,0,0,82,0,0.5,,0
enemies > split,single,,7,60,30,0,0,0,0,0,0,0,0,8,255,10.168749999999994,,0
enemies > absorb,single,,7,60,30,26.83333333333334,26.833333333333332,26.833333333333332,23,0,50,0,0,23,23,2.4500000000000024,0.06666666666666667,23.366666666666667
enemies > swap,single,,7,60,30,0,0,0,0,0,0,0,0,22,22,2.4500000000000024,,0
enemies > bolt,dense8,,7,60,30,74.69444444444444,71.66666666666667,75,62.43333333333333,0,0,0,0,17,136,3.5,0.3355555555555556,71.46666666666667
enemies > slash,dense8,,8,60,30,46.66666666666667,46.666666666666664,46.666666666666664,40,0,0,0,0,15,120,3.8499999999999983,0.06666666666666667,40.6
enemies > explode,dense8,,8,60,30,37.33333333333334,37.333333333333336,37.333333333333336,32,0,0,0,0,12,96,4.900000000000003,0.06666666666666667,32.5
enemies > frost,dense8,,8,60,30,6.933333333333336,6.933333333333334,6.933333333333334,0,0.22388888888888145,0,0,0,13,104,4.549999999999998,0.06666666666666667,0
enemies > poison,dense8,,9,60,30,53.06666666666667,53.06666666666667,53.06666666666667,40,0,0,0,0,11,88,5.25,0.06666666666666667,48.666666666666664
enemies > vortex,dense8,,8,60,30,0,0,0,0,0,0,0,0,12,96,4.900000000000003,,8
enemies > shockwave,dense8,,7,60,30,21.86666666666667,21.866666666666667,21.866666666666667,16,0,0,0,0,14,112,4.200000000000002,0.06666666666666667,16.3
enemies > summon,dense8,,9,60,30,109.7655555555556,109.73333333333333,109.83333333333333,91.03333333333333,0,0,0,0,10,80,5.949999999999998,0.26666666666666666,98.4
enemies > heal,dense8,,9,60,30,0,0,0,0,0,0,0,0,11,88,5.25,,0
enemies > mend,dense8,,9,60,30,0,0,0,0,0,0,0,0,11,88,5.25,,0
enemies > shield,dense8,,8,60,30,0,0,0,0,0,0,0,0,12,96,4.900000000000003,,0
enemies > haste,dense8,,8,60,30,0,0,0,0,0,0,0,0,14,112,4.200000000000002,,0
enemies > rage,dense8,,8,60,30,0,0,0,0,0,0,0,0,14,112,4.200000000000002,,0
enemies > scatter,dense8,,8,60,30,65.3333333333333,65.33333333333333,65.33333333333333,56,0,0,0,0,14,112,4.200000000000002,0.06666666666666667,56.93333333333333
enemies > lance,dense8,,8,60,30,27.20000000000001,27.2,27.2,16,0,0,0,0,14,112,4.200000000000002,0.06666666666666667,16.333333333333332
enemies > focus,dense8,,8,60,30,0,0,0,0,0,0,0,0,14,112,4.200000000000002,,0
enemies > amplify,dense8,,8,60,30,0,0,0,0,0,0,0,0,14,112,4.200000000000002,,0
enemies > prolong,dense8,,7,60,30,0,0,0,0,0,0,0,0,78,0,0.5,,0
enemies > regen,dense8,,8,60,30,0,0,0,0,0,0,0,0,14,112,4.200000000000002,,0
enemies > armor,dense8,,8,60,30,0,0,0,0,0,0,0,0,14,112,4.200000000000002,,0
enemies > pull,dense8,,7,60,30,0,0,0,0,0,0,0,0,15,120,3.8499999999999983,,0
gems > magnet,dense8,,3,60,30,0,0,0,0,0,0,0,12,80,6,0.5162499999999998,,6
enemies > harvest,dense8,,8,60,30,0,0,0,0,0,0,0,0,14,112,4.200000000000002,,0
enemies > orb,dense8,,8,60,30,647.3877777777778,482,1008.7666666666667,550.7666666666667,0,0,0,0,14,112,4.200000000000002,0.26666666666666666,366.3666666666667
enemies > mine,dense8,,8,60,30,522.6666666666664,522.6666666666666,522.6666666666666,448,0,0,0,0,14,112,4.200000000000002,0.5666666666666665,359.9
enemies > turret,dense8,,9,60,30,137.9844444444444,128.63333333333333,140.06666666666666,116.86666666666666,0,0,0,0,10,80,5.599999999999997,0.26666666666666666,131.3
enemies > decoy,dense8,,9,60,30,0,0,0,0,0,0,0,0,11,88,5.25,,12
enemies > detonate,dense8,,7,60,30,140,140,140,120,0,0,0,0,15,120,3.8499999999999983,0.06666666666666667,122.1
enemies > launch,dense8,,7,60,30,250.09444444444452,189.83333333333334,309.1666666666667,210.06666666666666,0,0,0,0,17,136,3.5,0.06666666666666667,220.93333333333334
enemies > boomerang,dense8,,8,60,30,27.20000000000001,27.2,27.2,16,0,0,0,0,14,112,4.200000000000002,0.06666666666666667,16.333333333333332
enemies > homing,dense8,,8,60,30,65.3333333333333,65.33333333333333,65.33333333333333,56,0,0,0,0,14,112,4.200000000000002,0.06666666666666667,56.93333333333333
enemies > laser,dense8,,8,60,30,22.933333333333323,22.933333333333334,22.933333333333334,16,0,0,0,0,12,96,4.900000000000003,0.06666666666666667,16.333333333333332
enemies > chain,dense8,,8,60,30,112,112,112,96,0,0,0,0,12,96,4.900000000000003,0.06666666666666667,97.46666666666667
enemies > meteor,dense8,,8,60,30,56,56,56,48,0,0,0,0,12,96,4.900000000000003,0.8666666666666669,48.86666666666667
enemies > blades,dense8,,9,60,30,102.66666666666664,102.66666666666667,102.66666666666667,88,0,0,0,0,11,88,5.25,0.06666666666666667,97.5
enemies > root,dense8,,8,60,30,0,0,0,0,0.4199999999999816,0,0,0,14,112,4.200000000000002,,0
enemies > mark,dense8,,7,60,30,0,0,0,0,0,0,0,0,19,152,3.150000000000001,,0
enemies > burn,dense8,,8,60,30,128.80000000000007,128.8,128.8,104,0,0,0,0,14,112,4.200000000000002,0.10000000000000005,105.53333333333333
enemies > fear,dense8,,8,60,30,0,0,0,0,0.06666666666666822,0,0,0,69,16,0.607246376811594,,0
enemies > execute,dense8,,8,60,30,65.3333333333333,65.33333333333333,65.33333333333333,56,0,0,0,0,14,112,4.200000000000002,0.06666666666666667,57.1
enemies > drain,dense8,,8,60,30,65.3333333333333,65.33333333333333,65.33333333333333,56,0,50,0,0,14,112,4.200000000000002,0.06666666666666667,56.93333333333333
enemies > blink,dense8,,8,60,30,0,0,0,0,0,0,0,0,58,24,0.7094827586206898,,0
enemies > dash,dense8,,8,60,30,0,0,0,0,0,0,0,0,58,24,0.7094827586206898,,0
enemies > archer,dense8,,9,60,30,93.90000000000002,93.16666666666667,94,77.8,0,0,0,0,10,80,5.949999999999998,0.26666666666666666,84.9
enemies > sacrifice,dense8,,7,60,30,140,140,140,120,0,0,0,0,15,120,3.8499999999999983,0.06666666666666667,122.1
enemies > rally,dense8,,8,60,30,0,0,0,0,0,0,0,0,14,112,4.200000000000002,,0
enemies > ward,dense8,,10,60,30,0,0,0,0,0,0,0,0,56,8,0.6035714285714281,,8
enemies > spread,dense8,,7,60,30,0,0,0,0,0,0,0,0,15,120,3.8499999999999983,,0
enemies > snipe,dense8,,9,60,30,102.66666666666664,102.66666666666667,102.66666666666667,88,0,0,0,0,11,88,5.25,0.06666666666666667,89.6
enemies > refresh,dense8,,7,60,30,0,0,0,0,0,0,0,0,82,0,0.5,,0
enemies > split,dense8,,7,60,30,0,0,0,0,0,0,0,0,5,248,14.600000000000007,,0
enemies > absorb,dense8,,7,60,30,158.66666666666666,158.66666666666666,158.66666666666666,136,0,50,0,0,17,136,3.5,0.06666666666666667,138.46666666666667
enemies > swap,dense8,,7,60,30,0,0,0,0,0,0,0,0,14,112,4.200000000000002,,0
enemies > bolt,boss,,7,60,30,6.133333333333334,6.133333333333334,6.133333333333334,0,0,0,0,0,23,23,2.4500000000000024,0.31888888888888883,1
enemies > slash,boss,,8,60,30,6.666666666666665,6.666666666666667,6.666666666666667,0,0,0,0,0,20,20,2.7999999999999976,0.06666666666666667,0
enemies > explode,boss,,8,60,30,7.333333333333337,7.333333333333333,7.333333333333333,0,0,0,0,0,20,20,2.7999999999999976,0.06666666666666667,0
enemies > frost,boss,,8,60,30,1.3333333333333333,1.3333333333333333,1.3333333333333333,0,0.14444444444444401,0,0,0,20,20,2.7999999999999976,0.06666666666666667,0
enemies > poison,boss,,9,60,30,4.566666666666664,4.566666666666666,4.566666666666666,0,0,0,0,0,18,18,3.150000000000001,0.06666666666666667,2
enemies > vortex,boss,,8,60,30,0,0,0,0,0,0,0,0,20,20,2.7999999999999976,,1
enemies > shockwave,boss,,7,60,30,2.933333333333333,2.933333333333333,2.933333333333333,0,0,0,0,0,22,22,2.4500000000000024,0.06666666666666667,0
enemies > summon,boss,,9,60,30,33.73333333333334,33.733333333333334,33.733333333333334,0,0,0,0,0,17,17,3.150000000000001,0.26666666666666666,3
enemies > heal,boss,,9,60,30,0,0,0,0,0,0,0,0,18,18,3.150000000000001,,0
enemies > mend,boss,,9,60,30,0,0,0,0,0,0,0,0,18,18,3.150000000000001,,0
enemies > shield,boss,,8,60,30,0,0,0,0,0,0,0,0,20,20,2.7999999999999976,,0
enemies > haste,boss,,8,60,30,0,0,0,0,0,0,0,0,20,20,2.7999999999999976,,0
enemies > rage,boss,,8,60,30,0,0,0,0,0,0,0,0,20,20,2.7999999999999976,,0
enemies > scatter,boss,,8,60,30,18.66666666666667,18.666666666666668,18.666666666666668,0,0,0,0,0,20,20,2.7999999999999976,0.06666666666666667,0
enemies > lance,boss,,8,60,30,4,4,4,0,0,0,0,0,20,20,2.7999999999999976,0.06666666666666667,0
enemies > focus,boss,,8,60,30,0,0,0,0,0,0,0,0,20,20,2.7999999999999976,,0
enemies > amplify,boss,,8,60,30,0,0,0,0,0,0,0,0,20,20,2.7999999999999976,,0
enemies > prolong,boss,,7,60,30,0,0,0,0,0,0,0,0,78,0,0.5,,0
enemies > regen,boss,,8,60,30,0,0,0,0,0,0,0,0,20,20,2.7999999999999976,,0
enemies > armor,boss,,8,60,30,0,0,0,0,0,0,0,0,20,20,2.7999999999999976,,0
enemies > pull,boss,,7,60,30,0,0,0,0,0,0,0,0,23,23,2.4500000000000024,,0
gems > magnet,boss,,3,60,30,0,0,0,0,0,0,0,2,81,1,0.5067901234567901,,1
enemies > harvest,boss,,8,60,30,0,0,0,0,0,0,0,0,20,20,2.7999999999999976,,0
enemies > orb,boss,,8,60,30,11.366666666666672,11.366666666666667,11.366666666666667,0,0,0,0,0,20,20,2.7999999999999976,0.26666666666666666,3
enemies > mine,boss,,8,60,30,12,12,12,0,0,0,0,0,20,20,2.7999999999999976,0.5666666666666665,1
enemies > turret,boss,,9,60,30,24.41666666666666,24.416666666666668,24.416666666666668,0,0,0,0,0,17,17,3.150000000000001,0.26666666666666666,4
enemies > decoy,boss,,9,60,30,0,0,0,0,0,0,0,0,18,18,3.150000000000001,,2
enemies > detonate,boss,,7,60,30,1380,1380,1380,23,0,0,0,0,23,23,2.4500000000000024,0.06666666666666667,23
enemies > launch,boss,,7,60,30,1380.433333333334,1380.4333333333334,1380.4333333333334,23,0,0,0,0,23,23,2.4500000000000024,0.06666666666666667,24
enemies > boomerang,boss,,8,60,30,4,4,4,0,0,0,0,0,20,20,2.7999999999999976,0.06666666666666667,0
enemies > homing,boss,,8,60,30,18.66666666666667,18.666666666666668,18.666666666666668,0,0,0,0,0,20,20,2.7999999999999976,0.06666666666666667,0
enemies > laser,boss,,8,60,30,4,4,4,0,0,0,0,0,20,20,2.7999999999999976,0.06666666666666667,0
enemies > chain,boss,,8,60,30,2.6666666666666665,2.6666666666666665,2.6666666666666665,0,0,0,0,0,20,20,2.7999999999999976,0.06666666666666667,0
enemies > meteor,boss,,8,60,30,13.933333333333335,13.933333333333334,13.933333333333334,0,0,0,0,0,20,20,2.7999999999999976,0.8666666666666669,1
enemies > blades,boss,,9,60,30,28.20000000000001,28.2,28.2,0,0,0,0,0,18,18,3.150000000000001,0.06666666666666667,2
enemies > root,boss,,8,60,30,0,0,0,0,0.6000000000000086,0,0,0,20,20,2.7999999999999976,,0
enemies > mark,boss,,7,60,30,0,0,0,0,0,0,0,0,24,24,2.4500000000000024,,0
enemies > burn,boss,,8,60,30,29.966666666666672,29.966666666666665,29.966666666666665,0,0,0,0,0,20,20,2.7999999999999976,0.10000000000000005,0
enemies > fear,boss,,8,60,30,0,0,0,0,0,0,0,0,20,20,2.7999999999999976,,0
enemies > execute,boss,,8,60,30,15.333333333333327,15.333333333333334,15.333333333333334,0,0,0,0,0,20,20,2.7999999999999976,0.06666666666666667,0
enemies > drain,boss,,8,60,30,18.66666666666667,18.666666666666668,18.666666666666668,0,0,50,0,0,20,20,2.7999999999999976,0.06666666666666667,0
enemies > blink,boss,,8,60,30,0,0,0,0,0,0,0,0,64,3,0.6078125,,0
enemies > dash,boss,,8,60,30,0,0,0,0,0,0,0,0,64,3,0.6078125,,0
enemies > archer,boss,,9,60,30,25.299999999999994,25.3,25.3,0,0,0,0,0,17,17,3.150000000000001,0.26666666666666666,3
enemies > sacrifice,boss,,7,60,30,1380,1380,1380,23,0,0,0,0,23,23,2.4500000000000024,0.06666666666666667,23
enemies > rally,boss,,8,60,30,0,0,0,0,0,0,0,0,20,20,2.7999999999999976,,0
enemies > ward,boss,,10,60,30,0,0,0,0,0,0,0,0,59,1,0.550847457627119,,1
enemies > spread,boss,,7,60,30,0,0,0,0,0,0,0,0,23,23,2.4500000000000024,,0
enemies > snipe,boss,,9,60,30,28.799999999999986,28.8,28.8,0,0,0,0,0,18,18,3.150000000000001,0.06666666666666667,0
enemies > refresh,boss,,7,60,30,0,0,0,0,0,0,0,0,82,0,0.5,,0
enemies > split,boss,,7,60,30,0,0,0,0,0,0,0,0,22,22,2.4500000000000024,,0
enemies > absorb,boss,,7,60,30,1380,1380,1380,23,0,50,0,0,23,23,2.4500000000000024,0.06666666666666667,23
enemies > swap,boss,,7,60,30,0,0,0,0,0,0,0,0,22,22,2.4500000000000024,,0
woundedEnemies > execute > pursue,single,,6,60,3,0,0,0,0,0,0,0,0,69,0,0.5,,0
enemies > snipe > flurry,single,,11,60,3,16.333333333333332,16.333333333333332,16.333333333333332,14,0,0,0,0,14,14,3.850000000000001,0.06666666666666667,14
enemies > frost > sequence > root,single,,11,60,3,0.8666666666666667,0.8666666666666667,0.8666666666666667,0,0.49888888888889965,0,0,0,13,39,4.049999999999999,0.06666666666666667,0
ahead > turret > objects > rage,single,,9,60,3,49.67499999999999,49.675,49.675,42,0,0,0,0,14,66,3.692857142857143,0.2333333333333333,47.333333333333336
ahead > turret > objects > focus,single,,9,60,3,58.06666666666667,58.06666666666667,58.06666666666667,49,0,0,0,0,14,66,3.692857142857143,0.2333333333333333,52.666666666666664
ahead > turret > objects > refresh,single,,8,180,3,127.94444444444444,127.94444444444444,127.94444444444444,329,0,0,0,0,38,439,4.232894736842105,0.2333333333333333,349
ahead > turret > objects > prolong,single,,8,180,3,126.4888888888889,126.4888888888889,126.4888888888889,325,0,0,0,0,34,384,4.658823529411765,0.2333333333333333,342.3333333333333
gems > split,single,,3,180,3,0,0,0,0,0,0,0,0.057942708333333336,10,1010.6666666666666,26.066666666666663,,1006
gems > harvest > absorb,single,,5,60,3,0,0,0,0,0,0,0,3,63,2,0.5198412698412699,,1
nearestEnemy > mark > snipe,single,,5,60,3,32.666666666666664,32.666666666666664,32.666666666666664,28,0,0,0,0,28,56,1.75,0.16666666666666666,28
nearestEnemy > sequence > bolt,single,,3,60,3,28.666666666666668,28.666666666666668,28.666666666666668,24,0,0,0,0,37,74,1.2000000000000004,0.4666666666666666,26
nearestEnemy > bolt > flurry,single,,4,60,3,33.53333333333333,33.53333333333333,33.53333333333333,28,0,0,0,0,28,71,1.6303571428571428,0.36666666666666664,31.666666666666668
nearestEnemy > bolt > rewind,single,,4,60,3,21.666666666666668,21.666666666666668,21.666666666666668,18,0,0,0,0,28,56,1.5499999999999996,0.36666666666666664,20
nearestEnemy > bolt > pursue,single,,3,60,3,17,17,17,14,0,0,0,0,44,44,1.0499999999999994,0.36666666666666664,15
nearestEnemy > sequence > slash,single,,4,60,3,19.466666666666665,19.466666666666665,19.466666666666665,16,0,0,0,0,33,50,1.4772727272727264,0.16666666666666666,16.333333333333332
nearestEnemy > slash > flurry,single,,5,60,3,26.833333333333332,26.833333333333332,26.833333333333332,23,0,0,0,0,23,69,2.0499999999999994,0.06666666666666667,23.333333333333332
nearestEnemy > slash > rewind,single,,5,60,3,18.666666666666668,18.666666666666668,18.666666666666668,16,0,0,0,0,24,48,1.8999999999999992,0.06666666666666667,16.333333333333332
nearestEnemy > slash > pursue,single,,4,60,3,18.3,18.3,18.3,15,0,0,0,0,31,46,1.4725806451612895,0.06666666666666667,15.333333333333334
nearestEnemy > sequence > explode,single,,4,60,3,16.766666666666666,16.766666666666666,16.766666666666666,14,0,0,0,0,28,42,1.5499999999999996,0.16666666666666666,14.333333333333334
nearestEnemy > explode > flurry,single,,5,60,3,21,21,21,18,0,0,0,0,18,54,2.3500000000000005,0.06666666666666667,18.333333333333332
nearestEnemy > explode > rewind,single,,5,60,3,16.333333333333332,16.333333333333332,16.333333333333332,14,0,0,0,0,20,40,2.05,0.06666666666666667,14.333333333333334
nearestEnemy > explode > pursue,single,,4,60,3,16.033333333333335,16.033333333333335,16.033333333333335,13,0,0,0,0,28,41,1.539285714285714,0.06666666666666667,13.333333333333334
nearestEnemy > sequence > frost,single,,4,60,3,3.466666666666667,3.466666666666667,3.466666666666667,2,0.5294444444444567,0,0,0,26,52,1.6499999999999992,0.16666666666666666,2
nearestEnemy > frost > flurry,single,,5,60,3,4.459999999999999,4.459999999999999,4.459999999999999,3,0.46555555555556466,0,0,0,19,57,2.25,0.06666666666666667,3
nearestEnemy > frost > rewind,single,,5,60,3,2.8666666666666667,2.8666666666666667,2.8666666666666667,2,0.4861111111111212,0,0,0,22,44,2,0.06666666666666667,2
nearestEnemy > frost > pursue,single,,4,60,3,2.2333333333333334,2.2333333333333334,2.2333333333333334,1,0.5683333333333438,0,0,0,33,34,1.407575757575757,0.06666666666666667,1
nearestEnemy > sequence > poison,single,,5,60,3,14,14,14,12,0,0,0,0,24,36,1.8999999999999997,0.16666666666666666,14
nearestEnemy > poison > flurry,single,,6,60,3,18.766666666666666,18.766666666666666,18.766666666666666,16,0,0,0,0,16,48,2.7000000000000006,0.06666666666666667,18
nearestEnemy > poison > rewind,single,,6,60,3,21.3,21.3,21.3,18,0,0,0,0,18,36,2.399999999999999,0.06666666666666667,20.333333333333332
nearestEnemy > poison > pursue,single,,5,60,3,15.966666666666667,15.966666666666667,15.966666666666667,13,0,0,0,0,28,28,1.75,0.06666666666666667,15
nearestEnemy > sequence > vortex,single,,4,60,3,0,0,0,0,0,0,0,0,25,50,1.7000000000000002,,2
nearestEnemy > vortex > flurry,single,,5,60,3,0,0,0,0,0,0,0,0,18,54,2.3500000000000005,,3
nearestEnemy > vortex > rewind,single,,5,60,3,0,0,0,0,0,0,0,0,20,40,2.05,,2
nearestEnemy > vortex > pursue,single,,4,60,3,0,0,0,0,0,0,0,0,33,33,1.3999999999999992,,1
nearestEnemy > sequence > shockwave,single,,3,60,3,12.066666666666668,12.066666666666666,12.066666666666666,10,0,0,0,0,31,62,1.2999999999999996,0.16666666666666666,10
nearestEnemy > shockwave > flurry,single,,4,60,3,12.833333333333323,12.833333333333325,12.833333333333325,11,0,0,0,0,22,66,1.8999999999999992,0.06666666666666667,11
nearestEnemy > shockwave > rewind,single,,4,60,3,9.733333333333333,9.733333333333333,9.733333333333333,8,0,0,0,0,24,48,1.6499999999999992,0.06666666666666667,8
nearestEnemy > shockwave > pursue,single,,3,60,3,8.766666666666667,8.766666666666667,8.766666666666667,7,0,0,0,0,38,45,1.0960526315789472,0.06666666666666667,7
nearestEnemy > sequence > summon,single,,5,60,3,86.53333333333335,86.53333333333333,86.53333333333333,74,0,0,0,0,24,30,1.8499999999999996,0.36666666666666664,80.66666666666667
nearestEnemy > summon > flurry,single,,6,60,3,79.33333333333333,79.33333333333333,79.33333333333333,68,0,0,0,0,21,27,2.214285714285715,0.26666666666666666,73.33333333333333
nearestEnemy > summon > rewind,single,,6,60,3,87.7,87.7,87.7,75,0,0,0,0,17,30,2.4058823529411764,0.26666666666666666,81.66666666666667
nearestEnemy > summon > pursue,single,,5,60,3,75.83333333333333,75.83333333333333,75.83333333333333,65,0,0,0,0,26,26,1.75,0.26666666666666666,72.33333333333333
nearestEnemy > sequence > heal,single,,5,60,3,0,0,0,0,0,0,0,0,22,44,2.0499999999999994,,0
nearestEnemy > heal > flurry,single,,6,60,3,0,0,0,0,0,0,0,0,16,48,2.7000000000000006,,0
nearestEnemy > heal > rewind,single,,6,60,3,0,0,0,0,0,0,0,0,18,36,2.399999999999999,,0
nearestEnemy > heal > pursue,single,,5,60,3,0,0,0,0,0,0,0,0,28,28,1.75,,0
nearestEnemy > sequence > mend,single,,5,60,3,0,0,0,0,0,0,0,0,22,44,2.0499999999999994,,0
nearestEnemy > mend > flurry,single,,6,60,3,0,0,0,0,0,0,0,0,16,48,2.7000000000000006,,0
nearestEnemy > mend > rewind,single,,6,60,3,0,0,0,0,0,0,0,0,18,36,2.399999999999999,,0
nearestEnemy > mend > pursue,single,,5,60,3,0,0,0,0,0,0,0,0,28,28,1.75,,0
nearestEnemy > sequence > shield,single,,4,60,3,0,0,0,0,0,0,0,0,25,50,1.7000000000000002,,0
nearestEnemy > shield > flurry,single,,5,60,3,0,0,0,0,0,0,0,0,18,54,2.3500000000000005,,0
nearestEnemy > shield > rewind,single,,5,60,3,0,0,0,0,0,0,0,0,20,40,2.05,,0
nearestEnemy > shield > pursue,single,,4,60,3,0,0,0,0,0,0,0,0,33,33,1.3999999999999992,,0
nearestEnemy > sequence > haste,single,,4,60,3,0,0,0,0,0,0,0,0,28,56,1.6000000000000008,,0
nearestEnemy > haste > flurry,single,,5,60,3,0,0,0,0,0,0,0,0,21,63,2.1499999999999995,,0
nearestEnemy > haste > rewind,single,,5,60,3,0,0,0,0,0,0,0,0,23,46,1.9500000000000004,,0
nearestEnemy > haste > pursue,single,,4,60,3,0,0,0,0,0,0,0,0,35,35,1.3999999999999992,,0
nearestEnemy > sequence > rage,single,,4,60,3,0,0,0,0,0,0,0,0,28,56,1.6000000000000008,,0
nearestEnemy > rage > flurry,single,,5,60,3,0,0,0,0,0,0,0,0,21,63,2.1499999999999995,,0
nearestEnemy > rage > rewind,single,,5,60,3,0,0,0,0,0,0,0,0,23,46,1.9500000000000004,,0
nearestEnemy > rage > pursue,single,,4,60,3,0,0,0,0,0,0,0,0,35,35,1.3999999999999992,,0
nearestEnemy > sequence > scatter,single,,4,60,3,33.666666666666664,33.666666666666664,33.666666666666664,28,0,0,0,0,28,56,1.6000000000000008,0.16666666666666666,28
nearestEnemy > scatter > flurry,single,,5,60,3,28,28,28,24,0,0,0,0,24,48,1.9500000000000004,0.06666666666666667,24
nearestEnemy > scatter > rewind,single,,5,60,3,26.833333333333332,26.833333333333332,26.833333333333332,23,0,0,0,0,23,46,1.9500000000000004,0.06666666666666667,23
nearestEnemy > scatter > pursue,single,,4,60,3,31.333333333333332,31.333333333333332,31.333333333333332,26,0,0,0,0,27,53,1.5925925925925934,0.06666666666666667,26
nearestEnemy > sequence > lance,single,,4,60,3,11.666666666666666,11.666666666666666,11.666666666666666,10,0,0,0,0,30,50,1.5333333333333339,0.16666666666666666,10
nearestEnemy > lance > flurry,single,,5,60,3,13.999999999999995,13.999999999999996,13.999999999999996,12,0,0,0,0,24,48,1.9499999999999995,0.06666666666666667,12
nearestEnemy > lance > rewind,single,,5,60,3,10.766666666666667,10.766666666666667,10.766666666666667,9,0,0,0,0,23,46,1.9500000000000004,0.06666666666666667,9
nearestEnemy > lance > pursue,single,,4,60,3,9.6,9.6,9.6,8,0,0,0,0,32,39,1.4437499999999996,0.06666666666666667,8
nearestEnemy > sequence > focus,single,,4,60,3,0,0,0,0,0,0,0,0,28,56,1.6000000000000008,,0
nearestEnemy > focus > flurry,single,,5,60,3,0,0,0,0,0,0,0,0,21,63,2.1499999999999995,,0
nearestEnemy > focus > rewind,single,,5,60,3,0,0,0,0,0,0,0,0,23,46,1.9500000000000004,,0
nearestEnemy > focus > pursue,single,,4,60,3,0,0,0,0,0,0,0,0,35,35,1.3999999999999992,,0
nearestEnemy > sequence > amplify,single,,4,60,3,0,0,0,0,0,0,0,0,28,56,1.6000000000000008,,0
nearestEnemy > amplify > flurry,single,,5,60,3,0,0,0,0,0,0,0,0,21,63,2.1499999999999995,,0
nearestEnemy > amplify > rewind,single,,5,60,3,0,0,0,0,0,0,0,0,23,46,1.9500000000000004,,0
nearestEnemy > amplify > pursue,single,,4,60,3,0,0,0,0,0,0,0,0,35,35,1.3999999999999992,,0
nearestEnemy > sequence > prolong,single,,3,180,3,0,0,0,0,0,0,0,0,208,0,0.5,,0
nearestEnemy > prolong > flurry,single,,4,180,3,0,0,0,0,0,0,0,0,208,0,0.5,,0
nearestEnemy > prolong > rewind,single,,4,180,3,0,0,0,0,0,0,0,0,146,0,0.5,,0
nearestEnemy > prolong > pursue,single,,3,180,3,0,0,0,0,0,0,0,0,208,0,0.5,,0
nearestEnemy > sequence > regen,single,,4,60,3,0,0,0,0,0,0,0,0,28,56,1.6000000000000008,,0
nearestEnemy > regen > flurry,single,,5,60,3,0,0,0,0,0,0,0,0,21,63,2.1499999999999995,,0
nearestEnemy > regen > rewind,single,,5,60,3,0,0,0,0,0,0,0,0,23,46,1.9500000000000004,,0
nearestEnemy > regen > pursue,single,,4,60,3,0,0,0,0,0,0,0,0,35,35,1.3999999999999992,,0
nearestEnemy > sequence > armor,single,,4,60,3,0,0,0,0,0,0,0,0,28,56,1.6000000000000008,,0
nearestEnemy > armor > flurry,single,,5,60,3,0,0,0,0,0,0,0,0,21,63,2.1499999999999995,,0
nearestEnemy > armor > rewind,single,,5,60,3,0,0,0,0,0,0,0,0,23,46,1.9500000000000004,,0
nearestEnemy > armor > pursue,single,,4,60,3,0,0,0,0,0,0,0,0,35,35,1.3999999999999992,,0
nearestEnemy > sequence > pull,single,,3,60,3,0,0,0,0,0,0,0,0,34,68,1.2499999999999998,,0
nearestEnemy > pull > flurry,single,,4,60,3,0,0,0,0,0,0,0,0,24,72,1.7999999999999996,,0
nearestEnemy > pull > rewind,single,,4,60,3,0,0,0,0,0,0,0,0,26,52,1.6000000000000005,,0
nearestEnemy > pull > pursue,single,,3,60,3,0,0,0,0,0,0,0,0,43,43,1.0499999999999994,,0
gems > sequence > magnet,single,,4,60,3,0,0,0,0,0,0,0,2,71,2,0.5147887323943662,,1
gems > magnet > flurry,single,,5,60,3,0,0,0,0,0,0,0,2,70,3,0.5221428571428571,,1
gems > magnet > rewind,single,,5,60,3,0,0,0,0,0,0,0,2,52,2,0.5269230769230769,,1
gems > magnet > pursue,single,,4,60,3,0,0,0,0,0,0,0,2,71,1,0.5126760563380282,,1
nearestEnemy > sequence > harvest,single,,4,60,3,0,0,0,0,0,0,0,0,28,56,1.6000000000000008,,0
nearestEnemy > harvest > flurry,single,,5,60,3,0,0,0,0,0,0,0,0,21,63,2.1499999999999995,,0
nearestEnemy > harvest > rewind,single,,5,60,3,0,0,0,0,0,0,0,0,23,46,1.9500000000000004,,0
nearestEnemy > harvest > pursue,single,,4,60,3,0,0,0,0,0,0,0,0,35,35,1.3999999999999992,,0
nearestEnemy > sequence > orb,single,,4,60,3,92.16666666666667,92.16666666666667,92.16666666666667,79,0,0,0,0,29,57,1.5931034482758628,0.36666666666666664,88.33333333333333
nearestEnemy > orb > flurry,single,,5,60,3,81.6,81.6,81.6,69,0,0,0,0,24,50,1.9666666666666666,0.26666666666666666,78
nearestEnemy > orb > rewind,single,,5,60,3,74.76666666666667,74.76666666666667,74.76666666666667,64,0,0,0,0,23,46,1.9500000000000004,0.26666666666666666,70.66666666666667
nearestEnemy > orb > pursue,single,,4,60,3,51.333333333333336,51.333333333333336,51.333333333333336,44,0,0,0,0,35,35,1.3999999999999992,0.26666666666666666,49.333333333333336
nearestEnemy > sequence > mine,single,,4,60,3,32.666666666666664,32.666666666666664,32.666666666666664,28,0,0,0,0,28,56,1.6000000000000008,0.6666666666666666,29
nearestEnemy > mine > flurry,single,,5,60,3,36.833333333333336,36.833333333333336,36.833333333333336,31,0,0,0,0,21,63,2.1499999999999995,0.5666666666666667,32.666666666666664
nearestEnemy > mine > rewind,single,,5,60,3,26.833333333333332,26.833333333333332,26.833333333333332,23,0,0,0,0,23,46,1.9500000000000004,0.5666666666666667,24
nearestEnemy > mine > pursue,single,,4,60,3,20.5,20.5,20.5,17,0,0,0,0,35,35,1.3999999999999992,0.5666666666666667,18
nearestEnemy > sequence > turret,single,,5,60,3,78.76666666666667,78.76666666666667,78.76666666666667,67,0,0,0,0,24,33,1.8812500000000003,0.36666666666666664,75.33333333333333
nearestEnemy > turret > flurry,single,,6,60,3,78.46666666666667,78.46666666666667,78.46666666666667,67,0,0,0,0,20,31,2.2925000000000004,0.26666666666666666,76.33333333333333
nearestEnemy > turret > rewind,single,,6,60,3,87.38333333333334,87.38333333333334,87.38333333333334,74,0,0,0,0,18,36,2.4500000000000006,0.26666666666666666,85.33333333333333
nearestEnemy > turret > pursue,single,,5,60,3,66.5,66.5,66.5,57,0,0,0,0,27,27,1.75,0.26666666666666666,63.666666666666664
nearestEnemy > sequence > decoy,single,,5,60,3,0,0,0,0,0,0,0,0,22,44,2.0499999999999994,,6
nearestEnemy > decoy > flurry,single,,6,60,3,0,0,0,0,0,0,0,0,16,48,2.7000000000000006,,6
nearestEnemy > decoy > rewind,single,,6,60,3,0,0,0,0,0,0,0,0,18,36,2.399999999999999,,4
nearestEnemy > decoy > pursue,single,,5,60,3,0,0,0,0,0,0,0,0,28,28,1.75,,3
nearestEnemy > sequence > detonate,single,,3,60,3,50.166666666666664,50.166666666666664,50.166666666666664,43,0,0,0,0,43,43,1.0499999999999994,0.16666666666666666,43.333333333333336
nearestEnemy > detonate > flurry,single,,4,60,3,40.833333333333336,40.833333333333336,40.833333333333336,35,0,0,0,0,35,35,1.3999999999999992,0.06666666666666667,35.333333333333336
nearestEnemy > detonate > rewind,single,,4,60,3,61.833333333333336,61.833333333333336,61.833333333333336,53,0,0,0,0,26,52,1.6000000000000005,0.06666666666666667,53.333333333333336
nearestEnemy > detonate > pursue,single,,3,60,3,99.16666666666667,99.16666666666667,99.16666666666667,85,0,0,0,0,17,85,1.8500000000000005,0.06666666666666667,86.33333333333333
nearestEnemy > sequence > launch,single,,3,60,3,51.333333333333336,51.333333333333336,51.333333333333336,44,0,0,0,0,44,44,1.0499999999999994,0.16666666666666666,45.333333333333336
nearestEnemy > launch > flurry,single,,4,60,3,42,42,42,36,0,0,0,0,36,36,1.3999999999999992,0.06666666666666667,37.333333333333336
nearestEnemy > launch > rewind,single,,4,60,3,65.33333333333333,65.33333333333333,65.33333333333333,56,0,0,0,0,28,56,1.5499999999999996,0.06666666666666667,58.333333333333336
nearestEnemy > launch > pursue,single,,3,60,3,110.83333333333333,110.83333333333333,110.83333333333333,95,0,0,0,0,19,95,1.6499999999999992,0.06666666666666667,101
nearestEnemy > sequence > boomerang,single,,4,60,3,11.666666666666666,11.666666666666666,11.666666666666666,10,0,0,0,0,30,50,1.5333333333333339,0.16666666666666666,10
nearestEnemy > boomerang > flurry,single,,5,60,3,13.999999999999995,13.999999999999996,13.999999999999996,12,0,0,0,0,24,48,1.9499999999999995,0.06666666666666667,12
nearestEnemy > boomerang > rewind,single,,5,60,3,10.766666666666667,10.766666666666667,10.766666666666667,9,0,0,0,0,23,46,1.9500000000000004,0.06666666666666667,9
nearestEnemy > boomerang > pursue,single,,4,60,3,9.6,9.6,9.6,8,0,0,0,0,32,39,1.4437499999999996,0.06666666666666667,8
nearestEnemy > sequence > homing,single,,4,60,3,33.666666666666664,33.666666666666664,33.666666666666664,28,0,0,0,0,28,56,1.6000000000000008,0.16666666666666666,28
nearestEnemy > homing > flurry,single,,5,60,3,28,28,28,24,0,0,0,0,24,48,1.9500000000000004,0.06666666666666667,24
nearestEnemy > homing > rewind,single,,5,60,3,26.833333333333332,26.833333333333332,26.833333333333332,23,0,0,0,0,23,46,1.9500000000000004,0.06666666666666667,23
nearestEnemy > homing > pursue,single,,4,60,3,31.333333333333332,31.333333333333332,31.333333333333332,26,0,0,0,0,27,53,1.5925925925925934,0.06666666666666667,26
nearestEnemy > sequence > laser,single,,4,60,3,10.5,10.5,10.5,9,0,0,0,0,27,45,1.5999999999999999,0.16666666666666666,9
nearestEnemy > laser > flurry,single,,5,60,3,12.83333333333333,12.83333333333333,12.83333333333333,11,0,0,0,0,22,44,2.0500000000000003,0.06666666666666667,11
nearestEnemy > laser > rewind,single,,5,60,3,9.866666666666667,9.866666666666667,9.866666666666667,8,0,0,0,0,20,40,2.05,0.06666666666666667,8
nearestEnemy > laser > pursue,single,,4,60,3,8.7,8.7,8.7,7,0,0,0,0,30,37,1.4699999999999995,0.06666666666666667,7
nearestEnemy > sequence > chain,single,,4,60,3,9.733333333333333,9.733333333333333,9.733333333333333,8,0,0,0,0,25,50,1.7000000000000002,0.16666666666666666,8
nearestEnemy > chain > flurry,single,,5,60,3,10.499999999999996,10.499999999999996,10.499999999999996,9,0,0,0,0,18,54,2.3500000000000005,0.06666666666666667,9
nearestEnemy > chain > rewind,single,,5,60,3,8.166666666666666,8.166666666666666,8.166666666666666,7,0,0,0,0,20,40,2.05,0.06666666666666667,7
nearestEnemy > chain > pursue,single,,4,60,3,7.2,7.2,7.2,6,0,0,0,0,31,37,1.458064516129032,0.06666666666666667,6
nearestEnemy > sequence > meteor,single,,4,60,3,29.166666666666668,29.166666666666668,29.166666666666668,25,0,0,0,0,25,50,1.7000000000000002,0.9666666666666665,26
nearestEnemy > meteor > flurry,single,,5,60,3,21,21,21,18,0,0,0,0,18,54,2.3500000000000005,0.8666666666666666,20
nearestEnemy > meteor > rewind,single,,5,60,3,23.333333333333332,23.333333333333332,23.333333333333332,20,0,0,0,0,20,40,2.05,0.8666666666666666,22
nearestEnemy > meteor > pursue,single,,4,60,3,19.466666666666665,19.466666666666665,19.466666666666665,16,0,0,0,0,33,33,1.3999999999999992,0.8666666666666666,17
nearestEnemy > sequence > blades,single,,5,60,3,25.666666666666668,25.666666666666668,25.666666666666668,22,0,0,0,0,22,44,2.0499999999999994,0.16666666666666666,24.333333333333332
nearestEnemy > blades > flurry,single,,6,60,3,18.933333333333334,18.933333333333334,18.933333333333334,16,0,0,0,0,16,48,2.7000000000000006,0.06666666666666667,18
nearestEnemy > blades > rewind,single,,6,60,3,21.533333333333335,21.533333333333335,21.533333333333335,18,0,0,0,0,18,36,2.399999999999999,0.06666666666666667,20.333333333333332
nearestEnemy > blades > pursue,single,,5,60,3,31.899999999999995,31.9,31.9,27,0,0,0,0,28,28,1.75,0.06666666666666667,28
nearestEnemy > sequence > root,single,,4,60,3,0,0,0,0,0.9349999999999895,0,0,0,28,56,1.6000000000000008,,0
nearestEnemy > root > flurry,single,,5,60,3,0,0,0,0,0.7988888888888862,0,0,0,21,63,2.1499999999999995,,0
nearestEnemy > root > rewind,single,,5,60,3,0,0,0,0,0.8155555555555519,0,0,0,23,46,1.9500000000000004,,0
nearestEnemy > root > pursue,single,,4,60,3,0,0,0,0,0.9988888888888748,0,0,0,35,35,1.3999999999999992,,0
nearestEnemy > sequence > mark,single,,3,60,3,0,0,0,0,0,0,0,0,40,80,1.149999999999999,,0
nearestEnemy > mark > flurry,single,,4,60,3,0,0,0,0,0,0,0,0,30,90,1.6000000000000008,,0
nearestEnemy > mark > rewind,single,,4,60,3,0,0,0,0,0,0,0,0,30,60,1.5,,0
nearestEnemy > mark > pursue,single,,3,60,3,0,0,0,0,0,0,0,0,46,46,1.0499999999999994,,0
nearestEnemy > sequence > burn,single,,4,60,3,18.416666666666668,18.416666666666668,18.416666666666668,15,0,0,0,0,31,47,1.5032258064516129,0.19999999999999998,15.333333333333334
nearestEnemy > burn > flurry,single,,5,60,3,24.3,24.3,24.3,20,0,0,0,0,21,63,2.1499999999999995,0.10000000000000002,20.333333333333332
nearestEnemy > burn > rewind,single,,5,60,3,26.3,26.3,26.3,22,0,0,0,0,23,46,1.9500000000000004,0.10000000000000002,22.333333333333332
nearestEnemy > burn > pursue,single,,4,60,3,20.333333333333332,20.333333333333332,20.333333333333332,17,0,0,0,0,35,35,1.3999999999999992,0.10000000000000002,17.333333333333332
nearestEnemy > sequence > fear,single,,4,60,3,0,0,0,0,0.07222222222222213,0,0,0,66,4,0.5333333333333333,,0
nearestEnemy > fear > flurry,single,,5,60,3,0,0,0,0,0.0833333333333332,0,0,0,65,6,0.5507692307692307,,0
nearestEnemy > fear > rewind,single,,5,60,3,0,0,0,0,0.07888888888888877,0,0,0,46,4,0.5630434782608695,,0
nearestEnemy > fear > pursue,single,,4,60,3,0,0,0,0,0.09111111111111096,0,0,0,66,3,0.540909090909091,,0
nearestEnemy > sequence > execute,single,,4,60,3,33.5,33.5,33.5,28,0,0,0,0,28,56,1.6000000000000008,0.16666666666666666,28
nearestEnemy > execute > flurry,single,,5,60,3,28,28,28,24,0,0,0,0,24,48,1.9500000000000004,0.06666666666666667,24
nearestEnemy > execute > rewind,single,,5,60,3,26.833333333333332,26.833333333333332,26.833333333333332,23,0,0,0,0,23,46,1.9500000000000004,0.06666666666666667,23
nearestEnemy > execute > pursue,single,,4,60,3,31.166666666666668,31.166666666666668,31.166666666666668,26,0,0,0,0,27,53,1.5925925925925934,0.06666666666666667,26
nearestEnemy > sequence > drain,single,,4,60,3,33.666666666666664,33.666666666666664,33.666666666666664,28,0,50,0,0,28,56,1.6000000000000008,0.16666666666666666,28
nearestEnemy > drain > flurry,single,,5,60,3,28,28,28,24,0,50,0,0,24,48,1.9500000000000004,0.06666666666666667,24
nearestEnemy > drain > rewind,single,,5,60,3,26.833333333333332,26.833333333333332,26.833333333333332,23,0,50,0,0,23,46,1.9500000000000004,0.06666666666666667,23
nearestEnemy > drain > pursue,single,,4,60,3,31.333333333333332,31.333333333333332,31.333333333333332,26,0,50,0,0,27,53,1.5925925925925934,0.06666666666666667,26
nearestEnemy > sequence > blink,single,,4,60,3,0,0,0,0,0,0,0,0,61,4,0.5377049180327869,,0
nearestEnemy > blink > flurry,single,,5,60,3,0,0,0,0,0,0,0,0,62,3,0.5282258064516129,,0
nearestEnemy > blink > rewind,single,,5,60,3,0,0,0,0,0,0,0,0,43,3,0.563953488372093,,0
nearestEnemy > blink > pursue,single,,4,60,3,0,0,0,0,0,0,0,0,62,3,0.5435483870967742,,0
nearestEnemy > sequence > dash,single,,4,60,3,0,0,0,0,0,0,0,0,61,4,0.5377049180327869,,0
nearestEnemy > dash > flurry,single,,5,60,3,0,0,0,0,0,0,0,0,62,3,0.5282258064516129,,0
nearestEnemy > dash > rewind,single,,5,60,3,0,0,0,0,0,0,0,0,43,3,0.563953488372093,,0
nearestEnemy > dash > pursue,single,,4,60,3,0,0,0,0,0,0,0,0,62,3,0.5435483870967742,,0
nearestEnemy > sequence > archer,single,,5,60,3,79.16666666666667,79.16666666666667,79.16666666666667,67,0,0,0,0,25,32,1.6239999999999994,0.36666666666666664,73.66666666666667
nearestEnemy > archer > flurry,single,,6,60,3,78.5,78.5,78.5,67,0,0,0,0,19,31,2.3526315789473684,0.26666666666666666,75
nearestEnemy > archer > rewind,single,,6,60,3,76,76,76,65,0,0,0,0,17,30,2.4058823529411764,0.26666666666666666,71.33333333333333
nearestEnemy > archer > pursue,single,,5,60,3,65,65,65,55,0,0,0,0,26,26,1.75,0.26666666666666666,61.666666666666664
nearestEnemy > sequence > sacrifice,single,,3,60,3,50.166666666666664,50.166666666666664,50.166666666666664,43,0,0,0,0,43,43,1.0499999999999994,0.16666666666666666,43.333333333333336
nearestEnemy > sacrifice > flurry,single,,4,60,3,40.833333333333336,40.833333333333336,40.833333333333336,35,0,0,0,0,35,35,1.3999999999999992,0.06666666666666667,35.333333333333336
nearestEnemy > sacrifice > rewind,single,,4,60,3,61.833333333333336,61.833333333333336,61.833333333333336,53,0,0,0,0,26,52,1.6000000000000005,0.06666666666666667,53.333333333333336
nearestEnemy > sacrifice > pursue,single,,3,60,3,99.16666666666667,99.16666666666667,99.16666666666667,85,0,0,0,0,17,85,1.8500000000000005,0.06666666666666667,86.33333333333333
nearestEnemy > sequence > rally,single,,4,60,3,0,0,0,0,0,0,0,0,28,56,1.6000000000000008,,0
nearestEnemy > rally > flurry,single,,5,60,3,0,0,0,0,0,0,0,0,21,63,2.1499999999999995,,0
nearestEnemy > rally > rewind,single,,5,60,3,0,0,0,0,0,0,0,0,23,46,1.9500000000000004,,0
nearestEnemy > rally > pursue,single,,4,60,3,0,0,0,0,0,0,0,0,35,35,1.3999999999999992,,0
nearestEnemy > sequence > ward,single,,6,60,3,0,0,0,0,0,0,0,0,54,2,0.5370370370370371,,2
nearestEnemy > ward > flurry,single,,7,60,3,0,0,0,0,0,0,0,0,53,3,0.5518867924528302,,3
nearestEnemy > ward > rewind,single,,7,60,3,0,0,0,0,0,0,0,0,35,2,0.5671428571428572,,2
nearestEnemy > ward > pursue,single,,6,60,3,0,0,0,0,0,0,0,0,55,1,0.5290909090909092,,1
nearestEnemy > sequence > spread,single,,3,60,3,0,0,0,0,0,0,0,0,34,68,1.2499999999999998,,0
nearestEnemy > spread > flurry,single,,4,60,3,0,0,0,0,0,0,0,0,24,72,1.7999999999999996,,0
nearestEnemy > spread > rewind,single,,4,60,3,0,0,0,0,0,0,0,0,26,52,1.6000000000000005,,0
nearestEnemy > spread > pursue,single,,3,60,3,0,0,0,0,0,0,0,0,43,43,1.0499999999999994,,0
nearestEnemy > sequence > snipe,single,,5,60,3,32.666666666666664,32.666666666666664,32.666666666666664,28,0,0,0,0,28,28,1.75,0.16666666666666666,28
nearestEnemy > snipe > flurry,single,,6,60,3,28,28,28,24,0,0,0,0,24,24,2.100000000000001,0.06666666666666667,24
nearestEnemy > snipe > rewind,single,,6,60,3,44.333333333333336,44.333333333333336,44.333333333333336,38,0,0,0,0,18,36,2.399999999999999,0.06666666666666667,38
nearestEnemy > snipe > pursue,single,,5,60,3,70,70,70,60,0,0,0,0,12,60,2.9499999999999997,0.06666666666666667,60.333333333333336
nearestEnemy > sequence > refresh,single,,3,180,3,0,0,0,0,0,0,0,0,216,0,0.5,,0
nearestEnemy > refresh > flurry,single,,4,180,3,0,0,0,0,0,0,0,0,216,0,0.5,,0
nearestEnemy > refresh > rewind,single,,4,180,3,0,0,0,0,0,0,0,0,159,0,0.5,,0
nearestEnemy > refresh > pursue,single,,3,180,3,0,0,0,0,0,0,0,0,216,0,0.5,,0
nearestEnemy > sequence > split,single,,3,180,3,0,0,0,0,0,0,0,0,93,186,1.299999999999998,,0
nearestEnemy > split > flurry,single,,4,180,3,0,0,0,0,0,0,0,0,64,192,1.9000000000000021,,0
nearestEnemy > split > rewind,single,,4,180,3,0,0,0,0,0,0,0,0,73,146,1.6500000000000021,,0
nearestEnemy > split > pursue,single,,3,180,3,0,0,0,0,0,0,0,0,123,123,1.0499999999999983,,0
nearestEnemy > sequence > absorb,single,,3,60,3,51.333333333333336,51.333333333333336,51.333333333333336,44,0,50,0,0,44,44,1.0499999999999994,0.16666666666666666,44.333333333333336
nearestEnemy > absorb > flurry,single,,4,60,3,42,42,42,36,0,50,0,0,36,36,1.3999999999999992,0.06666666666666667,36.333333333333336
nearestEnemy > absorb > rewind,single,,4,60,3,65.33333333333333,65.33333333333333,65.33333333333333,56,0,50,0,0,28,56,1.5499999999999996,0.06666666666666667,56.333333333333336
nearestEnemy > absorb > pursue,single,,3,60,3,110.83333333333333,110.83333333333333,110.83333333333333,95,0,50,0,0,19,95,1.6499999999999992,0.06666666666666667,96.66666666666667
nearestEnemy > sequence > swap,single,,3,60,3,0,0,0,0,0,0,0,0,31,62,1.2999999999999996,,0
nearestEnemy > swap > flurry,single,,4,60,3,0,0,0,0,0,0,0,0,22,66,1.8999999999999992,,0
nearestEnemy > swap > rewind,single,,4,60,3,0,0,0,0,0,0,0,0,24,48,1.6499999999999992,,0
nearestEnemy > swap > pursue,single,,3,60,3,0,0,0,0,0,0,0,0,41,41,1.0499999999999996,,0
woundedEnemies > execute > pursue,dense8,,6,60,3,0,0,0,0,0,0,0,0,69,0,0.5,,0
enemies > snipe > flurry,dense8,,11,60,3,93.33333333333333,93.33333333333333,93.33333333333333,80,0,0,0,0,10,80,5.95,0.06666666666666667,82
enemies > frost > sequence > root,dense8,,11,60,3,3.733333333333333,3.7333333333333334,3.7333333333333334,0,0.2761111111111008,0,0,0,7,168,8.6,0.06666666666666667,0
ahead > turret > objects > rage,dense8,,9,60,3,73.83333333333333,72.74166666666666,75.075,62,0,0,0,0,14,74,3.807142857142857,0.2333333333333333,66
ahead > turret > objects > focus,dense8,,9,60,3,83.86666666666667,82.75,85.38333333333334,70,0,0,0,0,14,74,3.807142857142857,0.2333333333333333,74
ahead > turret > objects > refresh,dense8,,8,180,3,145.7574074074074,144.7722222222222,147.47222222222223,369.3333333333333,0,0,0,0,37,455,4.344594594594594,0.2333333333333333,363
ahead > turret > objects > prolong,dense8,,8,180,3,138.22407407407408,137.6611111111111,139.04444444444445,351.3333333333333,0,0,0,0,34,402,4.764705882352941,0.2333333333333333,363
gems > split,dense8,,3,180,3,0,0,0,0,0,0,0,0.057291666666666664,7,760.6666666666666,27.966666666666665,,765.3333333333334
gems > harvest > absorb,dense8,,5,60,3,0,0,0,0,0,0,0,18,61,12,0.5491803278688525,,6
nearestEnemy > mark > snipe,dense8,,5,60,3,32.666666666666664,32.666666666666664,32.666666666666664,28,0,0,0,0,28,56,1.75,0.16666666666666666,28
nearestEnemy > sequence > bolt,dense8,,3,60,3,43.333333333333336,43.333333333333336,43.333333333333336,36,0,0,0,0,37,74,1.2000000000000004,0.4444444444444444,38.333333333333336
nearestEnemy > bolt > flurry,dense8,,4,60,3,60.666666666666664,60.666666666666664,60.666666666666664,52,0,0,0,0,26,78,1.7000000000000004,0.3444444444444444,53.666666666666664
nearestEnemy > bolt > rewind,dense8,,4,60,3,32.666666666666664,32.666666666666664,32.666666666666664,28,0,0,0,0,28,56,1.5499999999999996,0.3444444444444444,28.333333333333332
nearestEnemy > bolt > pursue,dense8,,3,60,3,25.666666666666668,25.666666666666668,25.666666666666668,22,0,0,0,0,44,44,1.0499999999999994,0.3444444444444444,22.333333333333332
nearestEnemy > sequence > slash,dense8,,4,60,3,19.466666666666665,19.466666666666665,19.466666666666665,16,0,0,0,0,33,50,1.4772727272727264,0.16666666666666666,16.666666666666668
nearestEnemy > slash > flurry,dense8,,5,60,3,26.833333333333332,26.833333333333332,26.833333333333332,23,0,0,0,0,23,69,2.0499999999999994,0.06666666666666667,23.666666666666668
nearestEnemy > slash > rewind,dense8,,5,60,3,18.666666666666668,18.666666666666668,18.666666666666668,16,0,0,0,0,24,48,1.8999999999999992,0.06666666666666667,16.666666666666668
nearestEnemy > slash > pursue,dense8,,4,60,3,18.3,18.3,18.3,15,0,0,0,0,31,46,1.4725806451612895,0.06666666666666667,15.666666666666666
nearestEnemy > sequence > explode,dense8,,4,60,3,16.766666666666666,16.766666666666666,16.766666666666666,14,0,0,0,0,28,42,1.5499999999999996,0.16666666666666666,14.666666666666666
nearestEnemy > explode > flurry,dense8,,5,60,3,21,21,21,18,0,0,0,0,18,54,2.3500000000000005,0.06666666666666667,18.666666666666668
nearestEnemy > explode > rewind,dense8,,5,60,3,16.333333333333332,16.333333333333332,16.333333333333332,14,0,0,0,0,20,40,2.05,0.06666666666666667,14.666666666666666
nearestEnemy > explode > pursue,dense8,,4,60,3,16.033333333333335,16.033333333333335,16.033333333333335,13,0,0,0,0,28,41,1.539285714285714,0.06666666666666667,13.666666666666666
nearestEnemy > sequence > frost,dense8,,4,60,3,3.466666666666667,3.466666666666667,3.466666666666667,2,0.06618055555555709,0,0,0,26,52,1.6499999999999992,0.16666666666666666,2
nearestEnemy > frost > flurry,dense8,,5,60,3,4.459999999999999,4.459999999999999,4.459999999999999,3,0.05819444444444558,0,0,0,19,57,2.25,0.06666666666666667,3
nearestEnemy > frost > rewind,dense8,,5,60,3,2.8666666666666667,2.8666666666666667,2.8666666666666667,2,0.06076388888889015,0,0,0,22,44,2,0.06666666666666667,2
nearestEnemy > frost > pursue,dense8,,4,60,3,2.2333333333333334,2.2333333333333334,2.2333333333333334,1,0.07104166666666797,0,0,0,33,34,1.407575757575757,0.06666666666666667,1
nearestEnemy > sequence > poison,dense8,,5,60,3,14,14,14,12,0,0,0,0,24,36,1.8999999999999997,0.16666666666666666,14
nearestEnemy > poison > flurry,dense8,,6,60,3,18.766666666666666,18.766666666666666,18.766666666666666,16,0,0,0,0,16,48,2.7000000000000006,0.06666666666666667,18
nearestEnemy > poison > rewind,dense8,,6,60,3,21.3,21.3,21.3,18,0,0,0,0,18,36,2.399999999999999,0.06666666666666667,20
nearestEnemy > poison > pursue,dense8,,5,60,3,15.966666666666667,15.966666666666667,15.966666666666667,13,0,0,0,0,28,28,1.75,0.06666666666666667,15
nearestEnemy > sequence > vortex,dense8,,4,60,3,0,0,0,0,0,0,0,0,25,50,1.7000000000000002,,2
nearestEnemy > vortex > flurry,dense8,,5,60,3,0,0,0,0,0,0,0,0,18,54,2.3500000000000005,,3
nearestEnemy > vortex > rewind,dense8,,5,60,3,0,0,0,0,0,0,0,0,20,40,2.05,,2
nearestEnemy > vortex > pursue,dense8,,4,60,3,0,0,0,0,0,0,0,0,33,33,1.3999999999999992,,1
nearestEnemy > sequence > shockwave,dense8,,3,60,3,12.066666666666668,12.066666666666666,12.066666666666666,10,0,0,0,0,31,62,1.2999999999999996,0.16666666666666666,10.333333333333334
nearestEnemy > shockwave > flurry,dense8,,4,60,3,12.833333333333323,12.833333333333325,12.833333333333325,11,0,0,0,0,22,66,1.8999999999999992,0.06666666666666667,11.333333333333334
nearestEnemy > shockwave > rewind,dense8,,4,60,3,9.733333333333333,9.733333333333333,9.733333333333333,8,0,0,0,0,24,48,1.6499999999999992,0.06666666666666667,8.333333333333334
nearestEnemy > shockwave > pursue,dense8,,3,60,3,8.766666666666667,8.766666666666667,8.766666666666667,7,0,0,0,0,38,45,1.0960526315789472,0.06666666666666667,7
nearestEnemy > sequence > summon,dense8,,5,60,3,93.41111111111111,90.26666666666667,95.36666666666666,77.66666666666667,0,0,0,0,24,33,1.8055555555555554,0.36666666666666664,85.66666666666667
nearestEnemy > summon > flurry,dense8,,6,60,3,87.93333333333334,85.2,92.4,74,0,0,0,0,19.666666666666668,30.666666666666668,2.3249122807017546,0.26666666666666666,80
nearestEnemy > summon > rewind,dense8,,6,60,3,91.38888888888887,87.93333333333334,96.53333333333333,76.33333333333333,0,0,0,0,17,31,2.429411764705882,0.26666666666666666,84.66666666666667
nearestEnemy > summon > pursue,dense8,,5,60,3,75.86666666666666,75.86666666666666,75.86666666666666,64,0,0,0,0,26,26,1.75,0.26666666666666666,70.33333333333333
nearestEnemy > sequence > heal,dense8,,5,60,3,0,0,0,0,0,0,0,0,22,44,2.0499999999999994,,0
nearestEnemy > heal > flurry,dense8,,6,60,3,0,0,0,0,0,0,0,0,16,48,2.7000000000000006,,0
nearestEnemy > heal > rewind,dense8,,6,60,3,0,0,0,0,0,0,0,0,18,36,2.399999999999999,,0
nearestEnemy > heal > pursue,dense8,,5,60,3,0,0,0,0,0,0,0,0,28,28,1.75,,0
nearestEnemy > sequence > mend,dense8,,5,60,3,0,0,0,0,0,0,0,0,22,44,2.0499999999999994,,0
nearestEnemy > mend > flurry,dense8,,6,60,3,0,0,0,0,0,0,0,0,16,48,2.7000000000000006,,0
nearestEnemy > mend > rewind,dense8,,6,60,3,0,0,0,0,0,0,0,0,18,36,2.399999999999999,,0
nearestEnemy > mend > pursue,dense8,,5,60,3,0,0,0,0,0,0,0,0,28,28,1.75,,0
nearestEnemy > sequence > shield,dense8,,4,60,3,0,0,0,0,0,0,0,0,25,50,1.7000000000000002,,0
nearestEnemy > shield > flurry,dense8,,5,60,3,0,0,0,0,0,0,0,0,18,54,2.3500000000000005,,0
nearestEnemy > shield > rewind,dense8,,5,60,3,0,0,0,0,0,0,0,0,20,40,2.05,,0
nearestEnemy > shield > pursue,dense8,,4,60,3,0,0,0,0,0,0,0,0,33,33,1.3999999999999992,,0
nearestEnemy > sequence > haste,dense8,,4,60,3,0,0,0,0,0,0,0,0,28,56,1.6000000000000008,,0
nearestEnemy > haste > flurry,dense8,,5,60,3,0,0,0,0,0,0,0,0,21,63,2.1499999999999995,,0
nearestEnemy > haste > rewind,dense8,,5,60,3,0,0,0,0,0,0,0,0,23,46,1.9500000000000004,,0
nearestEnemy > haste > pursue,dense8,,4,60,3,0,0,0,0,0,0,0,0,35,35,1.3999999999999992,,0
nearestEnemy > sequence > rage,dense8,,4,60,3,0,0,0,0,0,0,0,0,28,56,1.6000000000000008,,0
nearestEnemy > rage > flurry,dense8,,5,60,3,0,0,0,0,0,0,0,0,21,63,2.1499999999999995,,0
nearestEnemy > rage > rewind,dense8,,5,60,3,0,0,0,0,0,0,0,0,23,46,1.9500000000000004,,0
nearestEnemy > rage > pursue,dense8,,4,60,3,0,0,0,0,0,0,0,0,35,35,1.3999999999999992,,0
nearestEnemy > sequence > scatter,dense8,,4,60,3,33.666666666666664,33.666666666666664,33.666666666666664,28,0,0,0,0,28,56,1.6000000000000008,0.16666666666666666,28.333333333333332
nearestEnemy > scatter > flurry,dense8,,5,60,3,28,28,28,24,0,0,0,0,24,48,1.9500000000000004,0.06666666666666667,24.333333333333332
nearestEnemy > scatter > rewind,dense8,,5,60,3,26.833333333333332,26.833333333333332,26.833333333333332,23,0,0,0,0,23,46,1.9500000000000004,0.06666666666666667,23.333333333333332
nearestEnemy > scatter > pursue,dense8,,4,60,3,31.333333333333332,31.333333333333332,31.333333333333332,26,0,0,0,0,27,53,1.5925925925925934,0.06666666666666667,26.333333333333332
nearestEnemy > sequence > lance,dense8,,4,60,3,11.666666666666666,11.666666666666666,11.666666666666666,10,0,0,0,0,30,50,1.5333333333333339,0.16666666666666666,10
nearestEnemy > lance > flurry,dense8,,5,60,3,13.999999999999995,13.999999999999996,13.999999999999996,12,0,0,0,0,24,48,1.9499999999999995,0.06666666666666667,12.333333333333334
nearestEnemy > lance > rewind,dense8,,5,60,3,10.766666666666667,10.766666666666667,10.766666666666667,9,0,0,0,0,23,46,1.9500000000000004,0.06666666666666667,9
nearestEnemy > lance > pursue,dense8,,4,60,3,9.6,9.6,9.6,8,0,0,0,0,32,39,1.4437499999999996,0.06666666666666667,8
nearestEnemy > sequence > focus,dense8,,4,60,3,0,0,0,0,0,0,0,0,28,56,1.6000000000000008,,0
nearestEnemy > focus > flurry,dense8,,5,60,3,0,0,0,0,0,0,0,0,21,63,2.1499999999999995,,0
nearestEnemy > focus > rewind,dense8,,5,60,3,0,0,0,0,0,0,0,0,23,46,1.9500000000000004,,0
nearestEnemy > focus > pursue,dense8,,4,60,3,0,0,0,0,0,0,0,0,35,35,1.3999999999999992,,0
nearestEnemy > sequence > amplify,dense8,,4,60,3,0,0,0,0,0,0,0,0,28,56,1.6000000000000008,,0
nearestEnemy > amplify > flurry,dense8,,5,60,3,0,0,0,0,0,0,0,0,21,63,2.1499999999999995,,0
nearestEnemy > amplify > rewind,dense8,,5,60,3,0,0,0,0,0,0,0,0,23,46,1.9500000000000004,,0
nearestEnemy > amplify > pursue,dense8,,4,60,3,0,0,0,0,0,0,0,0,35,35,1.3999999999999992,,0
nearestEnemy > sequence > prolong,dense8,,3,180,3,0,0,0,0,0,0,0,0,208,0,0.5,,0
nearestEnemy > prolong > flurry,dense8,,4,180,3,0,0,0,0,0,0,0,0,208,0,0.5,,0
nearestEnemy > prolong > rewind,dense8,,4,180,3,0,0,0,0,0,0,0,0,146,0,0.5,,0
nearestEnemy > prolong > pursue,dense8,,3,180,3,0,0,0,0,0,0,0,0,208,0,0.5,,0
nearestEnemy > sequence > regen,dense8,,4,60,3,0,0,0,0,0,0,0,0,28,56,1.6000000000000008,,0
nearestEnemy > regen > flurry,dense8,,5,60,3,0,0,0,0,0,0,0,0,21,63,2.1499999999999995,,0
nearestEnemy > regen > rewind,dense8,,5,60,3,0,0,0,0,0,0,0,0,23,46,1.9500000000000004,,0
nearestEnemy > regen > pursue,dense8,,4,60,3,0,0,0,0,0,0,0,0,35,35,1.3999999999999992,,0
nearestEnemy > sequence > armor,dense8,,4,60,3,0,0,0,0,0,0,0,0,28,56,1.6000000000000008,,0
nearestEnemy > armor > flurry,dense8,,5,60,3,0,0,0,0,0,0,0,0,21,63,2.1499999999999995,,0
nearestEnemy > armor > rewind,dense8,,5,60,3,0,0,0,0,0,0,0,0,23,46,1.9500000000000004,,0
nearestEnemy > armor > pursue,dense8,,4,60,3,0,0,0,0,0,0,0,0,35,35,1.3999999999999992,,0
nearestEnemy > sequence > pull,dense8,,3,60,3,0,0,0,0,0,0,0,0,34,68,1.2499999999999998,,0
nearestEnemy > pull > flurry,dense8,,4,60,3,0,0,0,0,0,0,0,0,24,72,1.7999999999999996,,0
nearestEnemy > pull > rewind,dense8,,4,60,3,0,0,0,0,0,0,0,0,26,52,1.6000000000000005,,0
nearestEnemy > pull > pursue,dense8,,3,60,3,0,0,0,0,0,0,0,0,43,43,1.0499999999999994,,0
gems > sequence > magnet,dense8,,4,60,3,0,0,0,0,0,0,0,12,69,12,0.5369565217391304,,6
gems > magnet > flurry,dense8,,5,60,3,0,0,0,0,0,0,0,12,67,18,0.5567164179104477,,6
gems > magnet > rewind,dense8,,5,60,3,0,0,0,0,0,0,0,12,50,12,0.5579999999999999,,6
gems > magnet > pursue,dense8,,4,60,3,0,0,0,0,0,0,0,12,70,6,0.5235714285714286,,6
nearestEnemy > sequence > harvest,dense8,,4,60,3,0,0,0,0,0,0,0,0,28,56,1.6000000000000008,,0
nearestEnemy > harvest > flurry,dense8,,5,60,3,0,0,0,0,0,0,0,0,21,63,2.1499999999999995,,0
nearestEnemy > harvest > rewind,dense8,,5,60,3,0,0,0,0,0,0,0,0,23,46,1.9500000000000004,,0
nearestEnemy > harvest > pursue,dense8,,4,60,3,0,0,0,0,0,0,0,0,35,35,1.3999999999999992,,0
nearestEnemy > sequence > orb,dense8,,4,60,3,491.5555555555555,276.5,737.3333333333334,421.3333333333333,0,0,0,0,29,57,1.5931034482758628,0.36666666666666664,326
nearestEnemy > orb > flurry,dense8,,5,60,3,435.2,244.8,652.8,368,0,0,0,0,24,50,1.9666666666666666,0.26666666666666666,311.3333333333333
nearestEnemy > orb > rewind,dense8,,5,60,3,398.75555555555553,224.3,598.1333333333333,341.3333333333333,0,0,0,0,23,46,1.9500000000000004,0.26666666666666666,297.3333333333333
nearestEnemy > orb > pursue,dense8,,4,60,3,273.77777777777777,154,410.6666666666667,234.66666666666666,0,0,0,0,35,35,1.3999999999999992,0.26666666666666666,241
nearestEnemy > sequence > mine,dense8,,4,60,3,261.3333333333333,261.3333333333333,261.3333333333333,224,0,0,0,0,28,56,1.6000000000000008,0.6666666666666666,231
nearestEnemy > mine > flurry,dense8,,5,60,3,294.6666666666667,294.6666666666667,294.6666666666667,248,0,0,0,0,21,63,2.1499999999999995,0.5666666666666667,255.66666666666666
nearestEnemy > mine > rewind,dense8,,5,60,3,214.66666666666666,214.66666666666666,214.66666666666666,184,0,0,0,0,23,46,1.9500000000000004,0.5666666666666667,189.66666666666666
nearestEnemy > mine > pursue,dense8,,4,60,3,164,164,164,136,0,0,0,0,35,35,1.3999999999999992,0.5666666666666667,141.66666666666666
nearestEnemy > sequence > turret,dense8,,5,60,3,102.1111111111111,101.23333333333333,102.55,86.66666666666667,0,0,0,0,21,41.666666666666664,2.094444444444445,0.36666666666666664,98.33333333333333
nearestEnemy > turret > flurry,dense8,,6,60,3,112.77222222222223,111.01666666666667,113.65,95.33333333333333,0,0,0,0,15.333333333333334,45.333333333333336,2.7854166666666664,0.26666666666666666,107.33333333333333
nearestEnemy > turret > rewind,dense8,,6,60,3,87.38333333333334,87.38333333333334,87.38333333333334,74,0,0,0,0,18,36,2.4500000000000006,0.26666666666666666,85
nearestEnemy > turret > pursue,dense8,,5,60,3,66.5,66.5,66.5,57,0,0,0,0,27,27,1.75,0.26666666666666666,64
nearestEnemy > sequence > decoy,dense8,,5,60,3,0,0,0,0,0,0,0,0,22,44,2.0499999999999994,,6
nearestEnemy > decoy > flurry,dense8,,6,60,3,0,0,0,0,0,0,0,0,16,48,2.7000000000000006,,6
nearestEnemy > decoy > rewind,dense8,,6,60,3,0,0,0,0,0,0,0,0,18,36,2.399999999999999,,4
nearestEnemy > decoy > pursue,dense8,,5,60,3,0,0,0,0,0,0,0,0,28,28,1.75,,3
nearestEnemy > sequence > detonate,dense8,,3,60,3,226.91666666666666,226.91666666666666,226.91666666666666,190,0,0,0,0,43,43,1.0499999999999994,0.16666666666666666,194.66666666666666
nearestEnemy > detonate > flurry,dense8,,4,60,3,184.91666666666666,184.91666666666666,184.91666666666666,154,0,0,0,0,35,35,1.3999999999999992,0.06666666666666667,157.66666666666666
nearestEnemy > detonate > rewind,dense8,,4,60,3,279.4166666666667,279.4166666666667,279.4166666666667,235,0,0,0,0,26,52,1.6000000000000005,0.06666666666666667,240.66666666666666
nearestEnemy > detonate > pursue,dense8,,3,60,3,447.4166666666667,447.4166666666667,447.4166666666667,379,0,0,0,0,17,85,1.8500000000000005,0.06666666666666667,351.3333333333333
nearestEnemy > sequence > launch,dense8,,3,60,3,150.61111111111111,127.83333333333333,171.16666666666666,125.66666666666667,0,0,0,0,44,44,1.0499999999999994,0.16666666666666666,129.33333333333334
nearestEnemy > launch > flurry,dense8,,4,60,3,122.83333333333333,104.5,139.16666666666666,103,0,0,0,0,36,36,1.3999999999999992,0.06666666666666667,106.33333333333333
nearestEnemy > launch > rewind,dense8,,4,60,3,191.83333333333334,162.83333333333334,217.83333333333334,161,0,0,0,0,28,56,1.5499999999999996,0.06666666666666667,165
nearestEnemy > launch > pursue,dense8,,3,60,3,325.9444444444444,276.8333333333333,369.5,276.6666666666667,0,0,0,0,19,95,1.6499999999999992,0.06666666666666667,284.3333333333333
nearestEnemy > sequence > boomerang,dense8,,4,60,3,11.666666666666666,11.666666666666666,11.666666666666666,10,0,0,0,0,30,50,1.5333333333333339,0.16666666666666666,10
nearestEnemy > boomerang > flurry,dense8,,5,60,3,13.999999999999995,13.999999999999996,13.999999999999996,12,0,0,0,0,24,48,1.9499999999999995,0.06666666666666667,12.333333333333334
nearestEnemy > boomerang > rewind,dense8,,5,60,3,10.766666666666667,10.766666666666667,10.766666666666667,9,0,0,0,0,23,46,1.9500000000000004,0.06666666666666667,9
nearestEnemy > boomerang > pursue,dense8,,4,60,3,9.6,9.6,9.6,8,0,0,0,0,32,39,1.4437499999999996,0.06666666666666667,8
nearestEnemy > sequence > homing,dense8,,4,60,3,33.666666666666664,33.666666666666664,33.666666666666664,28,0,0,0,0,28,56,1.6000000000000008,0.16666666666666666,28.333333333333332
nearestEnemy > homing > flurry,dense8,,5,60,3,28,28,28,24,0,0,0,0,24,48,1.9500000000000004,0.06666666666666667,24.333333333333332
nearestEnemy > homing > rewind,dense8,,5,60,3,26.833333333333332,26.833333333333332,26.833333333333332,23,0,0,0,0,23,46,1.9500000000000004,0.06666666666666667,23.333333333333332
nearestEnemy > homing > pursue,dense8,,4,60,3,31.333333333333332,31.333333333333332,31.333333333333332,26,0,0,0,0,27,53,1.5925925925925934,0.06666666666666667,26.333333333333332
nearestEnemy > sequence > laser,dense8,,4,60,3,10.5,10.5,10.5,9,0,0,0,0,27,45,1.5999999999999999,0.16666666666666666,9
nearestEnemy > laser > flurry,dense8,,5,60,3,12.83333333333333,12.83333333333333,12.83333333333333,11,0,0,0,0,22,44,2.0500000000000003,0.06666666666666667,11.333333333333334
nearestEnemy > laser > rewind,dense8,,5,60,3,9.866666666666667,9.866666666666667,9.866666666666667,8,0,0,0,0,20,40,2.05,0.06666666666666667,8
nearestEnemy > laser > pursue,dense8,,4,60,3,8.7,8.7,8.7,7,0,0,0,0,30,37,1.4699999999999995,0.06666666666666667,7
nearestEnemy > sequence > chain,dense8,,4,60,3,77.86666666666666,77.86666666666666,77.86666666666666,64,0,0,0,0,25,50,1.7000000000000002,0.16666666666666666,66.66666666666667
nearestEnemy > chain > flurry,dense8,,5,60,3,84.00000000000004,84.00000000000004,84.00000000000004,72,0,0,0,0,18,54,2.3500000000000005,0.06666666666666667,74.66666666666667
nearestEnemy > chain > rewind,dense8,,5,60,3,65.33333333333333,65.33333333333333,65.33333333333333,56,0,0,0,0,20,40,2.05,0.06666666666666667,58.666666666666664
nearestEnemy > chain > pursue,dense8,,4,60,3,57.6,57.6,57.6,48,0,0,0,0,31,37,1.458064516129032,0.06666666666666667,50.333333333333336
nearestEnemy > sequence > meteor,dense8,,4,60,3,29.166666666666668,29.166666666666668,29.166666666666668,25,0,0,0,0,25,50,1.7000000000000002,0.9666666666666665,26.333333333333332
nearestEnemy > meteor > flurry,dense8,,5,60,3,21,21,21,18,0,0,0,0,18,54,2.3500000000000005,0.8666666666666666,20
nearestEnemy > meteor > rewind,dense8,,5,60,3,23.333333333333332,23.333333333333332,23.333333333333332,20,0,0,0,0,20,40,2.05,0.8666666666666666,22.333333333333332
nearestEnemy > meteor > pursue,dense8,,4,60,3,19.466666666666665,19.466666666666665,19.466666666666665,16,0,0,0,0,33,33,1.3999999999999992,0.8666666666666666,17.333333333333332
nearestEnemy > sequence > blades,dense8,,5,60,3,25.666666666666668,25.666666666666668,25.666666666666668,22,0,0,0,0,22,44,2.0499999999999994,0.16666666666666666,24.333333333333332
nearestEnemy > blades > flurry,dense8,,6,60,3,18.933333333333334,18.933333333333334,18.933333333333334,16,0,0,0,0,16,48,2.7000000000000006,0.06666666666666667,18
nearestEnemy > blades > rewind,dense8,,6,60,3,21.533333333333335,21.533333333333335,21.533333333333335,18,0,0,0,0,18,36,2.399999999999999,0.06666666666666667,20.333333333333332
nearestEnemy > blades > pursue,dense8,,5,60,3,31.899999999999995,31.9,31.9,27,0,0,0,0,28,28,1.75,0.06666666666666667,29
nearestEnemy > sequence > root,dense8,,4,60,3,0,0,0,0,0.11687499999999869,0,0,0,28,56,1.6000000000000008,,0
nearestEnemy > root > flurry,dense8,,5,60,3,0,0,0,0,0.09986111111111078,0,0,0,21,63,2.1499999999999995,,0
nearestEnemy > root > rewind,dense8,,5,60,3,0,0,0,0,0.10194444444444399,0,0,0,23,46,1.9500000000000004,,0
nearestEnemy > root > pursue,dense8,,4,60,3,0,0,0,0,0.12486111111110935,0,0,0,35,35,1.3999999999999992,,0
nearestEnemy > sequence > mark,dense8,,3,60,3,0,0,0,0,0,0,0,0,40,80,1.149999999999999,,0
nearestEnemy > mark > flurry,dense8,,4,60,3,0,0,0,0,0,0,0,0,30,90,1.6000000000000008,,0
nearestEnemy > mark > rewind,dense8,,4,60,3,0,0,0,0,0,0,0,0,30,60,1.5,,0
nearestEnemy > mark > pursue,dense8,,3,60,3,0,0,0,0,0,0,0,0,46,46,1.0499999999999994,,0
nearestEnemy > sequence > burn,dense8,,4,60,3,18.416666666666668,18.416666666666668,18.416666666666668,15,0,0,0,0,31,47,1.5032258064516129,0.19999999999999998,15
nearestEnemy > burn > flurry,dense8,,5,60,3,24.3,24.3,24.3,20,0,0,0,0,21,63,2.1499999999999995,0.10000000000000002,20
nearestEnemy > burn > rewind,dense8,,5,60,3,26.3,26.3,26.3,22,0,0,0,0,23,46,1.9500000000000004,0.10000000000000002,22
nearestEnemy > burn > pursue,dense8,,4,60,3,20.333333333333332,20.333333333333332,20.333333333333332,17,0,0,0,0,35,35,1.3999999999999992,0.10000000000000002,17
nearestEnemy > sequence > fear,dense8,,4,60,3,0,0,0,0,0.07324074074074192,0,0,0,46,32,0.882608695652174,,0
nearestEnemy > fear > flurry,dense8,,5,60,3,0,0,0,0,0.08333333333333394,0,0,0,32,48,1.3249999999999997,,0
nearestEnemy > fear > rewind,dense8,,5,60,3,0,0,0,0,0.06666666666666822,0,0,0,39,16,0.7974358974358974,,0
nearestEnemy > fear > pursue,dense8,,4,60,3,0,0,0,0,0.06611111111111265,0,0,0,53,16,0.771698113207547,,0
nearestEnemy > sequence > execute,dense8,,4,60,3,33.5,33.5,33.5,28,0,0,0,0,28,56,1.6000000000000008,0.16666666666666666,28
nearestEnemy > execute > flurry,dense8,,5,60,3,28,28,28,24,0,0,0,0,24,48,1.9500000000000004,0.06666666666666667,24
nearestEnemy > execute > rewind,dense8,,5,60,3,26.833333333333332,26.833333333333332,26.833333333333332,23,0,0,0,0,23,46,1.9500000000000004,0.06666666666666667,23
nearestEnemy > execute > pursue,dense8,,4,60,3,31.166666666666668,31.166666666666668,31.166666666666668,26,0,0,0,0,27,53,1.5925925925925934,0.06666666666666667,26
nearestEnemy > sequence > drain,dense8,,4,60,3,33.666666666666664,33.666666666666664,33.666666666666664,28,0,50,0,0,28,56,1.6000000000000008,0.16666666666666666,28.333333333333332
nearestEnemy > drain > flurry,dense8,,5,60,3,28,28,28,24,0,50,0,0,24,48,1.9500000000000004,0.06666666666666667,24.333333333333332
nearestEnemy > drain > rewind,dense8,,5,60,3,26.833333333333332,26.833333333333332,26.833333333333332,23,0,50,0,0,23,46,1.9500000000000004,0.06666666666666667,23.333333333333332
nearestEnemy > drain > pursue,dense8,,4,60,3,31.333333333333332,31.333333333333332,31.333333333333332,26,0,50,0,0,27,53,1.5925925925925934,0.06666666666666667,26.333333333333332
nearestEnemy > sequence > blink,dense8,,4,60,3,0,0,0,0,0,0,0,0,41,32,0.9487804878048779,,0
nearestEnemy > blink > flurry,dense8,,5,60,3,0,0,0,0,0,0,0,0,45,24,0.8111111111111112,,0
nearestEnemy > blink > rewind,dense8,,5,60,3,0,0,0,0,0,0,0,0,32,24,1.0625,,0
nearestEnemy > blink > pursue,dense8,,4,60,3,0,0,0,0,0,0,0,0,42,24,1.014285714285714,,0
nearestEnemy > sequence > dash,dense8,,4,60,3,0,0,0,0,0,0,0,0,41,32,0.9487804878048779,,0
nearestEnemy > dash > flurry,dense8,,5,60,3,0,0,0,0,0,0,0,0,45,24,0.8111111111111112,,0
nearestEnemy > dash > rewind,dense8,,5,60,3,0,0,0,0,0,0,0,0,32,24,1.0625,,0
nearestEnemy > dash > pursue,dense8,,4,60,3,0,0,0,0,0,0,0,0,42,24,1.014285714285714,,0
nearestEnemy > sequence > archer,dense8,,5,60,3,90.6111111111111,89.16666666666667,91.33333333333333,77,0,0,0,0,20,39.333333333333336,2.136666666666666,0.36666666666666664,85.33333333333333
nearestEnemy > archer > flurry,dense8,,6,60,3,93.8888888888889,92.33333333333333,94.66666666666667,80,0,0,0,0,14.333333333333334,41.333333333333336,2.8288888888888883,0.26666666666666666,87.66666666666667
nearestEnemy > archer > rewind,dense8,,6,60,3,82.44444444444444,79.66666666666667,83.83333333333333,69.66666666666667,0,0,0,0,17,33.333333333333336,2.4843137254901957,0.26666666666666666,76.66666666666667
nearestEnemy > archer > pursue,dense8,,5,60,3,65,65,65,55,0,0,0,0,26,26,1.75,0.26666666666666666,60.666666666666664
nearestEnemy > sequence > sacrifice,dense8,,3,60,3,226.33333333333334,226.33333333333334,226.33333333333334,190,0,0,0,0,43,43,1.0499999999999994,0.16666666666666666,194.66666666666666
nearestEnemy > sacrifice > flurry,dense8,,4,60,3,184.33333333333334,184.33333333333334,184.33333333333334,154,0,0,0,0,35,35,1.3999999999999992,0.06666666666666667,157.66666666666666
nearestEnemy > sacrifice > rewind,dense8,,4,60,3,278.8333333333333,278.8333333333333,278.8333333333333,235,0,0,0,0,26,52,1.6000000000000005,0.06666666666666667,240.66666666666666
nearestEnemy > sacrifice > pursue,dense8,,3,60,3,446.8333333333333,446.8333333333333,446.8333333333333,379,0,0,0,0,17,85,1.8500000000000005,0.06666666666666667,351.3333333333333
nearestEnemy > sequence > rally,dense8,,4,60,3,0,0,0,0,0,0,0,0,28,56,1.6000000000000008,,0
nearestEnemy > rally > flurry,dense8,,5,60,3,0,0,0,0,0,0,0,0,21,63,2.1499999999999995,,0
nearestEnemy > rally > rewind,dense8,,5,60,3,0,0,0,0,0,0,0,0,23,46,1.9500000000000004,,0
nearestEnemy > rally > pursue,dense8,,4,60,3,0,0,0,0,0,0,0,0,35,35,1.3999999999999992,,0
nearestEnemy > sequence > ward,dense8,,6,60,3,0,0,0,0,0,0,0,0,38,16,0.9210526315789473,,2
nearestEnemy > ward > flurry,dense8,,7,60,3,0,0,0,0,0,0,0,0,30,24,1.2333333333333334,,3
nearestEnemy > ward > rewind,dense8,,7,60,3,0,0,0,0,0,0,0,0,31,8,0.8032258064516129,,2
nearestEnemy > ward > pursue,dense8,,6,60,3,0,0,0,0,0,0,0,0,44,8,0.7909090909090909,,2
nearestEnemy > sequence > spread,dense8,,3,60,3,0,0,0,0,0,0,0,0,34,68,1.2499999999999998,,0
nearestEnemy > spread > flurry,dense8,,4,60,3,0,0,0,0,0,0,0,0,24,72,1.7999999999999996,,0
nearestEnemy > spread > rewind,dense8,,4,60,3,0,0,0,0,0,0,0,0,26,52,1.6000000000000005,,0
nearestEnemy > spread > pursue,dense8,,3,60,3,0,0,0,0,0,0,0,0,43,43,1.0499999999999994,,0
nearestEnemy > sequence > snipe,dense8,,5,60,3,32.666666666666664,32.666666666666664,32.666666666666664,28,0,0,0,0,28,28,1.75,0.16666666666666666,28
nearestEnemy > snipe > flurry,dense8,,6,60,3,28,28,28,24,0,0,0,0,24,24,2.100000000000001,0.06666666666666667,24
nearestEnemy > snipe > rewind,dense8,,6,60,3,44.333333333333336,44.333333333333336,44.333333333333336,38,0,0,0,0,18,36,2.399999999999999,0.06666666666666667,38
nearestEnemy > snipe > pursue,dense8,,5,60,3,70,70,70,60,0,0,0,0,12,60,2.9499999999999997,0.06666666666666667,60.666666666666664
nearestEnemy > sequence > refresh,dense8,,3,180,3,0,0,0,0,0,0,0,0,216,0,0.5,,0
nearestEnemy > refresh > flurry,dense8,,4,180,3,0,0,0,0,0,0,0,0,216,0,0.5,,0
nearestEnemy > refresh > rewind,dense8,,4,180,3,0,0,0,0,0,0,0,0,159,0,0.5,,0
nearestEnemy > refresh > pursue,dense8,,3,180,3,0,0,0,0,0,0,0,0,216,0,0.5,,0
nearestEnemy > sequence > split,dense8,,3,180,3,0,0,0,0,0,0,0,0,93,186,1.299999999999998,,0
nearestEnemy > split > flurry,dense8,,4,180,3,0,0,0,0,0,0,0,0,64,192,1.9000000000000021,,0
nearestEnemy > split > rewind,dense8,,4,180,3,0,0,0,0,0,0,0,0,73,146,1.6500000000000021,,0
nearestEnemy > split > pursue,dense8,,3,180,3,0,0,0,0,0,0,0,0,123,123,1.0499999999999983,,0
nearestEnemy > sequence > absorb,dense8,,3,60,3,51.333333333333336,51.333333333333336,51.333333333333336,44,0,50,0,0,44,44,1.0499999999999994,0.16666666666666666,44.333333333333336
nearestEnemy > absorb > flurry,dense8,,4,60,3,42,42,42,36,0,50,0,0,36,36,1.3999999999999992,0.06666666666666667,36.333333333333336
nearestEnemy > absorb > rewind,dense8,,4,60,3,65.33333333333333,65.33333333333333,65.33333333333333,56,0,50,0,0,28,56,1.5499999999999996,0.06666666666666667,56.666666666666664
nearestEnemy > absorb > pursue,dense8,,3,60,3,110.83333333333333,110.83333333333333,110.83333333333333,95,0,50,0,0,19,95,1.6499999999999992,0.06666666666666667,96.66666666666667
nearestEnemy > sequence > swap,dense8,,3,60,3,0,0,0,0,0,0,0,0,31,62,1.2999999999999996,,0
nearestEnemy > swap > flurry,dense8,,4,60,3,0,0,0,0,0,0,0,0,22,66,1.8999999999999992,,0
nearestEnemy > swap > rewind,dense8,,4,60,3,0,0,0,0,0,0,0,0,24,48,1.6499999999999992,,0
nearestEnemy > swap > pursue,dense8,,3,60,3,0,0,0,0,0,0,0,0,41,41,1.0499999999999996,,0
woundedEnemies > execute > pursue,boss,,6,60,3,0,0,0,0,0,0,0,0,69,0,0.5,,0
enemies > snipe > flurry,boss,,11,60,3,61.6,61.6,61.6,1,0,0,0,0,11,32,4.422727272727273,0.06666666666666667,1
enemies > frost > sequence > root,boss,,11,60,3,0.8666666666666667,0.8666666666666667,0.8666666666666667,0,0.49888888888889965,0,0,0,13,39,4.049999999999999,0.06666666666666667,0
ahead > turret > objects > rage,boss,,9,60,3,38.71666666666667,38.71666666666667,38.71666666666667,0,0,0,0,0,14,66,3.692857142857143,0.2333333333333333,4
ahead > turret > objects > focus,boss,,9,60,3,32.71666666666667,32.71666666666667,32.71666666666667,0,0,0,0,0,14,66,3.692857142857143,0.2333333333333333,4
ahead > turret > objects > refresh,boss,,8,180,3,73,73,73,3,0,0,0,0,38,439,4.232894736842105,0.2333333333333333,15
ahead > turret > objects > prolong,boss,,8,180,3,71.97222222222223,71.97222222222223,71.97222222222223,3,0,0,0,0,34,384,4.658823529411765,0.2333333333333333,16
gems > split,boss,,3,180,3,0,0,0,0,0,0,0,0.015625,10,1022.3333333333334,26.358333333333334,,1022.6666666666666
gems > harvest > absorb,boss,,5,60,3,0,0,0,0,0,0,0,3,63,2,0.5198412698412699,,1
nearestEnemy > mark > snipe,boss,,5,60,3,89.40000000000002,89.4,89.4,1,0,0,0,0,28,56,1.75,0.16666666666666666,1
nearestEnemy > sequence > bolt,boss,,3,60,3,19.733333333333334,19.733333333333334,19.733333333333334,0,0,0,0,0,37,74,1.2000000000000004,0.41111111111111104,2
nearestEnemy > bolt > flurry,boss,,4,60,3,26,26,26,0,0,0,0,0,26,78,1.7000000000000004,0.3111111111111111,3
nearestEnemy > bolt > rewind,boss,,4,60,3,14.933333333333332,14.933333333333334,14.933333333333334,0,0,0,0,0,28,56,1.5499999999999996,0.3111111111111111,2
nearestEnemy > bolt > pursue,boss,,3,60,3,11.733333333333333,11.733333333333333,11.733333333333333,0,0,0,0,0,44,44,1.0499999999999994,0.3111111111111111,1
nearestEnemy > sequence > slash,boss,,4,60,3,20,20,20,0,0,0,0,0,30,60,1.5499999999999996,0.16666666666666666,0
nearestEnemy > slash > flurry,boss,,5,60,3,28.520000000000028,28.520000000000028,28.520000000000028,0,0,0,0,0,23,69,2.0499999999999994,0.06666666666666667,0
nearestEnemy > slash > rewind,boss,,5,60,3,16,16,16,0,0,0,0,0,24,48,1.8999999999999992,0.06666666666666667,0
nearestEnemy > slash > pursue,boss,,4,60,3,12,12,12,0,0,0,0,0,36,36,1.3999999999999992,0.06666666666666667,0
nearestEnemy > sequence > explode,boss,,4,60,3,18.333333333333332,18.333333333333332,18.333333333333332,0,0,0,0,0,25,50,1.7000000000000002,0.16666666666666666,0
nearestEnemy > explode > flurry,boss,,5,60,3,24.479999999999972,24.479999999999972,24.479999999999972,0,0,0,0,0,18,54,2.3500000000000005,0.06666666666666667,0
nearestEnemy > explode > rewind,boss,,5,60,3,15.4,15.4,15.4,0,0,0,0,0,20,40,2.05,0.06666666666666667,0
nearestEnemy > explode > pursue,boss,,4,60,3,12.1,12.1,12.1,0,0,0,0,0,33,33,1.3999999999999992,0.06666666666666667,0
nearestEnemy > sequence > frost,boss,,4,60,3,3.533333333333333,3.533333333333333,3.533333333333333,0,0.30388888888889,0,0,0,26,52,1.6499999999999992,0.16666666666666666,0
nearestEnemy > frost > flurry,boss,,5,60,3,5.319999999999913,5.319999999999913,5.319999999999913,0,0.32722222222222447,0,0,0,19,57,2.25,0.06666666666666667,0
nearestEnemy > frost > rewind,boss,,5,60,3,2.933333333333333,2.933333333333333,2.933333333333333,0,0.30555555555555675,0,0,0,22,44,2,0.06666666666666667,0
nearestEnemy > frost > pursue,boss,,4,60,3,2.2666666666666666,2.2666666666666666,2.2666666666666666,0,0.24555555555555486,0,0,0,34,34,1.3999999999999992,0.06666666666666667,0
nearestEnemy > sequence > poison,boss,,5,60,3,11.366666666666667,11.366666666666667,11.366666666666667,0,0,0,0,0,22,44,2.0499999999999994,0.16666666666666666,4
nearestEnemy > poison > flurry,boss,,6,60,3,12.800000000000002,12.8,12.8,0,0,0,0,0,16,48,2.7000000000000006,0.06666666666666667,4
nearestEnemy > poison > rewind,boss,,6,60,3,9.666666666666666,9.666666666666666,9.666666666666666,0,0,0,0,0,18,36,2.399999999999999,0.06666666666666667,4
nearestEnemy > poison > pursue,boss,,5,60,3,7.2,7.2,7.2,0,0,0,0,0,28,28,1.75,0.06666666666666667,2
nearestEnemy > sequence > vortex,boss,,4,60,3,0,0,0,0,0,0,0,0,25,50,1.7000000000000002,,2
nearestEnemy > vortex > flurry,boss,,5,60,3,0,0,0,0,0,0,0,0,18,54,2.3500000000000005,,3
nearestEnemy > vortex > rewind,boss,,5,60,3,0,0,0,0,0,0,0,0,20,40,2.05,,2
nearestEnemy > vortex > pursue,boss,,4,60,3,0,0,0,0,0,0,0,0,33,33,1.3999999999999992,,1
nearestEnemy > sequence > shockwave,boss,,3,60,3,8.266666666666667,8.266666666666667,8.266666666666667,0,0,0,0,0,31,62,1.2999999999999996,0.16666666666666666,0
nearestEnemy > shockwave > flurry,boss,,4,60,3,11.440000000000103,11.4400000000001,11.4400000000001,0,0,0,0,0,22,66,1.8999999999999992,0.06666666666666667,0
nearestEnemy > shockwave > rewind,boss,,4,60,3,6.666666666666667,6.666666666666667,6.666666666666667,0,0,0,0,0,24,48,1.6499999999999992,0.06666666666666667,0
nearestEnemy > shockwave > pursue,boss,,3,60,3,5.466666666666666,5.466666666666667,5.466666666666667,0,0,0,0,0,41,41,1.0499999999999996,0.06666666666666667,0
nearestEnemy > sequence > summon,boss,,5,60,3,72,72,72,1,0,0,0,0,20,39,2.1299999999999994,0.36666666666666664,7
nearestEnemy > summon > flurry,boss,,6,60,3,75.73333333333333,75.73333333333333,75.73333333333333,1,0,0,0,0,14,42,2.899999999999999,0.26666666666666666,7
nearestEnemy > summon > rewind,boss,,6,60,3,66,66,66,1,0,0,0,0,17,33,2.4764705882352938,0.26666666666666666,6
nearestEnemy > summon > pursue,boss,,5,60,3,52,52,52,0,0,0,0,0,26,26,1.75,0.26666666666666666,5
nearestEnemy > sequence > heal,boss,,5,60,3,0,0,0,0,0,0,0,0,22,44,2.0499999999999994,,0
nearestEnemy > heal > flurry,boss,,6,60,3,0,0,0,0,0,0,0,0,16,48,2.7000000000000006,,0
nearestEnemy > heal > rewind,boss,,6,60,3,0,0,0,0,0,0,0,0,18,36,2.399999999999999,,0
nearestEnemy > heal > pursue,boss,,5,60,3,0,0,0,0,0,0,0,0,28,28,1.75,,0
nearestEnemy > sequence > mend,boss,,5,60,3,0,0,0,0,0,0,0,0,22,44,2.0499999999999994,,0
nearestEnemy > mend > flurry,boss,,6,60,3,0,0,0,0,0,0,0,0,16,48,2.7000000000000006,,0
nearestEnemy > mend > rewind,boss,,6,60,3,0,0,0,0,0,0,0,0,18,36,2.399999999999999,,0
nearestEnemy > mend > pursue,boss,,5,60,3,0,0,0,0,0,0,0,0,28,28,1.75,,0
nearestEnemy > sequence > shield,boss,,4,60,3,0,0,0,0,0,0,0,0,25,50,1.7000000000000002,,0
nearestEnemy > shield > flurry,boss,,5,60,3,0,0,0,0,0,0,0,0,18,54,2.3500000000000005,,0
nearestEnemy > shield > rewind,boss,,5,60,3,0,0,0,0,0,0,0,0,20,40,2.05,,0
nearestEnemy > shield > pursue,boss,,4,60,3,0,0,0,0,0,0,0,0,33,33,1.3999999999999992,,0
nearestEnemy > sequence > haste,boss,,4,60,3,0,0,0,0,0,0,0,0,28,56,1.6000000000000008,,0
nearestEnemy > haste > flurry,boss,,5,60,3,0,0,0,0,0,0,0,0,21,63,2.1499999999999995,,0
nearestEnemy > haste > rewind,boss,,5,60,3,0,0,0,0,0,0,0,0,23,46,1.9500000000000004,,0
nearestEnemy > haste > pursue,boss,,4,60,3,0,0,0,0,0,0,0,0,35,35,1.3999999999999992,,0
nearestEnemy > sequence > rage,boss,,4,60,3,0,0,0,0,0,0,0,0,28,56,1.6000000000000008,,0
nearestEnemy > rage > flurry,boss,,5,60,3,0,0,0,0,0,0,0,0,21,63,2.1499999999999995,,0
nearestEnemy > rage > rewind,boss,,5,60,3,0,0,0,0,0,0,0,0,23,46,1.9500000000000004,,0
nearestEnemy > rage > pursue,boss,,4,60,3,0,0,0,0,0,0,0,0,35,35,1.3999999999999992,,0
nearestEnemy > sequence > scatter,boss,,4,60,3,53.20000000000001,53.2,53.2,0,0,0,0,0,28,56,1.6000000000000008,0.16666666666666666,0
nearestEnemy > scatter > flurry,boss,,5,60,3,70.2,70.2,70.2,1,0,0,0,0,21,63,2.1499999999999995,0.06666666666666667,1
nearestEnemy > scatter > rewind,boss,,5,60,3,42.93333333333333,42.93333333333333,42.93333333333333,0,0,0,0,0,23,46,1.9500000000000004,0.06666666666666667,0
nearestEnemy > scatter > pursue,boss,,4,60,3,32.666666666666664,32.666666666666664,32.666666666666664,0,0,0,0,0,35,35,1.3999999999999992,0.06666666666666667,0
nearestEnemy > sequence > lance,boss,,4,60,3,11.4,11.4,11.4,0,0,0,0,0,28,56,1.6000000000000008,0.16666666666666666,0
nearestEnemy > lance > flurry,boss,,5,60,3,15.95999999999997,15.959999999999969,15.959999999999969,0,0,0,0,0,21,63,2.1499999999999995,0.06666666666666667,0
nearestEnemy > lance > rewind,boss,,5,60,3,9.2,9.2,9.2,0,0,0,0,0,23,46,1.9500000000000004,0.06666666666666667,0
nearestEnemy > lance > pursue,boss,,4,60,3,7,7,7,0,0,0,0,0,35,35,1.3999999999999992,0.06666666666666667,0
nearestEnemy > sequence > focus,boss,,4,60,3,0,0,0,0,0,0,0,0,28,56,1.6000000000000008,,0
nearestEnemy > focus > flurry,boss,,5,60,3,0,0,0,0,0,0,0,0,21,63,2.1499999999999995,,0
nearestEnemy > focus > rewind,boss,,5,60,3,0,0,0,0,0,0,0,0,23,46,1.9500000000000004,,0
nearestEnemy > focus > pursue,boss,,4,60,3,0,0,0,0,0,0,0,0,35,35,1.3999999999999992,,0
nearestEnemy > sequence > amplify,boss,,4,60,3,0,0,0,0,0,0,0,0,28,56,1.6000000000000008,,0
nearestEnemy > amplify > flurry,boss,,5,60,3,0,0,0,0,0,0,0,0,21,63,2.1499999999999995,,0
nearestEnemy > amplify > rewind,boss,,5,60,3,0,0,0,0,0,0,0,0,23,46,1.9500000000000004,,0
nearestEnemy > amplify > pursue,boss,,4,60,3,0,0,0,0,0,0,0,0,35,35,1.3999999999999992,,0
nearestEnemy > sequence > prolong,boss,,3,180,3,0,0,0,0,0,0,0,0,208,0,0.5,,0
nearestEnemy > prolong > flurry,boss,,4,180,3,0,0,0,0,0,0,0,0,208,0,0.5,,0
nearestEnemy > prolong > rewind,boss,,4,180,3,0,0,0,0,0,0,0,0,146,0,0.5,,0
nearestEnemy > prolong > pursue,boss,,3,180,3,0,0,0,0,0,0,0,0,208,0,0.5,,0
nearestEnemy > sequence > regen,boss,,4,60,3,0,0,0,0,0,0,0,0,28,56,1.6000000000000008,,0
nearestEnemy > regen > flurry,boss,,5,60,3,0,0,0,0,0,0,0,0,21,63,2.1499999999999995,,0
nearestEnemy > regen > rewind,boss,,5,60,3,0,0,0,0,0,0,0,0,23,46,1.9500000000000004,,0
nearestEnemy > regen > pursue,boss,,4,60,3,0,0,0,0,0,0,0,0,35,35,1.3999999999999992,,0
nearestEnemy > sequence > armor,boss,,4,60,3,0,0,0,0,0,0,0,0,28,56,1.6000000000000008,,0
nearestEnemy > armor > flurry,boss,,5,60,3,0,0,0,0,0,0,0,0,21,63,2.1499999999999995,,0
nearestEnemy > armor > rewind,boss,,5,60,3,0,0,0,0,0,0,0,0,23,46,1.9500000000000004,,0
nearestEnemy > armor > pursue,boss,,4,60,3,0,0,0,0,0,0,0,0,35,35,1.3999999999999992,,0
nearestEnemy > sequence > pull,boss,,3,60,3,0,0,0,0,0,0,0,0,34,68,1.2499999999999998,,0
nearestEnemy > pull > flurry,boss,,4,60,3,0,0,0,0,0,0,0,0,24,72,1.7999999999999996,,0
nearestEnemy > pull > rewind,boss,,4,60,3,0,0,0,0,0,0,0,0,26,52,1.6000000000000005,,0
nearestEnemy > pull > pursue,boss,,3,60,3,0,0,0,0,0,0,0,0,43,43,1.0499999999999994,,0
gems > sequence > magnet,boss,,4,60,3,0,0,0,0,0,0,0,2,71,2,0.5147887323943662,,1
gems > magnet > flurry,boss,,5,60,3,0,0,0,0,0,0,0,2,70,3,0.5221428571428571,,1
gems > magnet > rewind,boss,,5,60,3,0,0,0,0,0,0,0,2,52,2,0.5269230769230769,,1
gems > magnet > pursue,boss,,4,60,3,0,0,0,0,0,0,0,2,71,1,0.5126760563380282,,1
nearestEnemy > sequence > harvest,boss,,4,60,3,0,0,0,0,0,0,0,0,28,56,1.6000000000000008,,0
nearestEnemy > harvest > flurry,boss,,5,60,3,0,0,0,0,0,0,0,0,21,63,2.1499999999999995,,0
nearestEnemy > harvest > rewind,boss,,5,60,3,0,0,0,0,0,0,0,0,23,46,1.9500000000000004,,0
nearestEnemy > harvest > pursue,boss,,4,60,3,0,0,0,0,0,0,0,0,35,35,1.3999999999999992,,0
nearestEnemy > sequence > orb,boss,,4,60,3,32,32,32,0,0,0,0,0,28,56,1.6000000000000008,0.36666666666666664,8
nearestEnemy > orb > flurry,boss,,5,60,3,35.6,35.6,35.6,0,0,0,0,0,21,63,2.1499999999999995,0.26666666666666666,9
nearestEnemy > orb > rewind,boss,,5,60,3,25.7,25.7,25.7,0,0,0,0,0,23,46,1.9500000000000004,0.26666666666666666,6
nearestEnemy > orb > pursue,boss,,4,60,3,19.666666666666668,19.666666666666668,19.666666666666668,0,0,0,0,0,35,35,1.3999999999999992,0.26666666666666666,5
nearestEnemy > sequence > mine,boss,,4,60,3,33.6,33.6,33.6,0,0,0,0,0,28,56,1.6000000000000008,0.6666666666666666,2
nearestEnemy > mine > flurry,boss,,5,60,3,37.8,37.8,37.8,0,0,0,0,0,21,63,2.1499999999999995,0.5666666666666667,2
nearestEnemy > mine > rewind,boss,,5,60,3,27.600000000000005,27.6,27.6,0,0,0,0,0,23,46,1.9500000000000004,0.5666666666666667,2
nearestEnemy > mine > pursue,boss,,4,60,3,21,21,21,0,0,0,0,0,35,35,1.3999999999999992,0.5666666666666667,1
nearestEnemy > sequence > turret,boss,,5,60,3,58.583333333333336,58.583333333333336,58.583333333333336,0,0,0,0,0,21,42,2.1000000000000005,0.36666666666666664,10
nearestEnemy > turret > flurry,boss,,6,60,3,64.91666666666667,64.91666666666667,64.91666666666667,1,0,0,0,0,15,45,2.7999999999999994,0.26666666666666666,13
nearestEnemy > turret > rewind,boss,,6,60,3,49.916666666666664,49.916666666666664,49.916666666666664,0,0,0,0,0,18,36,2.4500000000000006,0.26666666666666666,9
nearestEnemy > turret > pursue,boss,,5,60,3,38,38,38,0,0,0,0,0,27,27,1.75,0.26666666666666666,7
nearestEnemy > sequence > decoy,boss,,5,60,3,0,0,0,0,0,0,0,0,22,44,2.0499999999999994,,6
nearestEnemy > decoy > flurry,boss,,6,60,3,0,0,0,0,0,0,0,0,16,48,2.7000000000000006,,6
nearestEnemy > decoy > rewind,boss,,6,60,3,0,0,0,0,0,0,0,0,18,36,2.399999999999999,,4
nearestEnemy > decoy > pursue,boss,,5,60,3,0,0,0,0,0,0,0,0,28,28,1.75,,3
nearestEnemy > sequence > detonate,boss,,3,60,3,2580,2580,2580,43,0,0,0,0,43,43,1.0499999999999994,0.16666666666666666,43
nearestEnemy > detonate > flurry,boss,,4,60,3,2100,2100,2100,35,0,0,0,0,35,35,1.3999999999999992,0.06666666666666667,35
nearestEnemy > detonate > rewind,boss,,4,60,3,3180,3180,3180,53,0,0,0,0,26,52,1.6000000000000005,0.06666666666666667,53
nearestEnemy > detonate > pursue,boss,,3,60,3,5100,5100,5100,85,0,0,0,0,17,85,1.8500000000000005,0.06666666666666667,85
nearestEnemy > sequence > launch,boss,,3,60,3,2640.4333333333334,2640.4333333333334,2640.4333333333334,44,0,0,0,0,44,44,1.0499999999999994,0.16666666666666666,45
nearestEnemy > launch > flurry,boss,,4,60,3,2160.4333333333334,2160.4333333333334,2160.4333333333334,36,0,0,0,0,36,36,1.3999999999999992,0.06666666666666667,37
nearestEnemy > launch > rewind,boss,,4,60,3,3360.433333333333,3360.4333333333334,3360.4333333333334,56,0,0,0,0,28,56,1.5499999999999996,0.06666666666666667,58
nearestEnemy > launch > pursue,boss,,3,60,3,5700.433333333333,5700.433333333333,5700.433333333333,95,0,0,0,0,19,95,1.6499999999999992,0.06666666666666667,99
nearestEnemy > sequence > boomerang,boss,,4,60,3,11.4,11.4,11.4,0,0,0,0,0,28,56,1.6000000000000008,0.16666666666666666,0
nearestEnemy > boomerang > flurry,boss,,5,60,3,15.95999999999997,15.959999999999969,15.959999999999969,0,0,0,0,0,21,63,2.1499999999999995,0.06666666666666667,0
nearestEnemy > boomerang > rewind,boss,,5,60,3,9.2,9.2,9.2,0,0,0,0,0,23,46,1.9500000000000004,0.06666666666666667,0
nearestEnemy > boomerang > pursue,boss,,4,60,3,7,7,7,0,0,0,0,0,35,35,1.3999999999999992,0.06666666666666667,0
nearestEnemy > sequence > homing,boss,,4,60,3,53.20000000000001,53.2,53.2,0,0,0,0,0,28,56,1.6000000000000008,0.16666666666666666,0
nearestEnemy > homing > flurry,boss,,5,60,3,70.2,70.2,70.2,1,0,0,0,0,21,63,2.1499999999999995,0.06666666666666667,1
nearestEnemy > homing > rewind,boss,,5,60,3,42.93333333333333,42.93333333333333,42.93333333333333,0,0,0,0,0,23,46,1.9500000000000004,0.06666666666666667,0
nearestEnemy > homing > pursue,boss,,4,60,3,32.666666666666664,32.666666666666664,32.666666666666664,0,0,0,0,0,35,35,1.3999999999999992,0.06666666666666667,0
nearestEnemy > sequence > laser,boss,,4,60,3,10,10,10,0,0,0,0,0,25,50,1.7000000000000002,0.16666666666666666,0
nearestEnemy > laser > flurry,boss,,5,60,3,13.679999999999973,13.679999999999973,13.679999999999973,0,0,0,0,0,18,54,2.3500000000000005,0.06666666666666667,0
nearestEnemy > laser > rewind,boss,,5,60,3,8.4,8.4,8.4,0,0,0,0,0,20,40,2.05,0.06666666666666667,0
nearestEnemy > laser > pursue,boss,,4,60,3,6.599999999999999,6.6,6.6,0,0,0,0,0,33,33,1.3999999999999992,0.06666666666666667,0
nearestEnemy > sequence > chain,boss,,4,60,3,6.666666666666667,6.666666666666667,6.666666666666667,0,0,0,0,0,25,50,1.7000000000000002,0.16666666666666666,0
nearestEnemy > chain > flurry,boss,,5,60,3,9.360000000000081,9.360000000000081,9.360000000000081,0,0,0,0,0,18,54,2.3500000000000005,0.06666666666666667,0
nearestEnemy > chain > rewind,boss,,5,60,3,5.599999999999999,5.6,5.6,0,0,0,0,0,20,40,2.05,0.06666666666666667,0
nearestEnemy > chain > pursue,boss,,4,60,3,4.4,4.4,4.4,0,0,0,0,0,33,33,1.3999999999999992,0.06666666666666667,0
nearestEnemy > sequence > meteor,boss,,4,60,3,36.666666666666664,36.666666666666664,36.666666666666664,0,0,0,0,0,25,50,1.7000000000000002,0.9666666666666665,2
nearestEnemy > meteor > flurry,boss,,5,60,3,39.6,39.6,39.6,0,0,0,0,0,18,54,2.3500000000000005,0.8666666666666666,3
nearestEnemy > meteor > rewind,boss,,5,60,3,29.333333333333332,29.333333333333332,29.333333333333332,0,0,0,0,0,20,40,2.05,0.8666666666666666,2
nearestEnemy > meteor > pursue,boss,,4,60,3,24.2,24.2,24.2,0,0,0,0,0,33,33,1.3999999999999992,0.8666666666666666,1
nearestEnemy > sequence > blades,boss,,5,60,3,66.53333333333333,66.53333333333333,66.53333333333333,1,0,0,0,0,22,44,2.0499999999999994,0.16666666666666666,5
nearestEnemy > blades > flurry,boss,,6,60,3,73.8,73.8,73.8,1,0,0,0,0,16,48,2.7000000000000006,0.06666666666666667,7
nearestEnemy > blades > rewind,boss,,6,60,3,59.4,59.4,59.4,0,0,0,0,0,18,36,2.399999999999999,0.06666666666666667,4
nearestEnemy > blades > pursue,boss,,5,60,3,44.46666666666667,44.46666666666667,44.46666666666667,0,0,0,0,0,28,28,1.75,0.06666666666666667,3
nearestEnemy > sequence > root,boss,,4,60,3,0,0,0,0,0.9349999999999895,0,0,0,28,56,1.6000000000000008,,0
nearestEnemy > root > flurry,boss,,5,60,3,0,0,0,0,0.7988888888888862,0,0,0,21,63,2.1499999999999995,,0
nearestEnemy > root > rewind,boss,,5,60,3,0,0,0,0,0.8155555555555519,0,0,0,23,46,1.9500000000000004,,0
nearestEnemy > root > pursue,boss,,4,60,3,0,0,0,0,0.9988888888888748,0,0,0,35,35,1.3999999999999992,,0
nearestEnemy > sequence > mark,boss,,3,60,3,0,0,0,0,0,0,0,0,40,80,1.149999999999999,,0
nearestEnemy > mark > flurry,boss,,4,60,3,0,0,0,0,0,0,0,0,30,90,1.6000000000000008,,0
nearestEnemy > mark > rewind,boss,,4,60,3,0,0,0,0,0,0,0,0,30,60,1.5,,0
nearestEnemy > mark > pursue,boss,,3,60,3,0,0,0,0,0,0,0,0,46,46,1.0499999999999994,,0
nearestEnemy > sequence > burn,boss,,4,60,3,29.916666666666668,29.916666666666668,29.916666666666668,0,0,0,0,0,28,56,1.6000000000000008,0.19999999999999998,0
nearestEnemy > burn > flurry,boss,,5,60,3,29.966666666666665,29.966666666666665,29.966666666666665,0,0,0,0,0,21,63,2.1499999999999995,0.10000000000000002,0
nearestEnemy > burn > rewind,boss,,5,60,3,29.966666666666665,29.966666666666665,29.966666666666665,0,0,0,0,0,23,46,1.9500000000000004,0.10000000000000002,0
nearestEnemy > burn > pursue,boss,,4,60,3,29.966666666666665,29.966666666666665,29.966666666666665,0,0,0,0,0,35,35,1.3999999999999992,0.10000000000000002,0
nearestEnemy > sequence > fear,boss,,4,60,3,0,0,0,0,0,0,0,0,28,56,1.6000000000000008,,0
nearestEnemy > fear > flurry,boss,,5,60,3,0,0,0,0,0,0,0,0,21,63,2.1499999999999995,,0
nearestEnemy > fear > rewind,boss,,5,60,3,0,0,0,0,0,0,0,0,23,46,1.9500000000000004,,0
nearestEnemy > fear > pursue,boss,,4,60,3,0,0,0,0,0,0,0,0,35,35,1.3999999999999992,,0
nearestEnemy > sequence > execute,boss,,4,60,3,43.70000000000001,43.7,43.7,0,0,0,0,0,28,56,1.6000000000000008,0.16666666666666666,0
nearestEnemy > execute > flurry,boss,,5,60,3,58.79999999999999,58.8,58.8,0,0,0,0,0,21,63,2.1499999999999995,0.06666666666666667,0
nearestEnemy > execute > rewind,boss,,5,60,3,35.266666666666666,35.266666666666666,35.266666666666666,0,0,0,0,0,23,46,1.9500000000000004,0.06666666666666667,0
nearestEnemy > execute > pursue,boss,,4,60,3,26.833333333333332,26.833333333333332,26.833333333333332,0,0,0,0,0,35,35,1.3999999999999992,0.06666666666666667,0
nearestEnemy > sequence > drain,boss,,4,60,3,53.20000000000001,53.2,53.2,0,0,50,0,0,28,56,1.6000000000000008,0.16666666666666666,0
nearestEnemy > drain > flurry,boss,,5,60,3,70.2,70.2,70.2,1,0,50,0,0,21,63,2.1499999999999995,0.06666666666666667,1
nearestEnemy > drain > rewind,boss,,5,60,3,42.93333333333333,42.93333333333333,42.93333333333333,0,0,50,0,0,23,46,1.9500000000000004,0.06666666666666667,0
nearestEnemy > drain > pursue,boss,,4,60,3,32.666666666666664,32.666666666666664,32.666666666666664,0,0,50,0,0,35,35,1.3999999999999992,0.06666666666666667,0
nearestEnemy > sequence > blink,boss,,4,60,3,0,0,0,0,0,0,0,0,61,4,0.5377049180327869,,0
nearestEnemy > blink > flurry,boss,,5,60,3,0,0,0,0,0,0,0,0,62,3,0.5282258064516129,,0
nearestEnemy > blink > rewind,boss,,5,60,3,0,0,0,0,0,0,0,0,43,3,0.563953488372093,,0
nearestEnemy > blink > pursue,boss,,4,60,3,0,0,0,0,0,0,0,0,62,3,0.5435483870967742,,0
nearestEnemy > sequence > dash,boss,,4,60,3,0,0,0,0,0,0,0,0,61,4,0.5377049180327869,,0
nearestEnemy > dash > flurry,boss,,5,60,3,0,0,0,0,0,0,0,0,62,3,0.5282258064516129,,0
nearestEnemy > dash > rewind,boss,,5,60,3,0,0,0,0,0,0,0,0,43,3,0.563953488372093,,0
nearestEnemy > dash > pursue,boss,,4,60,3,0,0,0,0,0,0,0,0,62,3,0.5435483870967742,,0
nearestEnemy > sequence > archer,boss,,5,60,3,54.79999999999999,54.8,54.8,0,0,0,0,0,20,40,2.1499999999999995,0.36666666666666664,6
nearestEnemy > archer > flurry,boss,,6,60,3,56.79999999999999,56.8,56.8,0,0,0,0,0,14,42,2.899999999999999,0.26666666666666666,6
nearestEnemy > archer > rewind,boss,,6,60,3,50.29999999999999,50.3,50.3,0,0,0,0,0,17,34,2.4999999999999996,0.26666666666666666,6
nearestEnemy > archer > pursue,boss,,5,60,3,39,39,39,0,0,0,0,0,26,26,1.75,0.26666666666666666,5
nearestEnemy > sequence > sacrifice,boss,,3,60,3,2580,2580,2580,43,0,0,0,0,43,43,1.0499999999999994,0.16666666666666666,43
nearestEnemy > sacrifice > flurry,boss,,4,60,3,2100,2100,2100,35,0,0,0,0,35,35,1.3999999999999992,0.06666666666666667,35
nearestEnemy > sacrifice > rewind,boss,,4,60,3,3180,3180,3180,53,0,0,0,0,26,52,1.6000000000000005,0.06666666666666667,53
nearestEnemy > sacrifice > pursue,boss,,3,60,3,5100,5100,5100,85,0,0,0,0,17,85,1.8500000000000005,0.06666666666666667,85
nearestEnemy > sequence > rally,boss,,4,60,3,0,0,0,0,0,0,0,0,28,56,1.6000000000000008,,0
nearestEnemy > rally > flurry,boss,,5,60,3,0,0,0,0,0,0,0,0,21,63,2.1499999999999995,,0
nearestEnemy > rally > rewind,boss,,5,60,3,0,0,0,0,0,0,0,0,23,46,1.9500000000000004,,0
nearestEnemy > rally > pursue,boss,,4,60,3,0,0,0,0,0,0,0,0,35,35,1.3999999999999992,,0
nearestEnemy > sequence > ward,boss,,6,60,3,0,0,0,0,0,0,0,0,54,2,0.5370370370370371,,2
nearestEnemy > ward > flurry,boss,,7,60,3,0,0,0,0,0,0,0,0,53,3,0.5518867924528302,,3
nearestEnemy > ward > rewind,boss,,7,60,3,0,0,0,0,0,0,0,0,35,2,0.5671428571428572,,2
nearestEnemy > ward > pursue,boss,,6,60,3,0,0,0,0,0,0,0,0,55,1,0.5290909090909092,,1
nearestEnemy > sequence > spread,boss,,3,60,3,0,0,0,0,0,0,0,0,34,68,1.2499999999999998,,0
nearestEnemy > spread > flurry,boss,,4,60,3,0,0,0,0,0,0,0,0,24,72,1.7999999999999996,,0
nearestEnemy > spread > rewind,boss,,4,60,3,0,0,0,0,0,0,0,0,26,52,1.6000000000000005,,0
nearestEnemy > spread > pursue,boss,,3,60,3,0,0,0,0,0,0,0,0,43,43,1.0499999999999994,,0
nearestEnemy > sequence > snipe,boss,,5,60,3,69.6,69.6,69.6,1,0,0,0,0,22,44,2.0499999999999994,0.16666666666666666,1
nearestEnemy > snipe > flurry,boss,,6,60,3,94.8,94.8,94.8,1,0,0,0,0,16,47,2.6812500000000004,0.06666666666666667,1
nearestEnemy > snipe > rewind,boss,,6,60,3,60,60,60,1,0,0,0,0,18,36,2.399999999999999,0.06666666666666667,1
nearestEnemy > snipe > pursue,boss,,5,60,3,44.79999999999999,44.8,44.8,0,0,0,0,0,28,28,1.75,0.06666666666666667,0
nearestEnemy > sequence > refresh,boss,,3,180,3,0,0,0,0,0,0,0,0,216,0,0.5,,0
nearestEnemy > refresh > flurry,boss,,4,180,3,0,0,0,0,0,0,0,0,216,0,0.5,,0
nearestEnemy > refresh > rewind,boss,,4,180,3,0,0,0,0,0,0,0,0,159,0,0.5,,0
nearestEnemy > refresh > pursue,boss,,3,180,3,0,0,0,0,0,0,0,0,216,0,0.5,,0
nearestEnemy > sequence > split,boss,,3,180,3,0,0,0,0,0,0,0,0,93,186,1.299999999999998,,0
nearestEnemy > split > flurry,boss,,4,180,3,0,0,0,0,0,0,0,0,64,192,1.9000000000000021,,0
nearestEnemy > split > rewind,boss,,4,180,3,0,0,0,0,0,0,0,0,73,146,1.6500000000000021,,0
nearestEnemy > split > pursue,boss,,3,180,3,0,0,0,0,0,0,0,0,123,123,1.0499999999999983,,0
nearestEnemy > sequence > absorb,boss,,3,60,3,2640,2640,2640,44,0,50,0,0,44,44,1.0499999999999994,0.16666666666666666,44
nearestEnemy > absorb > flurry,boss,,4,60,3,2160,2160,2160,36,0,50,0,0,36,36,1.3999999999999992,0.06666666666666667,36
nearestEnemy > absorb > rewind,boss,,4,60,3,3360,3360,3360,56,0,50,0,0,28,56,1.5499999999999996,0.06666666666666667,56
nearestEnemy > absorb > pursue,boss,,3,60,3,5700,5700,5700,95,0,50,0,0,19,95,1.6499999999999992,0.06666666666666667,95
nearestEnemy > sequence > swap,boss,,3,60,3,0,0,0,0,0,0,0,0,31,62,1.2999999999999996,,0
nearestEnemy > swap > flurry,boss,,4,60,3,0,0,0,0,0,0,0,0,22,66,1.8999999999999992,,0
nearestEnemy > swap > rewind,boss,,4,60,3,0,0,0,0,0,0,0,0,24,48,1.6499999999999992,,0
nearestEnemy > swap > pursue,boss,,3,60,3,0,0,0,0,0,0,0,0,41,41,1.0499999999999996,,0
woundedEnemies > execute > pursue,wounded8,,6,60,3,70,70,70,240,0,0,0,0,5,200,9.899999999999999,0.06666666666666667,246.66666666666666
enemies > snipe > flurry,wounded8,,11,60,3,23.333333333333332,23.333333333333332,23.333333333333332,80,0,0,0,0,10,80,5.95,0.06666666666666667,82
enemies > frost > sequence > root,wounded8,,11,60,3,3.4,3.4,3.4,8,0.23666666666665856,0,0,0,7,152,8.171428571428573,0.06666666666666667,8
ahead > turret > objects > rage,wounded8,,9,60,3,56.44166666666666,55.56666666666667,57.9,193,0,0,0,0,14,74,3.807142857142857,0.2333333333333333,200
ahead > turret > objects > focus,wounded8,,9,60,3,77.77777777777777,76.68333333333334,79.3,264.6666666666667,0,0,0,0,14,74,3.807142857142857,0.2333333333333333,271.6666666666667
ahead > turret > objects > refresh,wounded8,,8,180,3,141.7824074074074,140.61944444444444,143.29444444444445,1456.3333333333333,0,0,0,0,37,455,4.344594594594594,0.2333333333333333,378.3333333333333
ahead > turret > objects > prolong,wounded8,,8,180,3,135.46574074074076,134.8388888888889,136.3138888888889,1390.3333333333333,0,0,0,0,34,402,4.764705882352941,0.2333333333333333,382
gems > split,wounded8,,3,180,3,0,0,0,0,0,0,0,0.057291666666666664,7,760.6666666666666,27.966666666666665,,765.3333333333334
gems > harvest > absorb,wounded8,,5,60,3,0,0,0,0,0,0,0,18,61,12,0.5491803278688525,,6
nearestEnemy > mark > snipe,wounded8,,5,60,3,8.166666666666666,8.166666666666666,8.166666666666666,28,0,0,0,0,28,56,1.75,0.16666666666666666,28
nearestEnemy > sequence > bolt,wounded8,,3,60,3,43.166666666666664,43.166666666666664,43.166666666666664,148,0,0,0,0,37,74,1.2000000000000004,0.4444444444444444,152
nearestEnemy > bolt > flurry,wounded8,,4,60,3,35,35,35,120,0,0,0,0,30,60,1.5499999999999996,0.3444444444444444,123.66666666666667
nearestEnemy > bolt > rewind,wounded8,,4,60,3,22.555555555555554,17.5,32.666666666666664,77.33333333333333,0,0,0,0,29.333333333333332,38.666666666666664,1.4499999999999993,0.3444444444444444,79.66666666666667
nearestEnemy > bolt > pursue,wounded8,,3,60,3,25.666666666666668,25.666666666666668,25.666666666666668,88,0,0,0,0,44,44,1.0499999999999994,0.3444444444444444,91
nearestEnemy > sequence > slash,wounded8,,4,60,3,10.5,10.5,10.5,36,0,0,0,0,36,36,1.3999999999999992,0.16666666666666666,36
nearestEnemy > slash > flurry,wounded8,,5,60,3,8.75,8.75,8.75,30,0,0,0,0,29,29,1.75,0.06666666666666667,30
nearestEnemy > slash > rewind,wounded8,,5,60,3,14,14,14,48,0,0,0,0,24,48,1.8999999999999992,0.06666666666666667,48
nearestEnemy > slash > pursue,wounded8,,4,60,3,25.375,25.375,25.375,87,0,0,0,0,17,85,2,0.06666666666666667,88.33333333333333
nearestEnemy > sequence > explode,wounded8,,4,60,3,9.625,9.625,9.625,33,0,0,0,0,33,33,1.3999999999999992,0.16666666666666666,33
nearestEnemy > explode > flurry,wounded8,,5,60,3,8.166666666666666,8.166666666666666,8.166666666666666,28,0,0,0,0,28,28,1.75,0.06666666666666667,28
nearestEnemy > explode > rewind,wounded8,,5,60,3,12.25,12.25,12.25,42,0,0,0,0,20,40,2.05,0.06666666666666667,42
nearestEnemy > explode > pursue,wounded8,,4,60,3,18.958333333333332,18.958333333333332,18.958333333333332,65,0,0,0,0,12,60,2.6,0.06666666666666667,65.66666666666667
nearestEnemy > sequence > frost,wounded8,,4,60,3,2.7583333333333333,2.7583333333333333,2.7583333333333333,9,0.05145833333333414,0,0,0,28,47,1.5696428571428565,0.16666666666666666,9
nearestEnemy > frost > flurry,wounded8,,5,60,3,3.4483333333333324,3.4483333333333324,3.4483333333333324,11,0.040069444444444685,0,0,0,23,47,2.010869565217391,0.06666666666666667,11.333333333333334
nearestEnemy > frost > rewind,wounded8,,5,60,3,2.6,2.6,2.6,8,0.05312500000000089,0,0,0,22,44,2,0.06666666666666667,8
nearestEnemy > frost > pursue,wounded8,,4,60,3,2.2416666666666667,2.2416666666666667,2.2416666666666667,7,0.06673611111111266,0,0,0,31,38,1.4564516129032252,0.06666666666666667,7
nearestEnemy > sequence > poison,wounded8,,5,60,3,6.416666666666667,6.416666666666667,6.416666666666667,22,0,0,0,0,22,44,2.0499999999999994,0.16666666666666666,23
nearestEnemy > poison > flurry,wounded8,,6,60,3,5.741666666666666,5.741666666666666,5.741666666666666,19,0,0,0,0,19,38,2.399999999999999,0.06666666666666667,21
nearestEnemy > poison > rewind,wounded8,,6,60,3,5.541666666666667,5.541666666666667,5.541666666666667,19,0,0,0,0,18,36,2.399999999999999,0.06666666666666667,20
nearestEnemy > poison > pursue,wounded8,,5,60,3,8.075,8.075,8.075,27,0,0,0,0,28,28,1.75,0.06666666666666667,28.333333333333332
nearestEnemy > sequence > vortex,wounded8,,4,60,3,0,0,0,0,0,0,0,0,25,50,1.7000000000000002,,2
nearestEnemy > vortex > flurry,wounded8,,5,60,3,0,0,0,0,0,0,0,0,18,54,2.3500000000000005,,3
nearestEnemy > vortex > rewind,wounded8,,5,60,3,0,0,0,0,0,0,0,0,20,40,2.05,,2
nearestEnemy > vortex > pursue,wounded8,,4,60,3,0,0,0,0,0,0,0,0,33,33,1.3999999999999992,,1
nearestEnemy > sequence > shockwave,wounded8,,3,60,3,9.041666666666666,9.041666666666666,9.041666666666666,31,0,0,0,0,31,62,1.2999999999999996,0.16666666666666666,31.333333333333332
nearestEnemy > shockwave > flurry,wounded8,,4,60,3,7.783333333333334,7.783333333333333,7.783333333333333,26,0,0,0,0,26,52,1.6499999999999992,0.06666666666666667,26.333333333333332
nearestEnemy > shockwave > rewind,wounded8,,4,60,3,7.291666666666667,7.291666666666667,7.291666666666667,25,0,0,0,0,24,48,1.6499999999999992,0.06666666666666667,25.333333333333332
nearestEnemy > shockwave > pursue,wounded8,,3,60,3,8.366666666666667,8.366666666666667,8.366666666666667,28,0,0,0,0,29,57,1.2913793103448274,0.06666666666666667,28.333333333333332
nearestEnemy > sequence > summon,wounded8,,5,60,3,58.800000000000004,57.65833333333333,59.71666666666667,200,0,0,0,0,27,27.333333333333332,1.6604938271604937,0.36666666666666664,209.33333333333334
nearestEnemy > summon > flurry,wounded8,,6,60,3,55.39166666666667,54.94166666666667,55.90833333333333,189,0,0,0,0,22,26,2.1727272727272733,0.26666666666666666,198
nearestEnemy > summon > rewind,wounded8,,6,60,3,66.28055555555557,65.04166666666667,67.86666666666666,226.33333333333334,0,0,0,0,17.333333333333332,30.333333333333332,2.3779956427015247,0.26666666666666666,237
nearestEnemy > summon > pursue,wounded8,,5,60,3,56.91111111111112,56.875,56.983333333333334,194.66666666666666,0,0,0,0,26,26,1.75,0.26666666666666666,204.33333333333334
nearestEnemy > sequence > heal,wounded8,,5,60,3,0,0,0,0,0,52.5,0,0,22,44,2.0499999999999994,,0
nearestEnemy > heal > flurry,wounded8,,6,60,3,0,0,0,0,0,52.5,0,0,16,48,2.7000000000000006,,0
nearestEnemy > heal > rewind,wounded8,,6,60,3,0,0,0,0,0,52.5,0,0,18,36,2.399999999999999,,0
nearestEnemy > heal > pursue,wounded8,,5,60,3,0,0,0,0,0,52.5,0,0,28,28,1.75,,0
nearestEnemy > sequence > mend,wounded8,,5,60,3,0,0,0,0,0,52.5,0,0,22,44,2.0499999999999994,,0
nearestEnemy > mend > flurry,wounded8,,6,60,3,0,0,0,0,0,52.5,0,0,16,48,2.7000000000000006,,0
nearestEnemy > mend > rewind,wounded8,,6,60,3,0,0,0,0,0,52.5,0,0,18,36,2.399999999999999,,0
nearestEnemy > mend > pursue,wounded8,,5,60,3,0,0,0,0,0,52.5,0,0,28,28,1.75,,0
nearestEnemy > sequence > shield,wounded8,,4,60,3,0,0,0,0,0,0,0,0,25,50,1.7000000000000002,,0
nearestEnemy > shield > flurry,wounded8,,5,60,3,0,0,0,0,0,0,0,0,18,54,2.3500000000000005,,0
nearestEnemy > shield > rewind,wounded8,,5,60,3,0,0,0,0,0,0,0,0,20,40,2.05,,0
nearestEnemy > shield > pursue,wounded8,,4,60,3,0,0,0,0,0,0,0,0,33,33,1.3999999999999992,,0
nearestEnemy > sequence > haste,wounded8,,4,60,3,0,0,0,0,0,0,0,0,28,56,1.6000000000000008,,0
nearestEnemy > haste > flurry,wounded8,,5,60,3,0,0,0,0,0,0,0,0,21,63,2.1499999999999995,,0
nearestEnemy > haste > rewind,wounded8,,5,60,3,0,0,0,0,0,0,0,0,23,46,1.9500000000000004,,0
nearestEnemy > haste > pursue,wounded8,,4,60,3,0,0,0,0,0,0,0,0,35,35,1.3999999999999992,,0
nearestEnemy > sequence > rage,wounded8,,4,60,3,0,0,0,0,0,0,0,0,28,56,1.6000000000000008,,0
nearestEnemy > rage > flurry,wounded8,,5,60,3,0,0,0,0,0,0,0,0,21,63,2.1499999999999995,,0
nearestEnemy > rage > rewind,wounded8,,5,60,3,0,0,0,0,0,0,0,0,23,46,1.9500000000000004,,0
nearestEnemy > rage > pursue,wounded8,,4,60,3,0,0,0,0,0,0,0,0,35,35,1.3999999999999992,,0
nearestEnemy > sequence > scatter,wounded8,,4,60,3,10.208333333333334,10.208333333333334,10.208333333333334,35,0,0,0,0,35,35,1.3999999999999992,0.16666666666666666,35
nearestEnemy > scatter > flurry,wounded8,,5,60,3,8.458333333333334,8.458333333333334,8.458333333333334,29,0,0,0,0,29,29,1.75,0.06666666666666667,29
nearestEnemy > scatter > rewind,wounded8,,5,60,3,13.416666666666666,13.416666666666666,13.416666666666666,46,0,0,0,0,23,46,1.9500000000000004,0.06666666666666667,46
nearestEnemy > scatter > pursue,wounded8,,4,60,3,22.75,22.75,22.75,78,0,0,0,0,15,75,2.1999999999999997,0.06666666666666667,79
nearestEnemy > sequence > lance,wounded8,,4,60,3,8.433333333333334,8.433333333333334,8.433333333333334,28,0,0,0,0,28,56,1.6000000000000008,0.16666666666666666,28.333333333333332
nearestEnemy > lance > flurry,wounded8,,5,60,3,7,7,7,24,0,0,0,0,24,48,1.9500000000000004,0.06666666666666667,24.333333333333332
nearestEnemy > lance > rewind,wounded8,,5,60,3,6.708333333333333,6.708333333333333,6.708333333333333,23,0,0,0,0,23,46,1.9500000000000004,0.06666666666666667,23.333333333333332
nearestEnemy > lance > pursue,wounded8,,4,60,3,7.849999999999999,7.85,7.85,26,0,0,0,0,27,53,1.5925925925925934,0.06666666666666667,26.333333333333332
nearestEnemy > sequence > focus,wounded8,,4,60,3,0,0,0,0,0,0,0,0,28,56,1.6000000000000008,,0
nearestEnemy > focus > flurry,wounded8,,5,60,3,0,0,0,0,0,0,0,0,21,63,2.1499999999999995,,0
nearestEnemy > focus > rewind,wounded8,,5,60,3,0,0,0,0,0,0,0,0,23,46,1.9500000000000004,,0
nearestEnemy > focus > pursue,wounded8,,4,60,3,0,0,0,0,0,0,0,0,35,35,1.3999999999999992,,0
nearestEnemy > sequence > amplify,wounded8,,4,60,3,0,0,0,0,0,0,0,0,28,56,1.6000000000000008,,0
nearestEnemy > amplify > flurry,wounded8,,5,60,3,0,0,0,0,0,0,0,0,21,63,2.1499999999999995,,0
nearestEnemy > amplify > rewind,wounded8,,5,60,3,0,0,0,0,0,0,0,0,23,46,1.9500000000000004,,0
nearestEnemy > amplify > pursue,wounded8,,4,60,3,0,0,0,0,0,0,0,0,35,35,1.3999999999999992,,0
nearestEnemy > sequence > prolong,wounded8,,3,180,3,0,0,0,0,0,0,0,0,208,0,0.5,,0
nearestEnemy > prolong > flurry,wounded8,,4,180,3,0,0,0,0,0,0,0,0,208,0,0.5,,0
nearestEnemy > prolong > rewind,wounded8,,4,180,3,0,0,0,0,0,0,0,0,146,0,0.5,,0
nearestEnemy > prolong > pursue,wounded8,,3,180,3,0,0,0,0,0,0,0,0,208,0,0.5,,0
nearestEnemy > sequence > regen,wounded8,,4,60,3,0,0,0,0,0,52.5,0,0,28,56,1.6000000000000008,,0
nearestEnemy > regen > flurry,wounded8,,5,60,3,0,0,0,0,0,52.5,0,0,21,63,2.1499999999999995,,0
nearestEnemy > regen > rewind,wounded8,,5,60,3,0,0,0,0,0,52.5,0,0,23,46,1.9500000000000004,,0
nearestEnemy > regen > pursue,wounded8,,4,60,3,0,0,0,0,0,52.5,0,0,35,35,1.3999999999999992,,0
nearestEnemy > sequence > armor,wounded8,,4,60,3,0,0,0,0,0,0,0,0,28,56,1.6000000000000008,,0
nearestEnemy > armor > flurry,wounded8,,5,60,3,0,0,0,0,0,0,0,0,21,63,2.1499999999999995,,0
nearestEnemy > armor > rewind,wounded8,,5,60,3,0,0,0,0,0,0,0,0,23,46,1.9500000000000004,,0
nearestEnemy > armor > pursue,wounded8,,4,60,3,0,0,0,0,0,0,0,0,35,35,1.3999999999999992,,0
nearestEnemy > sequence > pull,wounded8,,3,60,3,0,0,0,0,0,0,0,0,34,68,1.2499999999999998,,0
nearestEnemy > pull > flurry,wounded8,,4,60,3,0,0,0,0,0,0,0,0,24,72,1.7999999999999996,,0
nearestEnemy > pull > rewind,wounded8,,4,60,3,0,0,0,0,0,0,0,0,26,52,1.6000000000000005,,0
nearestEnemy > pull > pursue,wounded8,,3,60,3,0,0,0,0,0,0,0,0,43,43,1.0499999999999994,,0
gems > sequence > magnet,wounded8,,4,60,3,0,0,0,0,0,0,0,12,69,12,0.5369565217391304,,6
gems > magnet > flurry,wounded8,,5,60,3,0,0,0,0,0,0,0,12,67,18,0.5567164179104477,,6
gems > magnet > rewind,wounded8,,5,60,3,0,0,0,0,0,0,0,12,50,12,0.5579999999999999,,6
gems > magnet > pursue,wounded8,,4,60,3,0,0,0,0,0,0,0,12,70,6,0.5235714285714286,,6
nearestEnemy > sequence > harvest,wounded8,,4,60,3,0,0,0,0,0,0,0,0,28,56,1.6000000000000008,,0
nearestEnemy > harvest > flurry,wounded8,,5,60,3,0,0,0,0,0,0,0,0,21,63,2.1499999999999995,,0
nearestEnemy > harvest > rewind,wounded8,,5,60,3,0,0,0,0,0,0,0,0,23,46,1.9500000000000004,,0
nearestEnemy > harvest > pursue,wounded8,,4,60,3,0,0,0,0,0,0,0,0,35,35,1.3999999999999992,,0
nearestEnemy > sequence > orb,wounded8,,4,60,3,344.84444444444443,193.975,517.2666666666667,1178.6666666666667,0,0,0,0,35,42,1.28,0.36666666666666664,374.3333333333333
nearestEnemy > orb > flurry,wounded8,,5,60,3,258.75555555555553,145.55,388.1333333333333,885.3333333333334,0,0,0,0,33,31,1.4833333333333334,0.26666666666666666,362.3333333333333
nearestEnemy > orb > rewind,wounded8,,5,60,3,365.5555555555555,205.625,548.3333333333334,1253.3333333333333,0,0,0,0,23,46,1.9500000000000004,0.26666666666666666,372
nearestEnemy > orb > pursue,wounded8,,4,60,3,206.8888888888889,116.375,310.3333333333333,709.3333333333334,0,0,0,0,35,35,1.3999999999999992,0.26666666666666666,363.3333333333333
nearestEnemy > sequence > mine,wounded8,,4,60,3,130.66666666666666,130.66666666666666,130.66666666666666,448,0,0,0,0,28,56,1.6000000000000008,0.6666666666666666,356
nearestEnemy > mine > flurry,wounded8,,5,60,3,147,147,147,504,0,0,0,0,21,63,2.1499999999999995,0.5666666666666667,355.3333333333333
nearestEnemy > mine > rewind,wounded8,,5,60,3,107.33333333333333,107.33333333333333,107.33333333333333,368,0,0,0,0,23,46,1.9500000000000004,0.5666666666666667,353
nearestEnemy > mine > pursue,wounded8,,4,60,3,81.66666666666667,81.66666666666667,81.66666666666667,280,0,0,0,0,35,35,1.3999999999999992,0.5666666666666667,284.6666666666667
nearestEnemy > sequence > turret,wounded8,,5,60,3,96.06111111111112,83.13333333333334,102.525,328.6666666666667,0,0,0,0,22,39,2.027083333333334,0.36666666666666664,340.3333333333333
nearestEnemy > turret > flurry,wounded8,,6,60,3,108.45555555555556,98.15,113.60833333333333,371.3333333333333,0,0,0,0,16,43,2.7027777777777775,0.26666666666666666,361
nearestEnemy > turret > rewind,wounded8,,6,60,3,87.35833333333333,87.35833333333333,87.35833333333333,299,0,0,0,0,18,36,2.4500000000000006,0.26666666666666666,314
nearestEnemy > turret > pursue,wounded8,,5,60,3,66.5,66.5,66.5,228,0,0,0,0,27,27,1.75,0.26666666666666666,240
nearestEnemy > sequence > decoy,wounded8,,5,60,3,0,0,0,0,0,0,0,0,22,44,2.0499999999999994,,6
nearestEnemy > decoy > flurry,wounded8,,6,60,3,0,0,0,0,0,0,0,0,16,48,2.7000000000000006,,6
nearestEnemy > decoy > rewind,wounded8,,6,60,3,0,0,0,0,0,0,0,0,18,36,2.399999999999999,,4
nearestEnemy > decoy > pursue,wounded8,,5,60,3,0,0,0,0,0,0,0,0,28,28,1.75,,3
nearestEnemy > sequence > detonate,wounded8,,3,60,3,100.33333333333333,100.33333333333333,100.33333333333333,344,0,0,0,0,43,43,1.0499999999999994,0.16666666666666666,350
nearestEnemy > detonate > flurry,wounded8,,4,60,3,81.66666666666667,81.66666666666667,81.66666666666667,280,0,0,0,0,35,35,1.3999999999999992,0.06666666666666667,287
nearestEnemy > detonate > rewind,wounded8,,4,60,3,123.66666666666667,123.66666666666667,123.66666666666667,424,0,0,0,0,26,52,1.6000000000000005,0.06666666666666667,353.3333333333333
nearestEnemy > detonate > pursue,wounded8,,3,60,3,198.33333333333334,198.33333333333334,198.33333333333334,680,0,0,0,0,17,85,1.8500000000000005,0.06666666666666667,360
nearestEnemy > sequence > launch,wounded8,,3,60,3,98.3888888888889,89.83333333333333,102.66666666666667,337.3333333333333,0,0,0,0,44,44,1.0499999999999994,0.16666666666666666,340
nearestEnemy > launch > flurry,wounded8,,4,60,3,80.5,73.5,84,276,0,0,0,0,36,36,1.3999999999999992,0.06666666666666667,282
nearestEnemy > launch > rewind,wounded8,,4,60,3,125.22222222222221,114.33333333333333,130.66666666666666,429.3333333333333,0,0,0,0,28,56,1.5499999999999996,0.06666666666666667,354.6666666666667
nearestEnemy > launch > pursue,wounded8,,3,60,3,212.43055555555554,193.95833333333334,221.66666666666666,728.3333333333334,0,0,0,0,19,95,1.6499999999999992,0.06666666666666667,362.3333333333333
nearestEnemy > sequence > boomerang,wounded8,,4,60,3,8.433333333333334,8.433333333333334,8.433333333333334,28,0,0,0,0,28,56,1.6000000000000008,0.16666666666666666,28.333333333333332
nearestEnemy > boomerang > flurry,wounded8,,5,60,3,7,7,7,24,0,0,0,0,24,48,1.9500000000000004,0.06666666666666667,24.333333333333332
nearestEnemy > boomerang > rewind,wounded8,,5,60,3,6.708333333333333,6.708333333333333,6.708333333333333,23,0,0,0,0,23,46,1.9500000000000004,0.06666666666666667,23.333333333333332
nearestEnemy > boomerang > pursue,wounded8,,4,60,3,7.849999999999999,7.85,7.85,26,0,0,0,0,27,53,1.5925925925925934,0.06666666666666667,26.333333333333332
nearestEnemy > sequence > homing,wounded8,,4,60,3,10.208333333333334,10.208333333333334,10.208333333333334,35,0,0,0,0,35,35,1.3999999999999992,0.16666666666666666,35
nearestEnemy > homing > flurry,wounded8,,5,60,3,8.458333333333334,8.458333333333334,8.458333333333334,29,0,0,0,0,29,29,1.75,0.06666666666666667,29
nearestEnemy > homing > rewind,wounded8,,5,60,3,13.416666666666666,13.416666666666666,13.416666666666666,46,0,0,0,0,23,46,1.9500000000000004,0.06666666666666667,46
nearestEnemy > homing > pursue,wounded8,,4,60,3,22.75,22.75,22.75,78,0,0,0,0,15,75,2.1999999999999997,0.06666666666666667,79
nearestEnemy > sequence > laser,wounded8,,4,60,3,7.291666666666667,7.291666666666667,7.291666666666667,25,0,0,0,0,25,50,1.7000000000000002,0.16666666666666666,25.333333333333332
nearestEnemy > laser > flurry,wounded8,,5,60,3,6.416666666666667,6.416666666666667,6.416666666666667,22,0,0,0,0,22,44,2.0499999999999994,0.06666666666666667,22.333333333333332
nearestEnemy > laser > rewind,wounded8,,5,60,3,6.125,6.125,6.125,21,0,0,0,0,20,40,2.05,0.06666666666666667,21.333333333333332
nearestEnemy > laser > pursue,wounded8,,4,60,3,6.974999999999999,6.975,6.975,23,0,0,0,0,24,47,1.6875,0.06666666666666667,23.333333333333332
nearestEnemy > sequence > chain,wounded8,,4,60,3,58.333333333333336,58.333333333333336,58.333333333333336,200,0,0,0,0,25,50,1.7000000000000002,0.16666666666666666,204
nearestEnemy > chain > flurry,wounded8,,5,60,3,51.333333333333336,51.333333333333336,51.333333333333336,176,0,0,0,0,22,44,2.0499999999999994,0.06666666666666667,179
nearestEnemy > chain > rewind,wounded8,,5,60,3,49,49,49,168,0,0,0,0,20,40,2.05,0.06666666666666667,171
nearestEnemy > chain > pursue,wounded8,,4,60,3,55.26666666666667,55.266666666666666,55.266666666666666,184,0,0,0,0,24,47,1.6875,0.06666666666666667,187
nearestEnemy > sequence > meteor,wounded8,,4,60,3,7.291666666666667,7.291666666666667,7.291666666666667,25,0,0,0,0,25,50,1.7000000000000002,0.9666666666666665,26.666666666666668
nearestEnemy > meteor > flurry,wounded8,,5,60,3,5.25,5.25,5.25,18,0,0,0,0,18,54,2.3500000000000005,0.8666666666666666,20.333333333333332
nearestEnemy > meteor > rewind,wounded8,,5,60,3,5.833333333333333,5.833333333333333,5.833333333333333,20,0,0,0,0,20,40,2.05,0.8666666666666666,22.666666666666668
nearestEnemy > meteor > pursue,wounded8,,4,60,3,9.625,9.625,9.625,33,0,0,0,0,33,33,1.3999999999999992,0.8666666666666666,33.666666666666664
nearestEnemy > sequence > blades,wounded8,,5,60,3,6.416666666666667,6.416666666666667,6.416666666666667,22,0,0,0,0,22,44,2.0499999999999994,0.16666666666666666,24
nearestEnemy > blades > flurry,wounded8,,6,60,3,5.833333333333333,5.833333333333333,5.833333333333333,20,0,0,0,0,19,38,2.399999999999999,0.06666666666666667,21
nearestEnemy > blades > rewind,wounded8,,6,60,3,5.833333333333333,5.833333333333333,5.833333333333333,20,0,0,0,0,20,20,2.1000000000000005,0.06666666666666667,21.333333333333332
nearestEnemy > blades > pursue,wounded8,,5,60,3,8.166666666666666,8.166666666666666,8.166666666666666,28,0,0,0,0,28,28,1.75,0.06666666666666667,29.333333333333332
nearestEnemy > sequence > root,wounded8,,4,60,3,0,0,0,0,0.11687499999999869,0,0,0,28,56,1.6000000000000008,,0
nearestEnemy > root > flurry,wounded8,,5,60,3,0,0,0,0,0.09986111111111078,0,0,0,21,63,2.1499999999999995,,0
nearestEnemy > root > rewind,wounded8,,5,60,3,0,0,0,0,0.10194444444444399,0,0,0,23,46,1.9500000000000004,,0
nearestEnemy > root > pursue,wounded8,,4,60,3,0,0,0,0,0.12486111111110935,0,0,0,35,35,1.3999999999999992,,0
nearestEnemy > sequence > mark,wounded8,,3,60,3,0,0,0,0,0,0,0,0,40,80,1.149999999999999,,0
nearestEnemy > mark > flurry,wounded8,,4,60,3,0,0,0,0,0,0,0,0,30,90,1.6000000000000008,,0
nearestEnemy > mark > rewind,wounded8,,4,60,3,0,0,0,0,0,0,0,0,30,60,1.5,,0
nearestEnemy > mark > pursue,wounded8,,3,60,3,0,0,0,0,0,0,0,0,46,46,1.0499999999999994,,0
nearestEnemy > sequence > burn,wounded8,,4,60,3,8.216666666666667,8.216666666666667,8.216666666666667,28,0,0,0,0,28,56,1.6000000000000008,0.19999999999999998,28.666666666666668
nearestEnemy > burn > flurry,wounded8,,5,60,3,6.125,6.125,6.125,21,0,0,0,0,21,63,2.1499999999999995,0.10000000000000002,21.333333333333332
nearestEnemy > burn > rewind,wounded8,,5,60,3,6.708333333333333,6.708333333333333,6.708333333333333,23,0,0,0,0,23,46,1.9500000000000004,0.10000000000000002,23.333333333333332
nearestEnemy > burn > pursue,wounded8,,4,60,3,10.208333333333334,10.208333333333334,10.208333333333334,35,0,0,0,0,35,35,1.3999999999999992,0.10000000000000002,35.666666666666664
nearestEnemy > sequence > fear,wounded8,,4,60,3,0,0,0,0,0.07324074074074192,0,0,0,46,32,0.882608695652174,,0
nearestEnemy > fear > flurry,wounded8,,5,60,3,0,0,0,0,0.08333333333333394,0,0,0,32,48,1.3249999999999997,,0
nearestEnemy > fear > rewind,wounded8,,5,60,3,0,0,0,0,0.06666666666666822,0,0,0,39,16,0.7974358974358974,,0
nearestEnemy > fear > pursue,wounded8,,4,60,3,0,0,0,0,0.06611111111111265,0,0,0,53,16,0.771698113207547,,0
nearestEnemy > sequence > execute,wounded8,,4,60,3,10.208333333333334,10.208333333333334,10.208333333333334,35,0,0,0,0,35,35,1.3999999999999992,0.16666666666666666,35.333333333333336
nearestEnemy > execute > flurry,wounded8,,5,60,3,8.458333333333334,8.458333333333334,8.458333333333334,29,0,0,0,0,29,29,1.75,0.06666666666666667,29.333333333333332
nearestEnemy > execute > rewind,wounded8,,5,60,3,13.416666666666666,13.416666666666666,13.416666666666666,46,0,0,0,0,23,46,1.9500000000000004,0.06666666666666667,46.333333333333336
nearestEnemy > execute > pursue,wounded8,,4,60,3,22.75,22.75,22.75,78,0,0,0,0,15,75,2.1999999999999997,0.06666666666666667,79.33333333333333
nearestEnemy > sequence > drain,wounded8,,4,60,3,10.208333333333334,10.208333333333334,10.208333333333334,35,0,50,0,0,35,35,1.3999999999999992,0.16666666666666666,35
nearestEnemy > drain > flurry,wounded8,,5,60,3,8.458333333333334,8.458333333333334,8.458333333333334,29,0,50,0,0,29,29,1.75,0.06666666666666667,29
nearestEnemy > drain > rewind,wounded8,,5,60,3,13.416666666666666,13.416666666666666,13.416666666666666,46,0,50,0,0,23,46,1.9500000000000004,0.06666666666666667,46
nearestEnemy > drain > pursue,wounded8,,4,60,3,22.75,22.75,22.75,78,0,50,0,0,15,75,2.1999999999999997,0.06666666666666667,79
nearestEnemy > sequence > blink,wounded8,,4,60,3,0,0,0,0,0,0,0,0,41,32,0.9487804878048779,,0
nearestEnemy > blink > flurry,wounded8,,5,60,3,0,0,0,0,0,0,0,0,45,24,0.8111111111111112,,0
nearestEnemy > blink > rewind,wounded8,,5,60,3,0,0,0,0,0,0,0,0,32,24,1.0625,,0
nearestEnemy > blink > pursue,wounded8,,4,60,3,0,0,0,0,0,0,0,0,42,24,1.014285714285714,,0
nearestEnemy > sequence > dash,wounded8,,4,60,3,0,0,0,0,0,0,0,0,41,32,0.9487804878048779,,0
nearestEnemy > dash > flurry,wounded8,,5,60,3,0,0,0,0,0,0,0,0,45,24,0.8111111111111112,,0
nearestEnemy > dash > rewind,wounded8,,5,60,3,0,0,0,0,0,0,0,0,32,24,1.0625,,0
nearestEnemy > dash > pursue,wounded8,,4,60,3,0,0,0,0,0,0,0,0,42,24,1.014285714285714,,0
nearestEnemy > sequence > archer,wounded8,,5,60,3,77.93055555555556,73.95833333333333,79.91666666666667,267,0,0,0,0,20.666666666666668,38.333333333333336,2.069696969696969,0.36666666666666664,277.6666666666667
nearestEnemy > archer > flurry,wounded8,,6,60,3,79.79166666666667,73.70833333333333,82.83333333333333,273,0,0,0,0,15,39.666666666666664,2.7745098039215677,0.26666666666666666,285
nearestEnemy > archer > rewind,wounded8,,6,60,3,72.79166666666667,71.625,73.375,249,0,0,0,0,17,33.666666666666664,2.4921568627450976,0.26666666666666666,259.6666666666667
nearestEnemy > archer > pursue,wounded8,,5,60,3,56.875,56.875,56.875,195,0,0,0,0,26,26,1.75,0.26666666666666666,204.33333333333334
nearestEnemy > sequence > sacrifice,wounded8,,3,60,3,100.33333333333333,100.33333333333333,100.33333333333333,344,0,0,0,0,43,43,1.0499999999999994,0.16666666666666666,350
nearestEnemy > sacrifice > flurry,wounded8,,4,60,3,81.66666666666667,81.66666666666667,81.66666666666667,280,0,0,0,0,35,35,1.3999999999999992,0.06666666666666667,287
nearestEnemy > sacrifice > rewind,wounded8,,4,60,3,123.66666666666667,123.66666666666667,123.66666666666667,424,0,0,0,0,26,52,1.6000000000000005,0.06666666666666667,353.3333333333333
nearestEnemy > sacrifice > pursue,wounded8,,3,60,3,198.33333333333334,198.33333333333334,198.33333333333334,680,0,0,0,0,17,85,1.8500000000000005,0.06666666666666667,360
nearestEnemy > sequence > rally,wounded8,,4,60,3,0,0,0,0,0,0,0,0,28,56,1.6000000000000008,,0
nearestEnemy > rally > flurry,wounded8,,5,60,3,0,0,0,0,0,0,0,0,21,63,2.1499999999999995,,0
nearestEnemy > rally > rewind,wounded8,,5,60,3,0,0,0,0,0,0,0,0,23,46,1.9500000000000004,,0
nearestEnemy > rally > pursue,wounded8,,4,60,3,0,0,0,0,0,0,0,0,35,35,1.3999999999999992,,0
nearestEnemy > sequence > ward,wounded8,,6,60,3,0,0,0,0,0,0,0,0,38,16,0.9210526315789473,,2
nearestEnemy > ward > flurry,wounded8,,7,60,3,0,0,0,0,0,0,0,0,30,24,1.2333333333333334,,3
nearestEnemy > ward > rewind,wounded8,,7,60,3,0,0,0,0,0,0,0,0,31,8,0.8032258064516129,,2
nearestEnemy > ward > pursue,wounded8,,6,60,3,0,0,0,0,0,0,0,0,44,8,0.7909090909090909,,2
nearestEnemy > sequence > spread,wounded8,,3,60,3,0,0,0,0,0,0,0,0,34,68,1.2499999999999998,,0
nearestEnemy > spread > flurry,wounded8,,4,60,3,0,0,0,0,0,0,0,0,24,72,1.7999999999999996,,0
nearestEnemy > spread > rewind,wounded8,,4,60,3,0,0,0,0,0,0,0,0,26,52,1.6000000000000005,,0
nearestEnemy > spread > pursue,wounded8,,3,60,3,0,0,0,0,0,0,0,0,43,43,1.0499999999999994,,0
nearestEnemy > sequence > snipe,wounded8,,5,60,3,8.166666666666666,8.166666666666666,8.166666666666666,28,0,0,0,0,28,28,1.75,0.16666666666666666,28
nearestEnemy > snipe > flurry,wounded8,,6,60,3,7,7,7,24,0,0,0,0,24,24,2.100000000000001,0.06666666666666667,24
nearestEnemy > snipe > rewind,wounded8,,6,60,3,11.083333333333334,11.083333333333334,11.083333333333334,38,0,0,0,0,18,36,2.399999999999999,0.06666666666666667,38
nearestEnemy > snipe > pursue,wounded8,,5,60,3,17.5,17.5,17.5,60,0,0,0,0,12,60,2.9499999999999997,0.06666666666666667,60.666666666666664
nearestEnemy > sequence > refresh,wounded8,,3,180,3,0,0,0,0,0,0,0,0,216,0,0.5,,0
nearestEnemy > refresh > flurry,wounded8,,4,180,3,0,0,0,0,0,0,0,0,216,0,0.5,,0
nearestEnemy > refresh > rewind,wounded8,,4,180,3,0,0,0,0,0,0,0,0,159,0,0.5,,0
nearestEnemy > refresh > pursue,wounded8,,3,180,3,0,0,0,0,0,0,0,0,216,0,0.5,,0
nearestEnemy > sequence > split,wounded8,,3,180,3,0,0,0,0,0,0,0,0,93,186,1.299999999999998,,0
nearestEnemy > split > flurry,wounded8,,4,180,3,0,0,0,0,0,0,0,0,64,192,1.9000000000000021,,0
nearestEnemy > split > rewind,wounded8,,4,180,3,0,0,0,0,0,0,0,0,73,146,1.6500000000000021,,0
nearestEnemy > split > pursue,wounded8,,3,180,3,0,0,0,0,0,0,0,0,123,123,1.0499999999999983,,0
nearestEnemy > sequence > absorb,wounded8,,3,60,3,12.833333333333334,12.833333333333334,12.833333333333334,44,0,50,0,0,44,44,1.0499999999999994,0.16666666666666666,44.333333333333336
nearestEnemy > absorb > flurry,wounded8,,4,60,3,10.5,10.5,10.5,36,0,50,0,0,36,36,1.3999999999999992,0.06666666666666667,36.333333333333336
nearestEnemy > absorb > rewind,wounded8,,4,60,3,16.333333333333332,16.333333333333332,16.333333333333332,56,0,50,0,0,28,56,1.5499999999999996,0.06666666666666667,56.666666666666664
nearestEnemy > absorb > pursue,wounded8,,3,60,3,27.708333333333332,27.708333333333332,27.708333333333332,95,0,50,0,0,19,95,1.6499999999999992,0.06666666666666667,96.66666666666667
nearestEnemy > sequence > swap,wounded8,,3,60,3,0,0,0,0,0,0,0,0,31,62,1.2999999999999996,,0
nearestEnemy > swap > flurry,wounded8,,4,60,3,0,0,0,0,0,0,0,0,22,66,1.8999999999999992,,0
nearestEnemy > swap > rewind,wounded8,,4,60,3,0,0,0,0,0,0,0,0,24,48,1.6499999999999992,,0
nearestEnemy > swap > pursue,wounded8,,3,60,3,0,0,0,0,0,0,0,0,41,41,1.0499999999999996,,0
nearestEnemy > scatter,single,control,3,60,30,27.833333333333346,27.833333333333332,27.833333333333332,23,0,0,0,0,46,46,1.0499999999999998,0.06666666666666667,23.6
nearestEnemy > scatter,single,candidate,3,60,30,15,15,15,12,0,0,0,0,25,25,2.149999999999999,0.06666666666666667,12.233333333333333
enemies > scatter,single,control,8,60,30,11.666666666666668,11.666666666666666,11.666666666666666,10,0,0,0,0,20,20,2.7999999999999976,0.06666666666666667,10.166666666666666
enemies > scatter,single,candidate,8,60,30,9.166666666666664,9.166666666666666,9.166666666666666,7,0,0,0,0,15,15,3.9000000000000017,0.06666666666666667,7.133333333333334
nearestEnemy > homing,single,control,3,60,30,27.833333333333346,27.833333333333332,27.833333333333332,23,0,0,0,0,46,46,1.0499999999999998,0.06666666666666667,23.6
nearestEnemy > homing,single,candidate,3,60,30,15,15,15,12,0,0,0,0,25,25,2.149999999999999,0.06666666666666667,12.233333333333333
enemies > homing,single,control,8,60,30,11.666666666666668,11.666666666666666,11.666666666666666,10,0,0,0,0,20,20,2.7999999999999976,0.06666666666666667,10.166666666666666
enemies > homing,single,candidate,8,60,30,9.166666666666664,9.166666666666666,9.166666666666666,7,0,0,0,0,15,15,3.9000000000000017,0.06666666666666667,7.133333333333334
nearestEnemy > drain,single,control,3,60,30,27.833333333333346,27.833333333333332,27.833333333333332,23,0,50,0,0,46,46,1.0499999999999998,0.06666666666666667,23.6
nearestEnemy > drain,single,candidate,3,60,30,12.83333333333333,12.833333333333334,12.833333333333334,11,0,50,0,0,22,22,2.5499999999999976,0.06666666666666667,11.2
enemies > drain,single,control,8,60,30,11.666666666666668,11.666666666666666,11.666666666666666,10,0,50,0,0,20,20,2.7999999999999976,0.06666666666666667,10.166666666666666
enemies > drain,single,candidate,8,60,30,8.166666666666663,8.166666666666666,8.166666666666666,7,0,50,0,0,14,14,4.299999999999998,0.06666666666666667,7.133333333333334
nearestEnemy > snipe,single,control,4,60,30,40.833333333333336,40.833333333333336,40.833333333333336,35,0,0,0,0,35,35,1.3999999999999988,0.06666666666666667,35.53333333333333
nearestEnemy > snipe,single,candidate,4,60,30,18.66666666666667,18.666666666666668,18.666666666666668,16,0,0,0,0,16,16,3.4500000000000024,0.06666666666666667,16.166666666666668
enemies > snipe,single,control,9,60,30,21,21,21,18,0,0,0,0,18,18,3.150000000000001,0.06666666666666667,18.2
enemies > snipe,single,candidate,9,60,30,12.83333333333333,12.833333333333334,12.833333333333334,11,0,0,0,0,11,11,5.199999999999999,0.06666666666666667,11.1
nearestEnemy > execute,single,control,3,60,30,27.666666666666654,27.666666666666668,27.666666666666668,23,0,0,0,0,46,46,1.0499999999999998,0.06666666666666667,23.266666666666666
nearestEnemy > execute,single,candidate,3,60,30,14.833333333333327,14.833333333333334,14.833333333333334,12,0,0,0,0,25,25,2.149999999999999,0.06666666666666667,12.1
enemies > execute,single,control,8,60,30,11.666666666666668,11.666666666666666,11.666666666666666,10,0,0,0,0,20,20,2.7999999999999976,0.06666666666666667,10.066666666666666
enemies > execute,single,candidate,8,60,30,9,9,9,7,0,0,0,0,15,15,3.9000000000000017,0.06666666666666667,7.033333333333333
nearestEnemy > frost,single,control,3,60,30,2.8666666666666654,2.8666666666666667,2.8666666666666667,2,0.723333333333335,0,0,0,44,44,1.0499999999999998,0.06666666666666667,2.066666666666667
nearestEnemy > frost,single,candidate,3,60,30,3.466666666666668,3.466666666666667,3.466666666666667,2,0.8777777777777704,0,0,0,53,53,0.8999999999999988,0.06666666666666667,2.066666666666667
enemies > frost,single,control,8,60,30,1.2999999999999998,1.3,1.3,1,0.32722222222222436,0,0,0,20,20,2.7999999999999976,0.06666666666666667,1.0333333333333334
enemies > frost,single,candidate,8,60,30,1.366666666666667,1.3666666666666667,1.3666666666666667,1,0.34444444444444744,0,0,0,21,21,2.65,0.06666666666666667,1.0333333333333334
nearestEnemy > root,single,control,3,60,30,0,0,0,0,0.9988888888888746,0,0,0,46,46,1.0499999999999998,,0
nearestEnemy > root,single,candidate,3,60,30,0,0,0,0,0.7050000000000022,0,0,0,24,24,2.3500000000000005,,0
enemies > root,single,control,8,60,30,0,0,0,0,0.6000000000000086,0,0,0,20,20,2.7999999999999976,,0
enemies > root,single,candidate,8,60,30,0,0,0,0,0.420000000000007,0,0,0,14,14,4.099999999999998,,0
nearestEnemy > fear,single,control,3,60,30,0,0,0,0,0.07666666666666662,0,0,0,76,3,0.5217105263157896,,0
nearestEnemy > fear,single,candidate,3,60,30,0,0,0,0,0.07666666666666662,0,0,0,76,3,0.5217105263157896,,0
enemies > fear,single,control,8,60,30,0,0,0,0,0.06666666666666664,0,0,0,73,2,0.5630136986301367,,0
enemies > fear,single,candidate,8,60,30,0,0,0,0,0.06666666666666664,0,0,0,73,2,0.5630136986301367,,0
nearestEnemy > mark,single,control,2,60,30,0,0,0,0,0,0,0,0,70,70,0.7000000000000006,,0
nearestEnemy > mark,single,candidate,2,60,30,0,0,0,0,0,0,0,0,70,70,0.7000000000000006,,0
enemies > mark,single,control,7,60,30,0,0,0,0,0,0,0,0,24,24,2.4500000000000024,,0
enemies > mark,single,candidate,7,60,30,0,0,0,0,0,0,0,0,24,24,2.4500000000000024,,0
objects > prolong,single,control,4,60,30,8.507777777777779,0,13.433333333333334,6.966666666666667,0,0,0,0,37,37,1.3999999999999988,0.23333333333333334,8.133333333333333
objects > prolong,single,candidate,4,60,30,8.507777777777779,0,13.433333333333334,6.966666666666667,0,0,0,0,27,27,2.0499999999999976,0.23333333333333334,8.133333333333333
objects > refresh,single,control,4,60,30,8.507777777777779,0,13.433333333333334,6.966666666666667,0,0,0,0,38,38,1.3999999999999988,0.23333333333333334,8.133333333333333
objects > refresh,single,candidate,4,60,30,8.507777777777779,0,13.433333333333334,6.966666666666667,0,0,0,0,27,27,2.0499999999999976,0.23333333333333334,8.133333333333333
nearestEnemy > orb,single,control,3,60,30,75.26666666666668,75.26666666666667,75.26666666666667,64,0,0,0,0,46,46,1.0499999999999998,0.26666666666666666,71.96666666666667
nearestEnemy > orb,single,candidate,3,60,30,50,50,50,42,0,0,0,0,30,30,1.75,0.26666666666666666,46.63333333333333
enemies > orb,single,control,8,60,30,32.86666666666667,32.86666666666667,32.86666666666667,28,0,0,0,0,20,20,2.7999999999999976,0.26666666666666666,31.733333333333334
enemies > orb,single,candidate,8,60,30,26.933333333333316,26.933333333333334,26.933333333333334,23,0,0,0,0,16,16,3.4999999999999996,0.26666666666666666,25.533333333333335
nearestEnemy > mine,single,control,3,60,30,26.83333333333334,26.833333333333332,26.833333333333332,23,0,0,0,0,46,46,1.0499999999999998,0.5666666666666665,24.3
nearestEnemy > mine,single,candidate,3,60,30,17.5,17.5,17.5,15,0,0,0,0,30,30,1.75,0.5666666666666665,15.233333333333333
enemies > mine,single,control,8,60,30,11.666666666666668,11.666666666666666,11.666666666666666,10,0,0,0,0,20,20,2.7999999999999976,0.5666666666666665,10.166666666666666
enemies > mine,single,candidate,8,60,30,9.333333333333336,9.333333333333334,9.333333333333334,8,0,0,0,0,16,16,3.4999999999999996,0.5666666666666665,8.133333333333333
nearestEnemy > scatter,dense8,control,3,60,30,27.833333333333346,27.833333333333332,27.833333333333332,23,0,0,0,0,46,46,1.0499999999999998,0.06666666666666667,23.4
nearestEnemy > scatter,dense8,candidate,3,60,30,15,15,15,12,0,0,0,0,25,25,2.149999999999999,0.06666666666666667,12.266666666666667
enemies > scatter,dense8,control,8,60,30,65.3333333333333,65.33333333333333,65.33333333333333,56,0,0,0,0,14,112,4.200000000000002,0.06666666666666667,56.93333333333333
enemies > scatter,dense8,candidate,8,60,30,54.66666666666669,54.666666666666664,54.666666666666664,40,0,0,0,0,11,88,5.3,0.06666666666666667,40.7
nearestEnemy > homing,dense8,control,3,60,30,27.833333333333346,27.833333333333332,27.833333333333332,23,0,0,0,0,46,46,1.0499999999999998,0.06666666666666667,23.4
nearestEnemy > homing,dense8,candidate,3,60,30,15,15,15,12,0,0,0,0,25,25,2.149999999999999,0.06666666666666667,12.266666666666667
enemies > homing,dense8,control,8,60,30,65.3333333333333,65.33333333333333,65.33333333333333,56,0,0,0,0,14,112,4.200000000000002,0.06666666666666667,56.93333333333333
enemies > homing,dense8,candidate,8,60,30,54.66666666666669,54.666666666666664,54.666666666666664,40,0,0,0,0,11,88,5.3,0.06666666666666667,40.7
nearestEnemy > drain,dense8,control,3,60,30,27.833333333333346,27.833333333333332,27.833333333333332,23,0,50,0,0,46,46,1.0499999999999998,0.06666666666666667,23.4
nearestEnemy > drain,dense8,candidate,3,60,30,12.83333333333333,12.833333333333334,12.833333333333334,11,0,50,0,0,22,22,2.5499999999999976,0.06666666666666667,11.233333333333333
enemies > drain,dense8,control,8,60,30,65.3333333333333,65.33333333333333,65.33333333333333,56,0,50,0,0,14,112,4.200000000000002,0.06666666666666667,56.93333333333333
enemies > drain,dense8,candidate,8,60,30,46.66666666666667,46.666666666666664,46.666666666666664,40,0,50,0,0,10,80,6.050000000000002,0.06666666666666667,40.7
nearestEnemy > snipe,dense8,control,4,60,30,40.833333333333336,40.833333333333336,40.833333333333336,35,0,0,0,0,35,35,1.3999999999999988,0.06666666666666667,35.666666666666664
nearestEnemy > snipe,dense8,candidate,4,60,30,18.66666666666667,18.666666666666668,18.666666666666668,16,0,0,0,0,16,16,3.4500000000000024,0.06666666666666667,16.233333333333334
enemies > snipe,dense8,control,9,60,30,102.66666666666664,102.66666666666667,102.66666666666667,88,0,0,0,0,11,88,5.25,0.06666666666666667,89.6
enemies > snipe,dense8,candidate,9,60,30,74.66666666666669,74.66666666666667,74.66666666666667,64,0,0,0,0,8,64,7.300000000000003,0.06666666666666667,65.3
nearestEnemy > execute,dense8,control,3,60,30,27.666666666666654,27.666666666666668,27.666666666666668,23,0,0,0,0,46,46,1.0499999999999998,0.06666666666666667,23.4
nearestEnemy > execute,dense8,candidate,3,60,30,14.833333333333327,14.833333333333334,14.833333333333334,12,0,0,0,0,25,25,2.149999999999999,0.06666666666666667,12.166666666666666
enemies > execute,dense8,control,8,60,30,65.3333333333333,65.33333333333333,65.33333333333333,56,0,0,0,0,14,112,4.200000000000002,0.06666666666666667,57.1
enemies > execute,dense8,candidate,8,60,30,53.33333333333332,53.333333333333336,53.333333333333336,40,0,0,0,0,11,88,5.650000000000003,0.06666666666666667,40.8
nearestEnemy > frost,dense8,control,3,60,30,2.8666666666666654,2.8666666666666667,2.8666666666666667,2,0.09041666666666688,0,0,0,44,44,1.0499999999999998,0.06666666666666667,2.033333333333333
nearestEnemy > frost,dense8,candidate,3,60,30,3.466666666666668,3.466666666666667,3.466666666666667,2,0.1097222222222213,0,0,0,53,53,0.8999999999999988,0.06666666666666667,2.033333333333333
enemies > frost,dense8,control,8,60,30,6.933333333333336,6.933333333333334,6.933333333333334,0,0.22388888888888145,0,0,0,13,104,4.549999999999998,0.06666666666666667,0
enemies > frost,dense8,candidate,8,60,30,8.533333333333333,8.533333333333333,8.533333333333333,0,0.2738888888888786,0,0,0,16,128,3.7000000000000024,0.06666666666666667,0
nearestEnemy > root,dense8,control,3,60,30,0,0,0,0,0.12486111111110933,0,0,0,46,46,1.0499999999999998,,0
nearestEnemy > root,dense8,candidate,3,60,30,0,0,0,0,0.08812500000000027,0,0,0,24,24,2.3500000000000005,,0
enemies > root,dense8,control,8,60,30,0,0,0,0,0.4199999999999816,0,0,0,14,112,4.200000000000002,,0
enemies > root,dense8,candidate,8,60,30,0,0,0,0,0.3299999999999866,0,0,0,11,88,5.5,,0
nearestEnemy > fear,dense8,control,3,60,30,0,0,0,0,0.07208333333333458,0,0,0,66,18,0.65,,0
nearestEnemy > fear,dense8,candidate,3,60,30,0,0,0,0,0.07208333333333458,0,0,0,66,18,0.65,,0
enemies > fear,dense8,control,8,60,30,0,0,0,0,0.06666666666666822,0,0,0,69,16,0.607246376811594,,0
enemies > fear,dense8,candidate,8,60,30,0,0,0,0,0.06666666666666822,0,0,0,69,16,0.607246376811594,,0
nearestEnemy > mark,dense8,control,2,60,30,0,0,0,0,0,0,0,0,70,70,0.7000000000000006,,0
nearestEnemy > mark,dense8,candidate,2,60,30,0,0,0,0,0,0,0,0,70,70,0.7000000000000006,,0
enemies > mark,dense8,control,7,60,30,0,0,0,0,0,0,0,0,19,152,3.150000000000001,,0
enemies > mark,dense8,candidate,7,60,30,0,0,0,0,0,0,0,0,19,152,3.150000000000001,,0
objects > prolong,dense8,control,4,60,30,96.23222222222222,59.483333333333334,125.65,80.53333333333333,0,0,0,0,27,110,2.0148148148148137,0.23333333333333336,86.16666666666667
objects > prolong,dense8,candidate,4,60,30,96.23222222222222,59.483333333333334,125.65,80.53333333333333,0,0,0,0,22,81,2.5863636363636378,0.23333333333333336,85.16666666666667
objects > refresh,dense8,control,4,60,30,96.23222222222222,59.483333333333334,125.65,80.53333333333333,0,0,0,0,29,118,1.8603448275862087,0.23333333333333336,86.16666666666667
objects > refresh,dense8,candidate,4,60,30,96.23222222222222,59.483333333333334,125.65,80.53333333333333,0,0,0,0,21,86,2.669047619047618,0.23333333333333336,86.16666666666667
nearestEnemy > orb,dense8,control,3,60,30,393.8955555555557,150.53333333333333,602.1333333333333,334.93333333333334,0,0,0,0,46,46,1.0499999999999998,0.26666666666666666,311.53333333333336
nearestEnemy > orb,dense8,candidate,3,60,30,261.6666666666667,100,400,219.8,0,0,0,0,30,30,1.75,0.26666666666666666,226.73333333333332
enemies > orb,dense8,control,8,60,30,647.3877777777778,482,1008.7666666666667,550.7666666666667,0,0,0,0,14,112,4.200000000000002,0.26666666666666666,366.3666666666667
enemies > orb,dense8,candidate,8,60,30,489.4677777777778,370.26666666666665,634.6666666666666,418.06666666666666,0,0,0,0,8,64,7.699999999999997,0.26666666666666666,359.3
nearestEnemy > mine,dense8,control,3,60,30,214.6666666666667,214.66666666666666,214.66666666666666,184,0,0,0,0,46,46,1.0499999999999998,0.5666666666666665,188.43333333333334
nearestEnemy > mine,dense8,candidate,3,60,30,140,140,140,120,0,0,0,0,30,30,1.75,0.5666666666666665,122.16666666666667
enemies > mine,dense8,control,8,60,30,522.6666666666664,522.6666666666666,522.6666666666666,448,0,0,0,0,14,112,4.200000000000002,0.5666666666666665,359.9
enemies > mine,dense8,candidate,8,60,30,298.66666666666674,298.6666666666667,298.6666666666667,256,0,0,0,0,8,64,7.699999999999997,0.5666666666666665,260.06666666666666
nearestEnemy > scatter,boss,control,3,60,30,43.866666666666646,43.86666666666667,43.86666666666667,0,0,0,0,0,46,46,1.0499999999999998,0.06666666666666667,0
nearestEnemy > scatter,boss,candidate,3,60,30,23.333333333333336,23.333333333333332,23.333333333333332,0,0,0,0,0,25,25,2.149999999999999,0.06666666666666667,0
enemies > scatter,boss,control,8,60,30,18.66666666666667,18.666666666666668,18.666666666666668,0,0,0,0,0,20,20,2.7999999999999976,0.06666666666666667,0
enemies > scatter,boss,candidate,8,60,30,14,14,14,0,0,0,0,0,15,15,3.9000000000000017,0.06666666666666667,0
nearestEnemy > homing,boss,control,3,60,30,43.866666666666646,43.86666666666667,43.86666666666667,0,0,0,0,0,46,46,1.0499999999999998,0.06666666666666667,0
nearestEnemy > homing,boss,candidate,3,60,30,23.333333333333336,23.333333333333332,23.333333333333332,0,0,0,0,0,25,25,2.149999999999999,0.06666666666666667,0
enemies > homing,boss,control,8,60,30,18.66666666666667,18.666666666666668,18.666666666666668,0,0,0,0,0,20,20,2.7999999999999976,0.06666666666666667,0
enemies > homing,boss,candidate,8,60,30,14,14,14,0,0,0,0,0,15,15,3.9000000000000017,0.06666666666666667,0
nearestEnemy > drain,boss,control,3,60,30,43.866666666666646,43.86666666666667,43.86666666666667,0,0,50,0,0,46,46,1.0499999999999998,0.06666666666666667,0
nearestEnemy > drain,boss,candidate,3,60,30,20.53333333333334,20.533333333333335,20.533333333333335,0,0,50,0,0,22,22,2.5499999999999976,0.06666666666666667,0
enemies > drain,boss,control,8,60,30,18.66666666666667,18.666666666666668,18.666666666666668,0,0,50,0,0,20,20,2.7999999999999976,0.06666666666666667,0
enemies > drain,boss,candidate,8,60,30,13.066666666666665,13.066666666666666,13.066666666666666,0,0,50,0,0,14,14,4.299999999999998,0.06666666666666667,0
nearestEnemy > snipe,boss,control,4,60,30,56,56,56,0,0,0,0,0,35,35,1.3999999999999988,0.06666666666666667,0
nearestEnemy > snipe,boss,candidate,4,60,30,25.600000000000012,25.6,25.6,0,0,0,0,0,16,16,3.4500000000000024,0.06666666666666667,0
enemies > snipe,boss,control,9,60,30,28.799999999999986,28.8,28.8,0,0,0,0,0,18,18,3.150000000000001,0.06666666666666667,0
enemies > snipe,boss,candidate,9,60,30,17.60000000000001,17.6,17.6,0,0,0,0,0,11,11,5.199999999999999,0.06666666666666667,0
nearestEnemy > execute,boss,control,3,60,30,36.03333333333331,36.03333333333333,36.03333333333333,0,0,0,0,0,46,46,1.0499999999999998,0.06666666666666667,0
nearestEnemy > execute,boss,candidate,3,60,30,19.16666666666667,19.166666666666668,19.166666666666668,0,0,0,0,0,25,25,2.149999999999999,0.06666666666666667,0
enemies > execute,boss,control,8,60,30,15.333333333333327,15.333333333333334,15.333333333333334,0,0,0,0,0,20,20,2.7999999999999976,0.06666666666666667,0
enemies > execute,boss,candidate,8,60,30,11.5,11.5,11.5,0,0,0,0,0,15,15,3.9000000000000017,0.06666666666666667,0
nearestEnemy > frost,boss,control,3,60,30,2.933333333333333,2.933333333333333,2.933333333333333,0,0.31777777777777955,0,0,0,44,44,1.0499999999999998,0.06666666666666667,0
nearestEnemy > frost,boss,candidate,3,60,30,3.533333333333332,3.533333333333333,3.533333333333333,0,0.3827777777777826,0,0,0,53,53,0.8999999999999988,0.06666666666666667,0
enemies > frost,boss,control,8,60,30,1.3333333333333333,1.3333333333333333,1.3333333333333333,0,0.14444444444444401,0,0,0,20,20,2.7999999999999976,0.06666666666666667,0
enemies > frost,boss,candidate,8,60,30,1.3999999999999992,1.4,1.4,0,0.15166666666666637,0,0,0,21,21,2.65,0.06666666666666667,0
nearestEnemy > root,boss,control,3,60,30,0,0,0,0,0.9988888888888746,0,0,0,46,46,1.0499999999999998,,0
nearestEnemy > root,boss,candidate,3,60,30,0,0,0,0,0.7050000000000022,0,0,0,24,24,2.3500000000000005,,0
enemies > root,boss,control,8,60,30,0,0,0,0,0.6000000000000086,0,0,0,20,20,2.7999999999999976,,0
enemies > root,boss,candidate,8,60,30,0,0,0,0,0.420000000000007,0,0,0,14,14,4.099999999999998,,0
nearestEnemy > fear,boss,control,3,60,30,0,0,0,0,0,0,0,0,46,46,1.0499999999999998,,0
nearestEnemy > fear,boss,candidate,3,60,30,0,0,0,0,0,0,0,0,46,46,1.0499999999999998,,0
enemies > fear,boss,control,8,60,30,0,0,0,0,0,0,0,0,20,20,2.7999999999999976,,0
enemies > fear,boss,candidate,8,60,30,0,0,0,0,0,0,0,0,20,20,2.7999999999999976,,0
nearestEnemy > mark,boss,control,2,60,30,0,0,0,0,0,0,0,0,70,70,0.7000000000000006,,0
nearestEnemy > mark,boss,candidate,2,60,30,0,0,0,0,0,0,0,0,70,70,0.7000000000000006,,0
enemies > mark,boss,control,7,60,30,0,0,0,0,0,0,0,0,24,24,2.4500000000000024,,0
enemies > mark,boss,candidate,7,60,30,0,0,0,0,0,0,0,0,24,24,2.4500000000000024,,0
objects > prolong,boss,control,4,60,30,4.599999999999997,4.6,4.6,0,0,0,0,0,37,37,1.3999999999999988,0.23333333333333336,1
objects > prolong,boss,candidate,4,60,30,4.599999999999997,4.6,4.6,0,0,0,0,0,27,27,2.0499999999999976,0.23333333333333336,1
objects > refresh,boss,control,4,60,30,4.599999999999997,4.6,4.6,0,0,0,0,0,38,38,1.3999999999999988,0.23333333333333336,1
objects > refresh,boss,candidate,4,60,30,4.599999999999997,4.6,4.6,0,0,0,0,0,27,27,2.0499999999999976,0.23333333333333336,1
nearestEnemy > orb,boss,control,3,60,30,26.100000000000016,26.1,26.1,0,0,0,0,0,46,46,1.0499999999999998,0.26666666666666666,7
nearestEnemy > orb,boss,candidate,3,60,30,17.13333333333333,17.133333333333333,17.133333333333333,0,0,0,0,0,30,30,1.75,0.26666666666666666,4
enemies > orb,boss,control,8,60,30,11.366666666666672,11.366666666666667,11.366666666666667,0,0,0,0,0,20,20,2.7999999999999976,0.26666666666666666,3
enemies > orb,boss,candidate,8,60,30,9.233333333333327,9.233333333333333,9.233333333333333,0,0,0,0,0,16,16,3.4999999999999996,0.26666666666666666,3
nearestEnemy > mine,boss,control,3,60,30,27.600000000000016,27.6,27.6,0,0,0,0,0,46,46,1.0499999999999998,0.5666666666666665,1
nearestEnemy > mine,boss,candidate,3,60,30,18,18,18,0,0,0,0,0,30,30,1.75,0.5666666666666665,1
enemies > mine,boss,control,8,60,30,12,12,12,0,0,0,0,0,20,20,2.7999999999999976,0.5666666666666665,1
enemies > mine,boss,candidate,8,60,30,9.6,9.6,9.6,0,0,0,0,0,16,16,3.4999999999999996,0.5666666666666665,1